[
    {
        "Email": "&amp;\\xc2\\xa0",
        "Research Interest": "Writing and Research and Public Speaking",
        "Position": "Missing",
        "Name": "Writing and Research"
    },
    {
        "Email": "&amp;\\xc2\\xa0",
        "Research Interest": "Oral &amp; Written Comm I and Oral &amp; Written Comm II",
        "Position": "Missing",
        "Name": "Oral &amp; Written Comm I"
    },
    {
        "Email": "Missing",
        "Research Interest": "Communicating Agriculture",
        "Position": "Communicating Agriculture",
        "Name": "Communicating Agriculture"
    },
    {
        "Email": "Missing",
        "Research Interest": "Applied Statistical Methods",
        "Position": "Applied Statistical Methods",
        "Name": "Applied Statistical Methods"
    },
    {
        "Email": "Missing",
        "Research Interest": "Intro to Applied Statistics",
        "Position": "Intro to Applied Statistics",
        "Name": "Intro to Applied Statistics"
    },
    {
        "Email": "Missing",
        "Research Interest": "Economic Statistics I",
        "Position": "Economic Statistics I",
        "Name": "Economic Statistics I"
    },
    {
        "Email": "Missing",
        "Research Interest": "Intro to Statistics",
        "Position": "Intro to Statistics",
        "Name": "Intro to Statistics"
    },
    {
        "Email": "Missing",
        "Research Interest": "Intro to Social Statistics",
        "Position": "Intro to Social Statistics",
        "Name": "Intro to Social Statistics"
    },
    {
        "Email": "Missing",
        "Research Interest": "Social Work Statistics",
        "Position": "Social Work Statistics",
        "Name": "Social Work Statistics"
    },
    {
        "Email": "Missing",
        "Research Interest": "Statistics",
        "Position": "Statistics",
        "Name": "Statistics"
    },
    {
        "Email": "Missing",
        "Research Interest": "Finite Mathematics",
        "Position": "Finite Mathematics",
        "Name": "Finite Mathematics"
    },
    {
        "Email": "Missing",
        "Research Interest": "Calculus",
        "Position": "Calculus",
        "Name": "Calculus"
    },
    {
        "Email": "Missing",
        "Research Interest": "Calculus I",
        "Position": "Calculus I",
        "Name": "Calculus I"
    },
    {
        "Email": "Missing",
        "Research Interest": "Calculus for Business I",
        "Position": "Calculus for Business I",
        "Name": "Calculus for Business I"
    },
    {
        "Email": "Missing",
        "Research Interest": "Introduction to Meteorology",
        "Position": "Introduction to Meteorology",
        "Name": "Introduction to Meteorology"
    },
    {
        "Email": "Missing",
        "Research Interest": "Severe and Hazardous Weather",
        "Position": "Severe and Hazardous Weather",
        "Name": "Severe and Hazardous Weather"
    },
    {
        "Email": "Missing",
        "Research Interest": "Climate and Global Change",
        "Position": "Climate and Global Change",
        "Name": "Climate and Global Change"
    },
    {
        "Email": "Missing",
        "Research Interest": "Introductory Chemistry",
        "Position": "Introductory Chemistry",
        "Name": "Introductory Chemistry"
    },
    {
        "Email": "&amp;\\xc2\\xa0",
        "Research Interest": "General Chemistry I and General Chemistry Lab I",
        "Position": "Missing",
        "Name": "General Chemistry I"
    },
    {
        "Email": "Missing",
        "Research Interest": "Introduction to Energy Sources",
        "Position": "Introduction to Energy Sources",
        "Name": "Introduction to Energy Sources"
    },
    {
        "Email": "Missing",
        "Research Interest": "The Oceans",
        "Position": "The Oceans",
        "Name": "The Oceans"
    },
    {
        "Email": "Missing",
        "Research Interest": "Natural Disasters",
        "Position": "Natural Disasters",
        "Name": "Natural Disasters"
    },
    {
        "Email": "Missing",
        "Research Interest": "Physical Geology",
        "Position": "Physical Geology",
        "Name": "Physical Geology"
    },
    {
        "Email": "Missing",
        "Research Interest": "College Physics: Mech &amp; Heat",
        "Position": "College Physics: Mech &amp; Heat",
        "Name": "College Physics: Mech &amp; Heat"
    },
    {
        "Email": "Missing",
        "Research Interest": "Companion Animal Biology &amp;Care",
        "Position": "Companion Animal Biology &amp;Care",
        "Name": "Companion Animal Biology &amp;Care"
    },
    {
        "Email": "Missing",
        "Research Interest": "Evolution and Human Disease",
        "Position": "Evolution and Human Disease",
        "Name": "Evolution and Human Disease"
    },
    {
        "Email": "Missing",
        "Research Interest": "Introduction to Crop Sciences",
        "Position": "Introduction to Crop Sciences",
        "Name": "Introduction to Crop Sciences"
    },
    {
        "Email": "Missing",
        "Research Interest": "Environment, Agric, &amp; Society",
        "Position": "Environment, Agric, &amp; Society",
        "Name": "Environment, Agric, &amp; Society"
    },
    {
        "Email": "Missing",
        "Research Interest": "Contemporary Nutrition",
        "Position": "Contemporary Nutrition",
        "Name": "Contemporary Nutrition"
    },
    {
        "Email": "Missing",
        "Research Interest": "Introduction to Plant Biology",
        "Position": "Introduction to Plant Biology",
        "Name": "Introduction to Plant Biology"
    },
    {
        "Email": "Missing",
        "Research Interest": "Environmental Biology",
        "Position": "Environmental Biology",
        "Name": "Environmental Biology"
    },
    {
        "Email": "&amp;\\xc2\\xa0",
        "Research Interest": "Introductory Microbiology and Intro Microbiology Laboratory",
        "Position": "Missing",
        "Name": "Introductory Microbiology"
    },
    {
        "Email": "Missing",
        "Research Interest": "Intro Psych",
        "Position": "Intro Psych",
        "Name": "Intro Psych"
    },
    {
        "Email": "Missing",
        "Research Interest": "Introduction to Applied Microeconomics",
        "Position": "Introduction to Applied Microeconomics",
        "Name": "Introduction to Applied Microeconomics"
    },
    {
        "Email": "Missing",
        "Research Interest": "Microeconomic Principles",
        "Position": "Microeconomic Principles",
        "Name": "Microeconomic Principles"
    },
    {
        "Email": "Missing",
        "Research Interest": "Contemporary Issues in ACES",
        "Position": "Contemporary Issues in ACES",
        "Name": "Contemporary Issues in ACES"
    },
    {
        "Email": "Missing",
        "Research Interest": "Professional Development in ALEC",
        "Position": "Professional Development in ALEC",
        "Name": "Professional Development in ALEC"
    },
    {
        "Email": "Missing",
        "Research Interest": "Public Information Campaigns",
        "Position": "Public Information Campaigns",
        "Name": "Public Information Campaigns"
    },
    {
        "Email": "Missing",
        "Research Interest": "Introduction to Journalism",
        "Position": "Introduction to Journalism",
        "Name": "Introduction to Journalism"
    },
    {
        "Email": "Missing",
        "Research Interest": "Introduction to Advertising",
        "Position": "Introduction to Advertising",
        "Name": "Introduction to Advertising"
    },
    {
        "Email": "Missing",
        "Research Interest": "Advertising Research Methods",
        "Position": "Advertising Research Methods",
        "Name": "Advertising Research Methods"
    },
    {
        "Email": "Missing",
        "Research Interest": "Advertising and Brand Strategy",
        "Position": "Advertising and Brand Strategy",
        "Name": "Advertising and Brand Strategy"
    },
    {
        "Email": "Missing",
        "Research Interest": "Consumer Insight",
        "Position": "Consumer Insight",
        "Name": "Consumer Insight"
    },
    {
        "Email": "Missing",
        "Research Interest": "Content Creation",
        "Position": "Content Creation",
        "Name": "Content Creation"
    },
    {
        "Email": "Missing",
        "Research Interest": "Media Entrepreneurship",
        "Position": "Media Entrepreneurship",
        "Name": "Media Entrepreneurship"
    },
    {
        "Email": "Missing",
        "Research Interest": "Innovation in Advertising",
        "Position": "Innovation in Advertising",
        "Name": "Innovation in Advertising"
    },
    {
        "Email": "Missing",
        "Research Interest": "Audience Analysis",
        "Position": "Audience Analysis",
        "Name": "Audience Analysis"
    },
    {
        "Email": "Missing",
        "Research Interest": "Agricultural and Environmental Photography",
        "Position": "Agricultural and Environmental Photography",
        "Name": "Agricultural and Environmental Photography"
    },
    {
        "Email": "Missing",
        "Research Interest": "Visual Principles for Ag Comm",
        "Position": "Visual Principles for Ag Comm",
        "Name": "Visual Principles for Ag Comm"
    },
    {
        "Email": "Missing",
        "Research Interest": "Ag Sales and Persuasive Communication",
        "Position": "Ag Sales and Persuasive Communication",
        "Name": "Ag Sales and Persuasive Communication"
    },
    {
        "Email": "Missing",
        "Research Interest": "Emerging Media",
        "Position": "Emerging Media",
        "Name": "Emerging Media"
    },
    {
        "Email": "Missing",
        "Research Interest": "Environmental Communications",
        "Position": "Environmental Communications",
        "Name": "Environmental Communications"
    },
    {
        "Email": "Missing",
        "Research Interest": "Undergraduate Seminar  1",
        "Position": "Missing",
        "Name": "Undergraduate Seminar "
    },
    {
        "Email": "Missing",
        "Research Interest": "Comm in Env Social Movements",
        "Position": "Comm in Env Social Movements",
        "Name": "Comm in Env Social Movements"
    },
    {
        "Email": "Missing",
        "Research Interest": "Communications Internship",
        "Position": "Communications Internship",
        "Name": "Communications Internship"
    },
    {
        "Email": "Missing",
        "Research Interest": "Foundations of Leadership",
        "Position": "Foundations of Leadership",
        "Name": "Foundations of Leadership"
    }
]