[
    {
        "Research Interest": "Public Speaking",
        "Name": "Public Speaking",
        "Position": "Missing",
        "Email": "Missing"
    },
    {
        "Research Interest": "Intro to Animal Sciences",
        "Name": "Intro to Animal Sciences",
        "Position": "Missing",
        "Email": "Missing"
    },
    {
        "Research Interest": "Cells, Metabolism and Genetics",
        "Name": "Cells, Metabolism and Genetics",
        "Position": "Missing",
        "Email": "Missing"
    },
    {
        "Research Interest": "Cellular Metabolism in Animals",
        "Name": "Cellular Metabolism in Animals",
        "Position": "Missing",
        "Email": "Missing"
    },
    {
        "Research Interest": "Behavior of Domestic Animals",
        "Name": "Behavior of Domestic Animals",
        "Position": "Missing",
        "Email": "Missing"
    },
    {
        "Research Interest": "Dairy Herd Management",
        "Name": "Dairy Herd Management",
        "Position": "Missing",
        "Email": "Missing"
    },
    {
        "Research Interest": "Beef Production",
        "Name": "Beef Production",
        "Position": "Missing",
        "Email": "Missing"
    },
    {
        "Research Interest": "Sheep Production",
        "Name": "Sheep Production",
        "Position": "Missing",
        "Email": "Missing"
    },
    {
        "Research Interest": "Pork Production",
        "Name": "Pork Production",
        "Position": "Missing",
        "Email": "Missing"
    },
    {
        "Research Interest": "Poultry Science",
        "Name": "Poultry Science",
        "Position": "Missing",
        "Email": "Missing"
    },
    {
        "Research Interest": "Zoo Animal Conservation Sci",
        "Name": "Zoo Animal Conservation Sci",
        "Position": "Missing",
        "Email": "Missing"
    },
    {
        "Research Interest": "Comparative Immunobiology",
        "Name": "Comparative Immunobiology",
        "Position": "Missing",
        "Email": "Missing"
    },
    {
        "Research Interest": "General Physical Meteorology",
        "Name": "General Physical Meteorology",
        "Position": "Missing",
        "Email": "Missing"
    },
    {
        "Research Interest": "Climate Processes",
        "Name": "Climate Processes",
        "Position": "Missing",
        "Email": "Missing"
    },
    {
        "Research Interest": "Elementary Organic Chemistry I and Elementary Organic Chem Lab I   2",
        "Name": "Elementary Organic Chemistry I",
        "Position": "Missing",
        "Email": "Missing"
    },
    {
        "Research Interest": "Inorganic Chemistry",
        "Name": "Inorganic Chemistry",
        "Position": "Missing",
        "Email": "Missing"
    },
    {
        "Research Interest": "Elementary Organic Chem II",
        "Name": "Elementary Organic Chem II",
        "Position": "Missing",
        "Email": "Missing"
    },
    {
        "Research Interest": "Chemistry of the Environment",
        "Name": "Chemistry of the Environment",
        "Position": "Missing",
        "Email": "Missing"
    },
    {
        "Research Interest": "Green Chemistry",
        "Name": "Green Chemistry",
        "Position": "Missing",
        "Email": "Missing"
    },
    {
        "Research Interest": "Introduction to Crop Sciences",
        "Name": "Introduction to Crop Sciences",
        "Position": "Missing",
        "Email": "Missing"
    },
    {
        "Research Interest": "Biotechnology in Agriculture",
        "Name": "Biotechnology in Agriculture",
        "Position": "Missing",
        "Email": "Missing"
    },
    {
        "Research Interest": "Genetic Engineering Lab",
        "Name": "Genetic Engineering Lab",
        "Position": "Missing",
        "Email": "Missing"
    },
    {
        "Research Interest": "Applied Entomology",
        "Name": "Applied Entomology",
        "Position": "Missing",
        "Email": "Missing"
    },
    {
        "Research Interest": "Plant Genetics",
        "Name": "Plant Genetics",
        "Position": "Missing",
        "Email": "Missing"
    },
    {
        "Research Interest": "Forage Crops &amp; Pasture Ecology",
        "Name": "Forage Crops &amp; Pasture Ecology",
        "Position": "Missing",
        "Email": "Missing"
    },
    {
        "Research Interest": "Bioenergy Crops",
        "Name": "Bioenergy Crops",
        "Position": "Missing",
        "Email": "Missing"
    },
    {
        "Research Interest": "Crop Growth and Management",
        "Name": "Crop Growth and Management",
        "Position": "Missing",
        "Email": "Missing"
    },
    {
        "Research Interest": "Plants and Global Change",
        "Name": "Plants and Global Change",
        "Position": "Missing",
        "Email": "Missing"
    },
    {
        "Research Interest": "Principles of Agroecology",
        "Name": "Principles of Agroecology",
        "Position": "Missing",
        "Email": "Missing"
    },
    {
        "Research Interest": "Mgmt of Field Crop Insects",
        "Name": "Mgmt of Field Crop Insects",
        "Position": "Missing",
        "Email": "Missing"
    },
    {
        "Research Interest": "The Science of Food and How it Relates to You",
        "Name": "The Science of Food and How it Relates to You",
        "Position": "Missing",
        "Email": "Missing"
    },
    {
        "Research Interest": "Food Chemistry",
        "Name": "Food Chemistry",
        "Position": "Missing",
        "Email": "Missing"
    },
    {
        "Research Interest": "Food Chemistry Laboratory",
        "Name": "Food Chemistry Laboratory",
        "Position": "Missing",
        "Email": "Missing"
    },
    {
        "Research Interest": "Food Processing I",
        "Name": "Food Processing I",
        "Position": "Missing",
        "Email": "Missing"
    },
    {
        "Research Interest": "Food &amp; Industrial Microbiology",
        "Name": "Food &amp; Industrial Microbiology",
        "Position": "Missing",
        "Email": "Missing"
    },
    {
        "Research Interest": "Physical Geology",
        "Name": "Physical Geology",
        "Position": "Missing",
        "Email": "Missing"
    },
    {
        "Research Interest": "Environmental Geology",
        "Name": "Environmental Geology",
        "Position": "Missing",
        "Email": "Missing"
    },
    {
        "Research Interest": "Introduction to Horticulture",
        "Name": "Introduction to Horticulture",
        "Position": "Missing",
        "Email": "Missing"
    },
    {
        "Research Interest": "Greenhouse Mgmt and Production",
        "Name": "Greenhouse Mgmt and Production",
        "Position": "Missing",
        "Email": "Missing"
    },
    {
        "Research Interest": "Planting for Biodiversity and Aesthetics",
        "Name": "Planting for Biodiversity and Aesthetics",
        "Position": "Missing",
        "Email": "Missing"
    },
    {
        "Research Interest": "Vegetable Crop Production",
        "Name": "Vegetable Crop Production",
        "Position": "Missing",
        "Email": "Missing"
    },
    {
        "Research Interest": "Small Fruit Production",
        "Name": "Small Fruit Production",
        "Position": "Missing",
        "Email": "Missing"
    },
    {
        "Research Interest": "Tree Fruit Production",
        "Name": "Tree Fruit Production",
        "Position": "Missing",
        "Email": "Missing"
    },
    {
        "Research Interest": "Postharvest Handling Hort Crop",
        "Name": "Postharvest Handling Hort Crop",
        "Position": "Missing",
        "Email": "Missing"
    },
    {
        "Research Interest": "Horticultural Physiology",
        "Name": "Horticultural Physiology",
        "Position": "Missing",
        "Email": "Missing"
    },
    {
        "Research Interest": "Urban Food Production",
        "Name": "Urban Food Production",
        "Position": "Missing",
        "Email": "Missing"
    },
    {
        "Research Interest": "Introduction to Plant Biology",
        "Name": "Introduction to Plant Biology",
        "Position": "Missing",
        "Email": "Missing"
    },
    {
        "Research Interest": "Organismal &amp; Evolutionary Biol and Organismal &amp; Evol Biol Lab",
        "Name": "Organismal &amp; Evolutionary Biol",
        "Position": "Missing",
        "Email": "Missing"
    },
    {
        "Research Interest": "Ecology",
        "Name": "Ecology",
        "Position": "Missing",
        "Email": "Missing"
    },
    {
        "Research Interest": "Animal Behavior",
        "Name": "Animal Behavior",
        "Position": "Missing",
        "Email": "Missing"
    },
    {
        "Research Interest": "Plant Systematics",
        "Name": "Plant Systematics",
        "Position": "Missing",
        "Email": "Missing"
    },
    {
        "Research Interest": "Bioinspiration",
        "Name": "Bioinspiration",
        "Position": "Missing",
        "Email": "Missing"
    },
    {
        "Research Interest": "Plant Physiology",
        "Name": "Plant Physiology",
        "Position": "Missing",
        "Email": "Missing"
    },
    {
        "Research Interest": "Biogeography",
        "Name": "Biogeography",
        "Position": "Missing",
        "Email": "Missing"
    },
    {
        "Research Interest": "Insect Ecology",
        "Name": "Insect Ecology",
        "Position": "Missing",
        "Email": "Missing"
    },
    {
        "Research Interest": "Ecosystem Ecology",
        "Name": "Ecosystem Ecology",
        "Position": "Missing",
        "Email": "Missing"
    },
    {
        "Research Interest": "Insect Pest Management",
        "Name": "Insect Pest Management",
        "Position": "Missing",
        "Email": "Missing"
    },
    {
        "Research Interest": "Environ Toxicology &amp; Health",
        "Name": "Environ Toxicology &amp; Health",
        "Position": "Missing",
        "Email": "Missing"
    },
    {
        "Research Interest": "Pesticide Toxicology",
        "Name": "Pesticide Toxicology",
        "Position": "Missing",
        "Email": "Missing"
    },
    {
        "Research Interest": "Introductory Microbiology and Intro Microbiology Laboratory",
        "Name": "Introductory Microbiology",
        "Position": "Missing",
        "Email": "Missing"
    },
    {
        "Research Interest": "Molec &amp; Cellular Basis of Life and Molec &amp; Cellular Laboratory   2",
        "Name": "Molec &amp; Cellular Basis of Life",
        "Position": "Missing",
        "Email": "Missing"
    },
    {
        "Research Interest": "Human Anatomy &amp; Physiology I and Human Anat &amp; Physiol Lab I",
        "Name": "Human Anatomy &amp; Physiology I",
        "Position": "Missing",
        "Email": "Missing"
    },
    {
        "Research Interest": "Molecular Genetics and Exp Techniqs in Molecular Biol",
        "Name": "Molecular Genetics",
        "Position": "Missing",
        "Email": "Missing"
    },
    {
        "Research Interest": "Cells, Tissues &amp; Development and Exp Techniqs in Cellular Biol",
        "Name": "Cells, Tissues &amp; Development",
        "Position": "Missing",
        "Email": "Missing"
    },
    {
        "Research Interest": "Microbiology and Experimental Microbiology",
        "Name": "Microbiology",
        "Position": "Missing",
        "Email": "Missing"
    },
    {
        "Research Interest": "Introduction to Neurobiology",
        "Name": "Introduction to Neurobiology",
        "Position": "Missing",
        "Email": "Missing"
    },
    {
        "Research Interest": "Genetics and Disease",
        "Name": "Genetics and Disease",
        "Position": "Missing",
        "Email": "Missing"
    },
    {
        "Research Interest": "Introductory Biochemistry",
        "Name": "Introductory Biochemistry",
        "Position": "Missing",
        "Email": "Missing"
    },
    {
        "Research Interest": "Introductory Soils",
        "Name": "Introductory Soils",
        "Position": "Missing",
        "Email": "Missing"
    },
    {
        "Research Interest": "Applied Ecology",
        "Name": "Applied Ecology",
        "Position": "Missing",
        "Email": "Missing"
    },
    {
        "Research Interest": "Fish and Wildlife Ecology",
        "Name": "Fish and Wildlife Ecology",
        "Position": "Missing",
        "Email": "Missing"
    },
    {
        "Research Interest": "Introduction to Environmental Chemistry",
        "Name": "Introduction to Environmental Chemistry",
        "Position": "Missing",
        "Email": "Missing"
    },
    {
        "Research Interest": "Env and Plant Ecosystems",
        "Name": "Env and Plant Ecosystems",
        "Position": "Missing",
        "Email": "Missing"
    },
    {
        "Research Interest": "Restoration Ecology",
        "Name": "Restoration Ecology",
        "Position": "Missing",
        "Email": "Missing"
    },
    {
        "Research Interest": "Aquatic Ecosystem Conservation",
        "Name": "Aquatic Ecosystem Conservation",
        "Position": "Missing",
        "Email": "Missing"
    },
    {
        "Research Interest": "Env and Sustainable Dev",
        "Name": "Env and Sustainable Dev",
        "Position": "Missing",
        "Email": "Missing"
    },
    {
        "Research Interest": "Pedology",
        "Name": "Pedology",
        "Position": "Missing",
        "Email": "Missing"
    },
    {
        "Research Interest": "Environmental Microbiology",
        "Name": "Environmental Microbiology",
        "Position": "Missing",
        "Email": "Missing"
    },
    {
        "Research Interest": "Soil Chemistry",
        "Name": "Soil Chemistry",
        "Position": "Missing",
        "Email": "Missing"
    },
    {
        "Research Interest": "Soil Fertility and Fertilizers",
        "Name": "Soil Fertility and Fertilizers",
        "Position": "Missing",
        "Email": "Missing"
    },
    {
        "Research Interest": "Introductory Plant Pathology",
        "Name": "Introductory Plant Pathology",
        "Position": "Missing",
        "Email": "Missing"
    },
    {
        "Research Interest": "Plant Disease Diagnosis &amp; Mgmt",
        "Name": "Plant Disease Diagnosis &amp; Mgmt",
        "Position": "Missing",
        "Email": "Missing"
    },
    {
        "Research Interest": "Diseases of Field Crops",
        "Name": "Diseases of Field Crops",
        "Position": "Missing",
        "Email": "Missing"
    }
]