[
    {
        "Name": "Select one of the following:",
        "Research Interest": "Select one of the following:",
        "Position": "Missing",
        "Email": "Missing"
    },
    {
        "Name": "Accelerated Chemistry I and Accelerated Chemistry Lab I and Accelerated Chemistry II and Accelerated Chemistry Lab II  (preferred sequence)",
        "Research Interest": "Accelerated Chemistry I and Accelerated Chemistry Lab I and Accelerated Chemistry II and Accelerated Chemistry Lab II  (preferred sequence)",
        "Position": "Missing",
        "Email": "Missing"
    },
    {
        "Name": "General Chemistry I and General Chemistry Lab I and General Chemistry II and General Chemistry Lab II  (with advisor approval)",
        "Research Interest": "General Chemistry I and General Chemistry Lab I and General Chemistry II and General Chemistry Lab II  (with advisor approval)",
        "Position": "Missing",
        "Email": "Missing"
    },
    {
        "Name": "Organic chemistry, select from: ",
        "Research Interest": "Organic chemistry, select from: ",
        "Position": "Missing",
        "Email": "Missing"
    },
    {
        "Name": "Fundamental Organic Chem I and Structure and Synthesis and Fundamental Organic Chem II  (preferred sequence)",
        "Research Interest": "Fundamental Organic Chem I and Structure and Synthesis and Fundamental Organic Chem II  (preferred sequence)",
        "Position": "Missing",
        "Email": "Missing"
    },
    {
        "Name": "Elementary Organic Chemistry I and Elementary Organic Chem Lab I and Elementary Organic Chem II  (with advisor approval)",
        "Research Interest": "Elementary Organic Chemistry I and Elementary Organic Chem Lab I and Elementary Organic Chem II  (with advisor approval)",
        "Position": "Missing",
        "Email": "Missing"
    },
    {
        "Name": "Molecular and Cellular Biology",
        "Research Interest": "Molecular and Cellular Biology",
        "Position": "Missing",
        "Email": "Missing"
    },
    {
        "Name": "Molec &amp; Cellular Basis of Life",
        "Research Interest": "Molec &amp; Cellular Basis of Life",
        "Position": "Missing",
        "Email": "Missing"
    },
    {
        "Name": "Molecular Genetics",
        "Research Interest": "Molecular Genetics",
        "Position": "Missing",
        "Email": "Missing"
    },
    {
        "Name": "Exp Techniqs in Molecular Biol",
        "Research Interest": "Exp Techniqs in Molecular Biol",
        "Position": "Missing",
        "Email": "Missing"
    },
    {
        "Name": "Cells, Tissues &amp; Development",
        "Research Interest": "Cells, Tissues &amp; Development",
        "Position": "Missing",
        "Email": "Missing"
    },
    {
        "Name": "Exp Techniqs in Cellular Biol",
        "Research Interest": "Exp Techniqs in Cellular Biol",
        "Position": "Missing",
        "Email": "Missing"
    },
    {
        "Name": "Biochem &amp; Phys Basis of Life",
        "Research Interest": "Biochem &amp; Phys Basis of Life",
        "Position": "Missing",
        "Email": "Missing"
    },
    {
        "Name": "or equivalent as approved by academic advisor",
        "Research Interest": "or equivalent as approved by academic advisor",
        "Position": "Missing",
        "Email": "Missing"
    },
    {
        "Name": "Physical chemistry, select one group of courses:",
        "Research Interest": "Physical chemistry, select one group of courses:",
        "Position": "Missing",
        "Email": "Missing"
    },
    {
        "Name": "Physical Chemistry Principles (Biological Perspective Section)",
        "Research Interest": "Physical Chemistry Principles (Biological Perspective Section)",
        "Position": "Missing",
        "Email": "Missing"
    },
    {
        "Name": "Physical Biochemistry (preferred sequence)",
        "Research Interest": "Physical Biochemistry (preferred sequence)",
        "Position": "Missing",
        "Email": "Missing"
    },
    {
        "Name": "or",
        "Research Interest": "or",
        "Position": "Missing",
        "Email": "Missing"
    },
    {
        "Name": "Physical Chemistry I",
        "Research Interest": "Physical Chemistry I",
        "Position": "Missing",
        "Email": "Missing"
    },
    {
        "Name": "Physical Chemistry II (with advisor approval)",
        "Research Interest": "Physical Chemistry II (with advisor approval)",
        "Position": "Missing",
        "Email": "Missing"
    },
    {
        "Name": "Mathematics &amp; Statistics",
        "Research Interest": "Mathematics &amp; Statistics",
        "Position": "Missing",
        "Email": "Missing"
    },
    {
        "Name": "Biostatistics",
        "Research Interest": "Biostatistics",
        "Position": "Missing",
        "Email": "Missing"
    },
    {
        "Name": "Calculus",
        "Research Interest": "Calculus",
        "Position": "Missing",
        "Email": "Missing"
    },
    {
        "Name": " Calculus I",
        "Research Interest": " Calculus I",
        "Position": "Missing",
        "Email": "Missing"
    },
    {
        "Name": "Calculus II",
        "Research Interest": "Calculus II",
        "Position": "Missing",
        "Email": "Missing"
    },
    {
        "Name": "Calculus III",
        "Research Interest": "Calculus III",
        "Position": "Missing",
        "Email": "Missing"
    },
    {
        "Name": "Physics, select from:   3",
        "Research Interest": "Physics, select from:   3",
        "Position": "Missing",
        "Email": "Missing"
    },
    {
        "Name": "University Physics: Mechanics and University Physics: Elec &amp; Mag and Univ Physics: Thermal Physics  (preferred sequence)",
        "Research Interest": "University Physics: Mechanics and University Physics: Elec &amp; Mag and Univ Physics: Thermal Physics  (preferred sequence)",
        "Position": "Missing",
        "Email": "Missing"
    },
    {
        "Name": "or",
        "Research Interest": "or",
        "Position": "Missing",
        "Email": "Missing"
    },
    {
        "Name": "College Physics: Mech &amp; Heat and College Physics: E&amp;M &amp; Modern  (or equivalent as approved by academic advisor (with advisor approval)",
        "Research Interest": "College Physics: Mech &amp; Heat and College Physics: E&amp;M &amp; Modern  (or equivalent as approved by academic advisor (with advisor approval)",
        "Position": "Missing",
        "Email": "Missing"
    },
    {
        "Name": "Biochemistry:   4",
        "Research Interest": "Biochemistry:   4",
        "Position": "Missing",
        "Email": "Missing"
    },
    {
        "Name": "Technqs Biochem &amp; Biotech",
        "Research Interest": "Technqs Biochem &amp; Biotech",
        "Position": "Missing",
        "Email": "Missing"
    },
    {
        "Name": "Biochemistry Senior Seminar",
        "Research Interest": "Biochemistry Senior Seminar",
        "Position": "Missing",
        "Email": "Missing"
    },
    {
        "Name": "Gene Expression &amp; Regulation",
        "Research Interest": "Gene Expression &amp; Regulation",
        "Position": "Missing",
        "Email": "Missing"
    },
    {
        "Name": "Introduction to Biophysics",
        "Research Interest": "Introduction to Biophysics",
        "Position": "Missing",
        "Email": "Missing"
    },
    {
        "Name": "Select 10 hours of Advanced Science/Technical Electives (may include up to 7 hours of  BIOC\\xc2\\xa0492 , Senior Thesis) from approved list.   5",
        "Research Interest": "Select 10 hours of Advanced Science/Technical Electives (may include up to 7 hours of  BIOC\\xc2\\xa0492 , Senior Thesis) from approved list.   5",
        "Position": "Missing",
        "Email": "Missing"
    },
    {
        "Name": "Nontechnical Requirements:   6",
        "Research Interest": "Nontechnical Requirements:   6",
        "Position": "Missing",
        "Email": "Missing"
    },
    {
        "Name": "General education:",
        "Research Interest": "General education:",
        "Position": "Missing",
        "Email": "Missing"
    },
    {
        "Name": "Foreign language - three semesters of college study (or three years of high school study) in a single foreign language to satisfy the campus foreign language requirement ",
        "Research Interest": "Foreign language - three semesters of college study (or three years of high school study) in a single foreign language to satisfy the campus foreign language requirement ",
        "Position": "Missing",
        "Email": "Missing"
    },
    {
        "Name": "Composition I writing requirement to satisfy the campus Composition I requirement ",
        "Research Interest": "Composition I writing requirement to satisfy the campus Composition I requirement ",
        "Position": "Missing",
        "Email": "Missing"
    },
    {
        "Name": "Advanced Composition writing requirement ( BIOC\\xc2\\xa0460  is required) ",
        "Research Interest": "Advanced Composition writing requirement ( BIOC\\xc2\\xa0460  is required) ",
        "Position": "Missing",
        "Email": "Missing"
    },
    {
        "Name": "Humanities/Arts to satisfy the campus general education requirements",
        "Research Interest": "Humanities/Arts to satisfy the campus general education requirements",
        "Position": "Missing",
        "Email": "Missing"
    },
    {
        "Name": "Social/Behavioral sciences to satisfy the campus general education requirements",
        "Research Interest": "Social/Behavioral sciences to satisfy the campus general education requirements",
        "Position": "Missing",
        "Email": "Missing"
    },
    {
        "Name": "Cultural Studies to satisfy the campus general education requirement",
        "Research Interest": "Cultural Studies to satisfy the campus general education requirement",
        "Position": "Missing",
        "Email": "Missing"
    },
    {
        "Name": "Electives (not including any credit in satisfaction of the above requirements)",
        "Research Interest": "Electives (not including any credit in satisfaction of the above requirements)",
        "Position": "Missing",
        "Email": "Missing"
    }
]