[
    {
        "Research Interest": "Biomechanics Track",
        "Name": "Biomechanics Track",
        "Position": "Missing",
        "Email": "Missing"
    },
    {
        "Research Interest": "Statics",
        "Name": "Statics",
        "Position": "Statics",
        "Email": "Missing"
    },
    {
        "Research Interest": "Introductory Dynamics",
        "Name": "Introductory Dynamics",
        "Position": "Introductory Dynamics",
        "Email": "Missing"
    },
    {
        "Research Interest": "Introductory Solid Mechanics",
        "Name": "Introductory Solid Mechanics",
        "Position": "Introductory Solid Mechanics",
        "Email": "Missing"
    },
    {
        "Research Interest": "Cellular Biomechanics",
        "Name": "Cellular Biomechanics",
        "Position": "Cellular Biomechanics",
        "Email": "Missing"
    },
    {
        "Research Interest": "Special Topics (Surgical Techniques )",
        "Name": "Special Topics (Surgical Techniques )",
        "Position": "Special Topics (Surgical Techniques )",
        "Email": "Missing"
    },
    {
        "Research Interest": "Special Topics (Finite Element Methods in Biomedicine)",
        "Name": "Special Topics (Finite Element Methods in Biomedicine)",
        "Position": "Special Topics (Finite Element Methods in Biomedicine)",
        "Email": "Missing"
    },
    {
        "Research Interest": "Special Topics (Experimental Design in Automation)",
        "Name": "Special Topics (Experimental Design in Automation)",
        "Position": "Special Topics (Experimental Design in Automation)",
        "Email": "Missing"
    },
    {
        "Research Interest": "Engineering Materials",
        "Name": "Engineering Materials",
        "Position": "Engineering Materials",
        "Email": "Missing"
    },
    {
        "Research Interest": "Whole-Body Musculoskel Biomech",
        "Name": "Whole-Body Musculoskel Biomech",
        "Position": "Whole-Body Musculoskel Biomech",
        "Email": "Missing"
    },
    {
        "Research Interest": "Musculoskel Tissue Mechanics",
        "Name": "Musculoskel Tissue Mechanics",
        "Position": "Musculoskel Tissue Mechanics",
        "Email": "Missing"
    },
    {
        "Research Interest": "Mechanobiology",
        "Name": "Mechanobiology",
        "Position": "Mechanobiology",
        "Email": "Missing"
    },
    {
        "Research Interest": "Special Topics (Advanced Risk Analysis)",
        "Name": "Special Topics (Advanced Risk Analysis)",
        "Position": "Special Topics (Advanced Risk Analysis)",
        "Email": "Missing"
    },
    {
        "Research Interest": "Comp-Aided Product Realization",
        "Name": "Comp-Aided Product Realization",
        "Position": "Comp-Aided Product Realization",
        "Email": "Missing"
    },
    {
        "Research Interest": "Mechatronics",
        "Name": "Mechatronics",
        "Position": "Mechatronics",
        "Email": "Missing"
    },
    {
        "Research Interest": "Continuum Mechanics",
        "Name": "Continuum Mechanics",
        "Position": "Continuum Mechanics",
        "Email": "Missing"
    },
    {
        "Research Interest": "Tech, Eng, &amp; Mgt Final Project",
        "Name": "Tech, Eng, &amp; Mgt Final Project",
        "Position": "Tech, Eng, &amp; Mgt Final Project",
        "Email": "Missing"
    },
    {
        "Research Interest": "Engineering Graphics &amp; Design",
        "Name": "Engineering Graphics &amp; Design",
        "Position": "Engineering Graphics &amp; Design",
        "Email": "Missing"
    },
    {
        "Research Interest": "Cell and Tissue Engineering Track",
        "Name": "Cell and Tissue Engineering Track",
        "Position": "Missing",
        "Email": "Missing"
    },
    {
        "Research Interest": "Biofabrication Lab",
        "Name": "Biofabrication Lab",
        "Position": "Biofabrication Lab",
        "Email": "Missing"
    },
    {
        "Research Interest": "Biosensors",
        "Name": "Biosensors",
        "Position": "Biosensors",
        "Email": "Missing"
    },
    {
        "Research Interest": "",
        "Name": "",
        "Position": "",
        "Email": "Missing"
    },
    {
        "Research Interest": "Intro Synthetic Biology",
        "Name": "Intro Synthetic Biology",
        "Position": "Intro Synthetic Biology",
        "Email": "Missing"
    },
    {
        "Research Interest": "Gene Editing Lab",
        "Name": "Gene Editing Lab",
        "Position": "Gene Editing Lab",
        "Email": "Missing"
    },
    {
        "Research Interest": "Cellular Biomechanics",
        "Name": "Cellular Biomechanics",
        "Position": "Cellular Biomechanics",
        "Email": "Missing"
    },
    {
        "Research Interest": "Stem Cell Bioengineering",
        "Name": "Stem Cell Bioengineering",
        "Position": "Stem Cell Bioengineering",
        "Email": "Missing"
    },
    {
        "Research Interest": "Special Topics (Finite Element Methods in Biomedicine)",
        "Name": "Special Topics (Finite Element Methods in Biomedicine)",
        "Position": "Special Topics (Finite Element Methods in Biomedicine)",
        "Email": "Missing"
    },
    {
        "Research Interest": "Special Topics (Immunoengineering)",
        "Name": "Special Topics (Immunoengineering)",
        "Position": "Special Topics (Immunoengineering)",
        "Email": "Missing"
    },
    {
        "Research Interest": "Special Topics (Experimental Design in Automation)",
        "Name": "Special Topics (Experimental Design in Automation)",
        "Position": "Special Topics (Experimental Design in Automation)",
        "Email": "Missing"
    },
    {
        "Research Interest": "Special Topics (Systems Biology)",
        "Name": "Special Topics (Systems Biology)",
        "Position": "Special Topics (Systems Biology)",
        "Email": "Missing"
    },
    {
        "Research Interest": "Special Topics (Preclinical Molecular Imaging)",
        "Name": "Special Topics (Preclinical Molecular Imaging)",
        "Position": "Special Topics (Preclinical Molecular Imaging)",
        "Email": "Missing"
    },
    {
        "Research Interest": "Biochemical Engineering",
        "Name": "Biochemical Engineering",
        "Position": "Biochemical Engineering",
        "Email": "Missing"
    },
    {
        "Research Interest": "Techniques in Biomolecular Eng",
        "Name": "Techniques in Biomolecular Eng",
        "Position": "Techniques in Biomolecular Eng",
        "Email": "Missing"
    },
    {
        "Research Interest": "Industrial Quality Control",
        "Name": "Industrial Quality Control",
        "Position": "Industrial Quality Control",
        "Email": "Missing"
    },
    {
        "Research Interest": "Laboratory Studies in Materials Science and Engineering",
        "Name": "Laboratory Studies in Materials Science and Engineering",
        "Position": "Laboratory Studies in Materials Science and Engineering",
        "Email": "Missing"
    },
    {
        "Research Interest": "Design and Use of Biomaterials",
        "Name": "Design and Use of Biomaterials",
        "Position": "Design and Use of Biomaterials",
        "Email": "Missing"
    },
    {
        "Research Interest": "Biomaterials and Nanomedicine",
        "Name": "Biomaterials and Nanomedicine",
        "Position": "Biomaterials and Nanomedicine",
        "Email": "Missing"
    },
    {
        "Research Interest": "Mechanobiology",
        "Name": "Mechanobiology",
        "Position": "Mechanobiology",
        "Email": "Missing"
    },
    {
        "Research Interest": "Tech, Eng, &amp; Mgt Final Project",
        "Name": "Tech, Eng, &amp; Mgt Final Project",
        "Position": "Tech, Eng, &amp; Mgt Final Project",
        "Email": "Missing"
    },
    {
        "Research Interest": "Introductory Biochemistry",
        "Name": "Introductory Biochemistry",
        "Position": "Introductory Biochemistry",
        "Email": "Missing"
    },
    {
        "Research Interest": "Therapeutics Engineering Track",
        "Name": "Therapeutics Engineering Track",
        "Position": "Missing",
        "Email": "Missing"
    },
    {
        "Research Interest": "Biological Nanoengineering",
        "Name": "Biological Nanoengineering",
        "Position": "Biological Nanoengineering",
        "Email": "Missing"
    },
    {
        "Research Interest": "Biofabrication Lab",
        "Name": "Biofabrication Lab",
        "Position": "Biofabrication Lab",
        "Email": "Missing"
    },
    {
        "Research Interest": "",
        "Name": "",
        "Position": "",
        "Email": "Missing"
    },
    {
        "Research Interest": "Intro Synthetic Biology",
        "Name": "Intro Synthetic Biology",
        "Position": "Intro Synthetic Biology",
        "Email": "Missing"
    },
    {
        "Research Interest": "Gene Editing Lab",
        "Name": "Gene Editing Lab",
        "Position": "Gene Editing Lab",
        "Email": "Missing"
    },
    {
        "Research Interest": "",
        "Name": "",
        "Position": "",
        "Email": "Missing"
    },
    {
        "Research Interest": "Cancer Nanotechnology",
        "Name": "Cancer Nanotechnology",
        "Position": "Cancer Nanotechnology",
        "Email": "Missing"
    },
    {
        "Research Interest": "Special Topics (Preclinical Molecular Imaging)",
        "Name": "Special Topics (Preclinical Molecular Imaging)",
        "Position": "Special Topics (Preclinical Molecular Imaging)",
        "Email": "Missing"
    },
    {
        "Research Interest": "Special Topics (Immunoengineering)",
        "Name": "Special Topics (Immunoengineering)",
        "Position": "Special Topics (Immunoengineering)",
        "Email": "Missing"
    },
    {
        "Research Interest": "Special Topics (Technologies for Cancer Diagnosis and Therapy)",
        "Name": "Special Topics (Technologies for Cancer Diagnosis and Therapy)",
        "Position": "Special Topics (Technologies for Cancer Diagnosis and Therapy)",
        "Email": "Missing"
    },
    {
        "Research Interest": "Special Topics (Surgical Technologies)",
        "Name": "Special Topics (Surgical Technologies)",
        "Position": "Special Topics (Surgical Technologies)",
        "Email": "Missing"
    },
    {
        "Research Interest": "Special Topics (Experimental Design in Automation)",
        "Name": "Special Topics (Experimental Design in Automation)",
        "Position": "Special Topics (Experimental Design in Automation)",
        "Email": "Missing"
    },
    {
        "Research Interest": "Special Topics (Systems Biology)",
        "Name": "Special Topics (Systems Biology)",
        "Position": "Special Topics (Systems Biology)",
        "Email": "Missing"
    },
    {
        "Research Interest": "Techniques in Biomolecular Eng",
        "Name": "Techniques in Biomolecular Eng",
        "Position": "Techniques in Biomolecular Eng",
        "Email": "Missing"
    },
    {
        "Research Interest": "Nanotechnology",
        "Name": "Nanotechnology",
        "Position": "Nanotechnology",
        "Email": "Missing"
    },
    {
        "Research Interest": "Synthesis of Materials",
        "Name": "Synthesis of Materials",
        "Position": "Synthesis of Materials",
        "Email": "Missing"
    },
    {
        "Research Interest": "Laboratory Studies in Materials Science and Engineering",
        "Name": "Laboratory Studies in Materials Science and Engineering",
        "Position": "Laboratory Studies in Materials Science and Engineering",
        "Email": "Missing"
    },
    {
        "Research Interest": "Polymer Science &amp; Engineering",
        "Name": "Polymer Science &amp; Engineering",
        "Position": "Polymer Science &amp; Engineering",
        "Email": "Missing"
    },
    {
        "Research Interest": "Design and Use of Biomaterials",
        "Name": "Design and Use of Biomaterials",
        "Position": "Design and Use of Biomaterials",
        "Email": "Missing"
    },
    {
        "Research Interest": "Biomolecular Materials Science",
        "Name": "Biomolecular Materials Science",
        "Position": "Biomolecular Materials Science",
        "Email": "Missing"
    },
    {
        "Research Interest": "Biomaterials and Nanomedicine",
        "Name": "Biomaterials and Nanomedicine",
        "Position": "Biomaterials and Nanomedicine",
        "Email": "Missing"
    },
    {
        "Research Interest": "Surfaces and Colloids",
        "Name": "Surfaces and Colloids",
        "Position": "Surfaces and Colloids",
        "Email": "Missing"
    },
    {
        "Research Interest": "Tech, Eng, &amp; Mgt Final Project",
        "Name": "Tech, Eng, &amp; Mgt Final Project",
        "Position": "Tech, Eng, &amp; Mgt Final Project",
        "Email": "Missing"
    },
    {
        "Research Interest": "Computational and Systems Biology Track",
        "Name": "Computational and Systems Biology Track",
        "Position": "Missing",
        "Email": "Missing"
    },
    {
        "Research Interest": "Applied Statistical Methods I",
        "Name": "Applied Statistical Methods I",
        "Position": "Applied Statistical Methods I",
        "Email": "Missing"
    },
    {
        "Research Interest": "",
        "Name": "",
        "Position": "",
        "Email": "Missing"
    },
    {
        "Research Interest": "Intro Synthetic Biology",
        "Name": "Intro Synthetic Biology",
        "Position": "Intro Synthetic Biology",
        "Email": "Missing"
    },
    {
        "Research Interest": "Special Topics (Finite Element Methods in Biomedicine)",
        "Name": "Special Topics (Finite Element Methods in Biomedicine)",
        "Position": "Special Topics (Finite Element Methods in Biomedicine)",
        "Email": "Missing"
    },
    {
        "Research Interest": "Special Topics (Experimental Design in Automation)",
        "Name": "Special Topics (Experimental Design in Automation)",
        "Position": "Special Topics (Experimental Design in Automation)",
        "Email": "Missing"
    },
    {
        "Research Interest": "Special Topics (Systems Biology)",
        "Name": "Special Topics (Systems Biology)",
        "Position": "Special Topics (Systems Biology)",
        "Email": "Missing"
    },
    {
        "Research Interest": "Data Structures",
        "Name": "Data Structures",
        "Position": "Data Structures",
        "Email": "Missing"
    },
    {
        "Research Interest": "Special Topics (Deep Learning)",
        "Name": "Special Topics (Deep Learning)",
        "Position": "Special Topics (Deep Learning)",
        "Email": "Missing"
    },
    {
        "Research Interest": "Database Systems",
        "Name": "Database Systems",
        "Position": "Database Systems",
        "Email": "Missing"
    },
    {
        "Research Interest": "Introduction to Data Mining",
        "Name": "Introduction to Data Mining",
        "Position": "Introduction to Data Mining",
        "Email": "Missing"
    },
    {
        "Research Interest": "Artificial Intelligence",
        "Name": "Artificial Intelligence",
        "Position": "Artificial Intelligence",
        "Email": "Missing"
    },
    {
        "Research Interest": "User Interface Design",
        "Name": "User Interface Design",
        "Position": "User Interface Design",
        "Email": "Missing"
    },
    {
        "Research Interest": "Introduction to Bioinformatics",
        "Name": "Introduction to Bioinformatics",
        "Position": "Introduction to Bioinformatics",
        "Email": "Missing"
    },
    {
        "Research Interest": "Introduction to Optimization",
        "Name": "Introduction to Optimization",
        "Position": "Introduction to Optimization",
        "Email": "Missing"
    },
    {
        "Research Interest": "Deterministic Models in Optimization",
        "Name": "Deterministic Models in Optimization",
        "Position": "Deterministic Models in Optimization",
        "Email": "Missing"
    },
    {
        "Research Interest": "Stochastic Processes and Applications",
        "Name": "Stochastic Processes and Applications",
        "Position": "Stochastic Processes and Applications",
        "Email": "Missing"
    },
    {
        "Research Interest": "Probabilistic Risk Assessment",
        "Name": "Probabilistic Risk Assessment",
        "Position": "Probabilistic Risk Assessment",
        "Email": "Missing"
    },
    {
        "Research Interest": "Special Topics (Advanced Risk Analysis)",
        "Name": "Special Topics (Advanced Risk Analysis)",
        "Position": "Special Topics (Advanced Risk Analysis)",
        "Email": "Missing"
    },
    {
        "Research Interest": "Mechatronics",
        "Name": "Mechatronics",
        "Position": "Mechatronics",
        "Email": "Missing"
    },
    {
        "Research Interest": "Tech, Eng, &amp; Mgt Final Project",
        "Name": "Tech, Eng, &amp; Mgt Final Project",
        "Position": "Tech, Eng, &amp; Mgt Final Project",
        "Email": "Missing"
    },
    {
        "Research Interest": "Imaging and Sensing",
        "Name": "Imaging and Sensing",
        "Position": "Missing",
        "Email": "Missing"
    },
    {
        "Research Interest": "Analog Signal Processing",
        "Name": "Analog Signal Processing",
        "Position": "Analog Signal Processing",
        "Email": "Missing"
    },
    {
        "Research Interest": "Fields and Waves I",
        "Name": "Fields and Waves I",
        "Position": "Fields and Waves I",
        "Email": "Missing"
    },
    {
        "Research Interest": "",
        "Name": "",
        "Position": "",
        "Email": "Missing"
    },
    {
        "Research Interest": "Special Topics (Surgical Techniques)",
        "Name": "Special Topics (Surgical Techniques)",
        "Position": "Special Topics (Surgical Techniques)",
        "Email": "Missing"
    },
    {
        "Research Interest": "Special Topics (Preclinical Molecular Imaging)",
        "Name": "Special Topics (Preclinical Molecular Imaging)",
        "Position": "Special Topics (Preclinical Molecular Imaging)",
        "Email": "Missing"
    },
    {
        "Research Interest": "Special Topics (Immunoengineering)",
        "Name": "Special Topics (Immunoengineering)",
        "Position": "Special Topics (Immunoengineering)",
        "Email": "Missing"
    },
    {
        "Research Interest": "Special Topics (Technologies for Cancer Diagnosis and Therapy)",
        "Name": "Special Topics (Technologies for Cancer Diagnosis and Therapy)",
        "Position": "Special Topics (Technologies for Cancer Diagnosis and Therapy)",
        "Email": "Missing"
    },
    {
        "Research Interest": "Special Topics (Experimental Design in Automation)",
        "Name": "Special Topics (Experimental Design in Automation)",
        "Position": "Special Topics (Experimental Design in Automation)",
        "Email": "Missing"
    },
    {
        "Research Interest": "Special Topics (Systems Biology)",
        "Name": "Special Topics (Systems Biology)",
        "Position": "Special Topics (Systems Biology)",
        "Email": "Missing"
    },
    {
        "Research Interest": "Digital Signal Processing",
        "Name": "Digital Signal Processing",
        "Position": "Digital Signal Processing",
        "Email": "Missing"
    },
    {
        "Research Interest": "Digital Signal Processing Lab",
        "Name": "Digital Signal Processing Lab",
        "Position": "Digital Signal Processing Lab",
        "Email": "Missing"
    },
    {
        "Research Interest": "Data Science and Engineering",
        "Name": "Data Science and Engineering",
        "Position": "Data Science and Engineering",
        "Email": "Missing"
    },
    {
        "Research Interest": "Biomedical Imaging",
        "Name": "Biomedical Imaging",
        "Position": "Biomedical Imaging",
        "Email": "Missing"
    },
    {
        "Research Interest": "Biosensors",
        "Name": "Biosensors",
        "Position": "Biosensors",
        "Email": "Missing"
    },
    {
        "Research Interest": "Multimedia Signal Processing",
        "Name": "Multimedia Signal Processing",
        "Position": "Multimedia Signal Processing",
        "Email": "Missing"
    },
    {
        "Research Interest": "Image &amp; Video Processing",
        "Name": "Image &amp; Video Processing",
        "Position": "Image &amp; Video Processing",
        "Email": "Missing"
    },
    {
        "Research Interest": "Sensors and Instrumentation",
        "Name": "Sensors and Instrumentation",
        "Position": "Sensors and Instrumentation",
        "Email": "Missing"
    },
    {
        "Research Interest": "Optical Imaging",
        "Name": "Optical Imaging",
        "Position": "Optical Imaging",
        "Email": "Missing"
    },
    {
        "Research Interest": "Biophotonics",
        "Name": "Biophotonics",
        "Position": "Biophotonics",
        "Email": "Missing"
    },
    {
        "Research Interest": "Biomedical Ultrasound Imaging",
        "Name": "Biomedical Ultrasound Imaging",
        "Position": "Biomedical Ultrasound Imaging",
        "Email": "Missing"
    },
    {
        "Research Interest": "Fund of Engrg Acoustics",
        "Name": "Fund of Engrg Acoustics",
        "Position": "Fund of Engrg Acoustics",
        "Email": "Missing"
    },
    {
        "Research Interest": "Magnetic Resonance Imaging",
        "Name": "Magnetic Resonance Imaging",
        "Position": "Magnetic Resonance Imaging",
        "Email": "Missing"
    },
    {
        "Research Interest": "MEMS-NEMS Theory &amp; Fabrication",
        "Name": "MEMS-NEMS Theory &amp; Fabrication",
        "Position": "MEMS-NEMS Theory &amp; Fabrication",
        "Email": "Missing"
    },
    {
        "Research Interest": "Special Topics (Advanced Risk Analysis)",
        "Name": "Special Topics (Advanced Risk Analysis)",
        "Position": "Special Topics (Advanced Risk Analysis)",
        "Email": "Missing"
    },
    {
        "Research Interest": "Mechatronics",
        "Name": "Mechatronics",
        "Position": "Mechatronics",
        "Email": "Missing"
    },
    {
        "Research Interest": "Tech, Eng, &amp; Mgt Final Project",
        "Name": "Tech, Eng, &amp; Mgt Final Project",
        "Position": "Tech, Eng, &amp; Mgt Final Project",
        "Email": "Missing"
    },
    {
        "Research Interest": "Physical Chemistry I",
        "Name": "Physical Chemistry I",
        "Position": "Physical Chemistry I",
        "Email": "Missing"
    },
    {
        "Research Interest": "Bioengineering Freshman Seminar",
        "Name": "Bioengineering Freshman Seminar",
        "Position": "Bioengineering Freshman Seminar",
        "Email": "Missing"
    },
    {
        "Research Interest": "Engineering Orientation",
        "Name": "Engineering Orientation",
        "Position": "Engineering Orientation",
        "Email": "Missing"
    },
    {
        "Research Interest": "Calculus I",
        "Name": "Calculus I",
        "Position": "Calculus I",
        "Email": "Missing"
    },
    {
        "Research Interest": "General Chemistry I",
        "Name": "General Chemistry I",
        "Position": "General Chemistry I",
        "Email": "Missing"
    },
    {
        "Research Interest": "General Chemistry Lab I",
        "Name": "General Chemistry Lab I",
        "Position": "General Chemistry Lab I",
        "Email": "Missing"
    },
    {
        "Research Interest": "Writing and Research",
        "Name": "Writing and Research",
        "Position": "Writing and Research",
        "Email": "Missing"
    },
    {
        "Research Interest": "\\xc2\\xa0",
        "Name": "\\xc2\\xa0",
        "Position": "\\xc2\\xa0",
        "Email": "Missing"
    },
    {
        "Research Interest": "Introduction to Bioengineering",
        "Name": "Introduction to Bioengineering",
        "Position": "Introduction to Bioengineering",
        "Email": "Missing"
    },
    {
        "Research Interest": "Calculus II",
        "Name": "Calculus II",
        "Position": "Calculus II",
        "Email": "Missing"
    },
    {
        "Research Interest": "General Chemistry II",
        "Name": "General Chemistry II",
        "Position": "General Chemistry II",
        "Email": "Missing"
    },
    {
        "Research Interest": "General Chemistry Lab II",
        "Name": "General Chemistry Lab II",
        "Position": "General Chemistry Lab II",
        "Email": "Missing"
    },
    {
        "Research Interest": "University Physics: Mechanics",
        "Name": "University Physics: Mechanics",
        "Position": "University Physics: Mechanics",
        "Email": "Missing"
    },
    {
        "Research Interest": "Molec Cellular Basis of Life",
        "Name": "Molec Cellular Basis of Life",
        "Position": "Molec Cellular Basis of Life",
        "Email": "Missing"
    },
    {
        "Research Interest": "\\xc2\\xa0",
        "Name": "\\xc2\\xa0",
        "Position": "\\xc2\\xa0",
        "Email": "Missing"
    },
    {
        "Research Interest": "Conservation Principles Bioeng",
        "Name": "Conservation Principles Bioeng",
        "Position": "Conservation Principles Bioeng",
        "Email": "Missing"
    },
    {
        "Research Interest": "Cellular Bioengineering",
        "Name": "Cellular Bioengineering",
        "Position": "Cellular Bioengineering",
        "Email": "Missing"
    },
    {
        "Research Interest": "Calculus III",
        "Name": "Calculus III",
        "Position": "Calculus III",
        "Email": "Missing"
    },
    {
        "Research Interest": "University Physics: Elec Mag",
        "Name": "University Physics: Elec Mag",
        "Position": "University Physics: Elec Mag",
        "Email": "Missing"
    },
    {
        "Research Interest": "Intro Computing: Engrg Sci",
        "Name": "Intro Computing: Engrg Sci",
        "Position": "Intro Computing: Engrg Sci",
        "Email": "Missing"
    },
    {
        "Research Interest": "\\xc2\\xa0",
        "Name": "\\xc2\\xa0",
        "Position": "\\xc2\\xa0",
        "Email": "Missing"
    },
    {
        "Research Interest": "Cell Tissue Engineering Lab",
        "Name": "Cell Tissue Engineering Lab",
        "Position": "Cell Tissue Engineering Lab",
        "Email": "Missing"
    },
    {
        "Research Interest": "Signals Systems in Bioengrg",
        "Name": "Signals Systems in Bioengrg",
        "Position": "Signals Systems in Bioengrg",
        "Email": "Missing"
    },
    {
        "Research Interest": "Linear Algebra for Biomedical Data Science",
        "Name": "Linear Algebra for Biomedical Data Science",
        "Position": "Linear Algebra for Biomedical Data Science",
        "Email": "Missing"
    },
    {
        "Research Interest": "Elementary Organic Chemistry I",
        "Name": "Elementary Organic Chemistry I",
        "Position": "Elementary Organic Chemistry I",
        "Email": "Missing"
    },
    {
        "Research Interest": "Intro Differential Equations",
        "Name": "Intro Differential Equations",
        "Position": "Intro Differential Equations",
        "Email": "Missing"
    },
    {
        "Research Interest": "\\xc2\\xa0",
        "Name": "\\xc2\\xa0",
        "Position": "\\xc2\\xa0",
        "Email": "Missing"
    },
    {
        "Research Interest": "Modeling Human Physiology",
        "Name": "Modeling Human Physiology",
        "Position": "Modeling Human Physiology",
        "Email": "Missing"
    },
    {
        "Research Interest": "Quantitative Physiology Lab",
        "Name": "Quantitative Physiology Lab",
        "Position": "Quantitative Physiology Lab",
        "Email": "Missing"
    },
    {
        "Research Interest": "Tissue Engineering",
        "Name": "Tissue Engineering",
        "Position": "Tissue Engineering",
        "Email": "Missing"
    },
    {
        "Research Interest": "\\xc2\\xa0",
        "Name": "\\xc2\\xa0",
        "Position": "\\xc2\\xa0",
        "Email": "Missing"
    },
    {
        "Research Interest": "Comp Tools Bio Data",
        "Name": "Comp Tools Bio Data",
        "Position": "Comp Tools Bio Data",
        "Email": "Missing"
    },
    {
        "Research Interest": "Transport Flow in Bioengrg",
        "Name": "Transport Flow in Bioengrg",
        "Position": "Transport Flow in Bioengrg",
        "Email": "Missing"
    },
    {
        "Research Interest": "Biomedical Instrumentation",
        "Name": "Biomedical Instrumentation",
        "Position": "Biomedical Instrumentation",
        "Email": "Missing"
    },
    {
        "Research Interest": "Biomedical Instrumentation Lab",
        "Name": "Biomedical Instrumentation Lab",
        "Position": "Biomedical Instrumentation Lab",
        "Email": "Missing"
    },
    {
        "Research Interest": "\\xc2\\xa0",
        "Name": "\\xc2\\xa0",
        "Position": "\\xc2\\xa0",
        "Email": "Missing"
    },
    {
        "Research Interest": "Senior Design I",
        "Name": "Senior Design I",
        "Position": "Senior Design I",
        "Email": "Missing"
    },
    {
        "Research Interest": "\\xc2\\xa0",
        "Name": "\\xc2\\xa0",
        "Position": "\\xc2\\xa0",
        "Email": "Missing"
    },
    {
        "Research Interest": "Senior Design II",
        "Name": "Senior Design II",
        "Position": "Senior Design II",
        "Email": "Missing"
    },
    {
        "Research Interest": "Intro Bio Control Systems",
        "Name": "Intro Bio Control Systems",
        "Position": "Intro Bio Control Systems",
        "Email": "Missing"
    },
    {
        "Research Interest": "\\xc2\\xa0",
        "Name": "\\xc2\\xa0",
        "Position": "\\xc2\\xa0",
        "Email": "Missing"
    },
    {
        "Research Interest": "\\xc2\\xa0",
        "Name": "\\xc2\\xa0",
        "Position": "\\xc2\\xa0",
        "Email": "Missing"
    },
    {
        "Research Interest": "Conservation Principles Bioeng",
        "Name": "Conservation Principles Bioeng",
        "Position": "Conservation Principles Bioeng",
        "Email": "Missing"
    },
    {
        "Research Interest": "Cell &amp; Tissue Engineering Lab",
        "Name": "Cell &amp; Tissue Engineering Lab",
        "Position": "Cell &amp; Tissue Engineering Lab",
        "Email": "Missing"
    },
    {
        "Research Interest": "Signals &amp; Systems in Bioengrg",
        "Name": "Signals &amp; Systems in Bioengrg",
        "Position": "Signals &amp; Systems in Bioengrg",
        "Email": "Missing"
    },
    {
        "Research Interest": "Cellular Bioengineering",
        "Name": "Cellular Bioengineering",
        "Position": "Cellular Bioengineering",
        "Email": "Missing"
    },
    {
        "Research Interest": "Linear Algebra for Biomedical Data Science",
        "Name": "Linear Algebra for Biomedical Data Science",
        "Position": "Linear Algebra for Biomedical Data Science",
        "Email": "Missing"
    },
    {
        "Research Interest": "Modeling Human Physiology",
        "Name": "Modeling Human Physiology",
        "Position": "Modeling Human Physiology",
        "Email": "Missing"
    },
    {
        "Research Interest": "Quantitative Physiology Lab",
        "Name": "Quantitative Physiology Lab",
        "Position": "Quantitative Physiology Lab",
        "Email": "Missing"
    },
    {
        "Research Interest": "Comp Tools Bio Data",
        "Name": "Comp Tools Bio Data",
        "Position": "Comp Tools Bio Data",
        "Email": "Missing"
    },
    {
        "Research Interest": "Transport &amp; Flow in Bioengrg",
        "Name": "Transport &amp; Flow in Bioengrg",
        "Position": "Transport &amp; Flow in Bioengrg",
        "Email": "Missing"
    },
    {
        "Research Interest": "Biomedical Instrumentation",
        "Name": "Biomedical Instrumentation",
        "Position": "Biomedical Instrumentation",
        "Email": "Missing"
    },
    {
        "Research Interest": "Biomedical Instrumentation Lab",
        "Name": "Biomedical Instrumentation Lab",
        "Position": "Biomedical Instrumentation Lab",
        "Email": "Missing"
    },
    {
        "Research Interest": "Intro Bio Control Systems",
        "Name": "Intro Bio Control Systems",
        "Position": "Intro Bio Control Systems",
        "Email": "Missing"
    },
    {
        "Research Interest": "Senior Design I",
        "Name": "Senior Design I",
        "Position": "Senior Design I",
        "Email": "Missing"
    },
    {
        "Research Interest": "Senior Design II",
        "Name": "Senior Design II",
        "Position": "Senior Design II",
        "Email": "Missing"
    },
    {
        "Research Interest": "Tissue Engineering",
        "Name": "Tissue Engineering",
        "Position": "Tissue Engineering",
        "Email": "Missing"
    },
    {
        "Research Interest": "Intro Computing: Engrg &amp; Sci",
        "Name": "Intro Computing: Engrg &amp; Sci",
        "Position": "Intro Computing: Engrg &amp; Sci",
        "Email": "Missing"
    },
    {
        "Research Interest": "Molec &amp; Cellular Basis of Life",
        "Name": "Molec &amp; Cellular Basis of Life",
        "Position": "Molec &amp; Cellular Basis of Life",
        "Email": "Missing"
    },
    {
        "Research Interest": "Total Hours",
        "Name": "Total Hours",
        "Position": "Total Hours",
        "Email": "Missing"
    }
]