[
    {
        "Research Interest": "Public Speaking",
        "Name": "Public Speaking",
        "Email": "Missing"
    },
    {
        "Research Interest": "Oral &amp; Written Comm II  1",
        "Name": "Oral &amp; Written Comm II ",
        "Email": "Missing"
    },
    {
        "Research Interest": "Introduction to Communication",
        "Name": "Introduction to Communication",
        "Email": "Missing"
    },
    {
        "Research Interest": "Intro to Intercultural Comm",
        "Name": "Intro to Intercultural Comm",
        "Email": "Missing"
    },
    {
        "Research Interest": "Social Movement Communication",
        "Name": "Social Movement Communication",
        "Email": "Missing"
    },
    {
        "Research Interest": "Media, Money and Power",
        "Name": "Media, Money and Power",
        "Email": "Missing"
    },
    {
        "Research Interest": "Comm Technology &amp; Society",
        "Name": "Comm Technology &amp; Society",
        "Email": "Missing"
    },
    {
        "Research Interest": "Comm Controversy Public Policy",
        "Name": "Comm Controversy Public Policy",
        "Email": "Missing"
    },
    {
        "Research Interest": "Mass Media and the Audience",
        "Name": "Mass Media and the Audience",
        "Email": "Missing"
    },
    {
        "Research Interest": "Intro to Conversation Analysis",
        "Name": "Intro to Conversation Analysis",
        "Email": "Missing"
    },
    {
        "Research Interest": "Storytelling as Oral Communication",
        "Name": "Storytelling as Oral Communication",
        "Email": "Missing"
    },
    {
        "Research Interest": "Popular Media and Culture",
        "Name": "Popular Media and Culture",
        "Email": "Missing"
    },
    {
        "Research Interest": "Race and the Mass Media",
        "Name": "Race and the Mass Media",
        "Email": "Missing"
    },
    {
        "Research Interest": "Gender Communication",
        "Name": "Gender Communication",
        "Email": "Missing"
    },
    {
        "Research Interest": "Topics in Public Communication",
        "Name": "Topics in Public Communication",
        "Email": "Missing"
    },
    {
        "Research Interest": "Communicating Public Policy",
        "Name": "Communicating Public Policy",
        "Email": "Missing"
    },
    {
        "Research Interest": "Intro to Interpersonal Comm",
        "Name": "Intro to Interpersonal Comm",
        "Email": "Missing"
    },
    {
        "Research Interest": "Intro to Health Communication",
        "Name": "Intro to Health Communication",
        "Email": "Missing"
    },
    {
        "Research Interest": "Strategies of Persuasion",
        "Name": "Strategies of Persuasion",
        "Email": "Missing"
    },
    {
        "Research Interest": "Argumentation",
        "Name": "Argumentation",
        "Email": "Missing"
    },
    {
        "Research Interest": "Sexual Communication",
        "Name": "Sexual Communication",
        "Email": "Missing"
    },
    {
        "Research Interest": "Persuasion Theory &amp; Research",
        "Name": "Persuasion Theory &amp; Research",
        "Email": "Missing"
    },
    {
        "Research Interest": "Communication &amp; Health Equity",
        "Name": "Communication &amp; Health Equity",
        "Email": "Missing"
    },
    {
        "Research Interest": "Adv Interpersonal Comm",
        "Name": "Adv Interpersonal Comm",
        "Email": "Missing"
    },
    {
        "Research Interest": "Interpersonal Health Comm",
        "Name": "Interpersonal Health Comm",
        "Email": "Missing"
    },
    {
        "Research Interest": "Organizational Health Comm",
        "Name": "Organizational Health Comm",
        "Email": "Missing"
    },
    {
        "Research Interest": "Health Communication Campaigns",
        "Name": "Health Communication Campaigns",
        "Email": "Missing"
    },
    {
        "Research Interest": "Social Marketing",
        "Name": "Social Marketing",
        "Email": "Missing"
    },
    {
        "Research Interest": "Business and Professional Communication",
        "Name": "Business and Professional Communication",
        "Email": "Missing"
    },
    {
        "Research Interest": "Intro to Organizational Comm",
        "Name": "Intro to Organizational Comm",
        "Email": "Missing"
    },
    {
        "Research Interest": "Small Group Communication",
        "Name": "Small Group Communication",
        "Email": "Missing"
    },
    {
        "Research Interest": "Interviewing: The Art and Science of Effective Questioning",
        "Name": "Interviewing: The Art and Science of Effective Questioning",
        "Email": "Missing"
    },
    {
        "Research Interest": "Intro to Intercultural Comm",
        "Name": "Intro to Intercultural Comm",
        "Email": "Missing"
    },
    {
        "Research Interest": "Comm Technology &amp; Society",
        "Name": "Comm Technology &amp; Society",
        "Email": "Missing"
    },
    {
        "Research Interest": "Communicating for Innovation",
        "Name": "Communicating for Innovation",
        "Email": "Missing"
    },
    {
        "Research Interest": "Argumentation",
        "Name": "Argumentation",
        "Email": "Missing"
    },
    {
        "Research Interest": "Political Economy of Communication",
        "Name": "Political Economy of Communication",
        "Email": "Missing"
    },
    {
        "Research Interest": "Propaganda and Modern Society",
        "Name": "Propaganda and Modern Society",
        "Email": "Missing"
    },
    {
        "Research Interest": "Workplace Comm Technology",
        "Name": "Workplace Comm Technology",
        "Email": "Missing"
    },
    {
        "Research Interest": "Organizational Comm Assessment",
        "Name": "Organizational Comm Assessment",
        "Email": "Missing"
    },
    {
        "Research Interest": "Adv Organizational Comm",
        "Name": "Adv Organizational Comm",
        "Email": "Missing"
    },
    {
        "Research Interest": "Adv Small Group Communication",
        "Name": "Adv Small Group Communication",
        "Email": "Missing"
    },
    {
        "Research Interest": "Organizational Health Comm",
        "Name": "Organizational Health Comm",
        "Email": "Missing"
    },
    {
        "Research Interest": "Health Communication Campaigns",
        "Name": "Health Communication Campaigns",
        "Email": "Missing"
    },
    {
        "Research Interest": "Commercialism and the Public",
        "Name": "Commercialism and the Public",
        "Email": "Missing"
    },
    {
        "Research Interest": "Small Group Communication",
        "Name": "Small Group Communication",
        "Email": "Missing"
    },
    {
        "Research Interest": "Intro to Interpersonal Comm",
        "Name": "Intro to Interpersonal Comm",
        "Email": "Missing"
    },
    {
        "Research Interest": "Intro to Intercultural Comm",
        "Name": "Intro to Intercultural Comm",
        "Email": "Missing"
    },
    {
        "Research Interest": "Intro to Health Communication",
        "Name": "Intro to Health Communication",
        "Email": "Missing"
    },
    {
        "Research Interest": "Strategies of Persuasion",
        "Name": "Strategies of Persuasion",
        "Email": "Missing"
    },
    {
        "Research Interest": "Argumentation",
        "Name": "Argumentation",
        "Email": "Missing"
    },
    {
        "Research Interest": "Family Communication",
        "Name": "Family Communication",
        "Email": "Missing"
    },
    {
        "Research Interest": "Relationships and Technologies",
        "Name": "Relationships and Technologies",
        "Email": "Missing"
    },
    {
        "Research Interest": "Intro to Conversation Analysis",
        "Name": "Intro to Conversation Analysis",
        "Email": "Missing"
    },
    {
        "Research Interest": "Sexual Communication",
        "Name": "Sexual Communication",
        "Email": "Missing"
    },
    {
        "Research Interest": "Adv Small Group Communication",
        "Name": "Adv Small Group Communication",
        "Email": "Missing"
    },
    {
        "Research Interest": "Persuasion Theory &amp; Research",
        "Name": "Persuasion Theory &amp; Research",
        "Email": "Missing"
    },
    {
        "Research Interest": "Gender Communication",
        "Name": "Gender Communication",
        "Email": "Missing"
    },
    {
        "Research Interest": "Adv Interpersonal Comm",
        "Name": "Adv Interpersonal Comm",
        "Email": "Missing"
    },
    {
        "Research Interest": "Comm in Personal Relationships",
        "Name": "Comm in Personal Relationships",
        "Email": "Missing"
    },
    {
        "Research Interest": "Interpersonal Health Comm",
        "Name": "Interpersonal Health Comm",
        "Email": "Missing"
    },
    {
        "Research Interest": "Media, Money and Power",
        "Name": "Media, Money and Power",
        "Email": "Missing"
    },
    {
        "Research Interest": "Introduction to Mediated Communication",
        "Name": "Introduction to Mediated Communication",
        "Email": "Missing"
    },
    {
        "Research Interest": "Comm Technology &amp; Society",
        "Name": "Comm Technology &amp; Society",
        "Email": "Missing"
    },
    {
        "Research Interest": "Communicating for Innovation",
        "Name": "Communicating for Innovation",
        "Email": "Missing"
    },
    {
        "Research Interest": "Politics and the Media",
        "Name": "Politics and the Media",
        "Email": "Missing"
    },
    {
        "Research Interest": "Mass Media and the Audience",
        "Name": "Mass Media and the Audience",
        "Email": "Missing"
    },
    {
        "Research Interest": "Relationships and Technologies",
        "Name": "Relationships and Technologies",
        "Email": "Missing"
    },
    {
        "Research Interest": "Visual Politics",
        "Name": "Visual Politics",
        "Email": "Missing"
    },
    {
        "Research Interest": "Visual Media Effects",
        "Name": "Visual Media Effects",
        "Email": "Missing"
    },
    {
        "Research Interest": "Political Economy of Communication",
        "Name": "Political Economy of Communication",
        "Email": "Missing"
    },
    {
        "Research Interest": "Popular Media and Culture",
        "Name": "Popular Media and Culture",
        "Email": "Missing"
    },
    {
        "Research Interest": "Workplace Comm Technology",
        "Name": "Workplace Comm Technology",
        "Email": "Missing"
    },
    {
        "Research Interest": "Campaigning to Win",
        "Name": "Campaigning to Win",
        "Email": "Missing"
    },
    {
        "Research Interest": "Race and the Mass Media",
        "Name": "Race and the Mass Media",
        "Email": "Missing"
    },
    {
        "Research Interest": "Public Comm in Everyday Life",
        "Name": "Public Comm in Everyday Life",
        "Email": "Missing"
    },
    {
        "Research Interest": "Communicating Public Policy",
        "Name": "Communicating Public Policy",
        "Email": "Missing"
    },
    {
        "Research Interest": "Social Movement Communication",
        "Name": "Social Movement Communication",
        "Email": "Missing"
    },
    {
        "Research Interest": "The Rhetorical Tradition",
        "Name": "The Rhetorical Tradition",
        "Email": "Missing"
    },
    {
        "Research Interest": "Comm Controversy Public Policy",
        "Name": "Comm Controversy Public Policy",
        "Email": "Missing"
    },
    {
        "Research Interest": "Strategies of Persuasion",
        "Name": "Strategies of Persuasion",
        "Email": "Missing"
    },
    {
        "Research Interest": "Argumentation",
        "Name": "Argumentation",
        "Email": "Missing"
    },
    {
        "Research Interest": "Politics and the Media",
        "Name": "Politics and the Media",
        "Email": "Missing"
    },
    {
        "Research Interest": "Mass Media and the Audience",
        "Name": "Mass Media and the Audience",
        "Email": "Missing"
    },
    {
        "Research Interest": "Visual Politics",
        "Name": "Visual Politics",
        "Email": "Missing"
    },
    {
        "Research Interest": "Visual Media Effects",
        "Name": "Visual Media Effects",
        "Email": "Missing"
    },
    {
        "Research Interest": "Political Economy of Communication",
        "Name": "Political Economy of Communication",
        "Email": "Missing"
    },
    {
        "Research Interest": "Classical Rhetorics",
        "Name": "Classical Rhetorics",
        "Email": "Missing"
    },
    {
        "Research Interest": "Early Modern Rhetorics",
        "Name": "Early Modern Rhetorics",
        "Email": "Missing"
    },
    {
        "Research Interest": "Contemporary Rhetorics",
        "Name": "Contemporary Rhetorics",
        "Email": "Missing"
    },
    {
        "Research Interest": "Persuasion Theory &amp; Research",
        "Name": "Persuasion Theory &amp; Research",
        "Email": "Missing"
    },
    {
        "Research Interest": "Rhetorical Criticism",
        "Name": "Rhetorical Criticism",
        "Email": "Missing"
    },
    {
        "Research Interest": "Campaigning to Win",
        "Name": "Campaigning to Win",
        "Email": "Missing"
    },
    {
        "Research Interest": "Topics in Public Communication",
        "Name": "Topics in Public Communication",
        "Email": "Missing"
    },
    {
        "Research Interest": "Health Communication Campaigns",
        "Name": "Health Communication Campaigns",
        "Email": "Missing"
    },
    {
        "Research Interest": "Commercialism and the Public",
        "Name": "Commercialism and the Public",
        "Email": "Missing"
    },
    {
        "Research Interest": "",
        "Name": "",
        "Email": "Missing"
    },
    {
        "Research Interest": "Total Hours",
        "Name": "Total Hours",
        "Email": "Missing"
    }
]