[
    {
        "Research Interest": "Interior Design",
        "Name": "Animation / Game Design Architecture / Urban Planning Art and Illustration Audio / Visual Production Digital Design Drafting Fashion Design / Merchandising Fine Arts Graphic / Visual Arts Interior Design Performing Arts Photography / Film Studies Radio and Television Theater Web Design / Multimedia",
        "Position": "Animation / Game Design"
    },
    {
        "Research Interest": "MBA",
        "Name": "Accounting / Finance Administrative Professional Business Administration / Management Business Information Systems Communications / Public Relations Economics Entrepreneurship Hospitality / Tourism Human Resources International Business Marketing MBA Office Management Organizational Management Project Management Retail and Sales Supply Chain Management",
        "Position": "Accounting / Finance"
    },
    {
        "Research Interest": "Forensics",
        "Name": "Corrections Court Reporting Criminal Investigation Criminal Justice Administration Emergency and Fire Management Fire Protection Forensics Homeland Security / Public Safety Law Degree Law Enforcement / Security Paralegal / Legal Studies Public Administration",
        "Position": "Corrections"
    },
    {
        "Research Interest": "Higher Education",
        "Name": "Adult Education Continuing Education Curriculum and Instruction Early Childhood Education Educational Leadership Elementary Education English as a Second Language Higher Education Instructional Technology Secondary Education Special Education Teacher Education Technology in Education",
        "Position": "Adult Education"
    },
    {
        "Research Interest": "History",
        "Name": "English Foreign Language Geography History Humanities Liberal Arts Philosophy and Religious Studies Political and Social Sciences Religious Studies",
        "Position": "English"
    },
    {
        "Research Interest": "Nursing",
        "Name": "Alternative Therapy Athletic Training Dental Diet / Nutrition Emergency Medicine Health Information Systems Health Science Health Services Healthcare Administration / Management Massage Therapy Medical Assisting Medical Coding &amp; Billing Medical Technologist Medical Technology Medicine Nursing Nutrition and Wellness Pharmacy Physical Therapy / Respiratory Therapy Public Health Veterinary Studies",
        "Position": "Alternative Therapy"
    },
    {
        "Research Interest": "Database Administration",
        "Name": "Computer Science / Programming Data Management Database Administration Information Systems Library Science Networking / Security Technical Support Web Development / Internet",
        "Position": "Computer Science / Programming"
    },
    {
        "Research Interest": "Biology",
        "Name": "Aeronautics Agriculture Biology Engineering Environment / Natural Resources Industrial Technology Mathematics Physical Sciences",
        "Position": "Aeronautics"
    },
    {
        "Research Interest": "Child and Family Studies",
        "Name": "Addiction Studies Child and Family Studies Child Development Counseling Psychology Social Science Social Work",
        "Position": "Addiction Studies"
    },
    {
        "Research Interest": "Mechanics",
        "Name": "Automotive Technology / Mechanic Aviation Technology / Pilot Career Training CDL / Heavy Equipment Operation / Repair Conservation Construction Management Construction Trades Cosmetology Craftsman Trades Culinary Arts Electronic / Computer Technology Esthetics High School Diploma Life Skills / Hobbies Marine Technology / Captain Mechanics Military / ROTC Other Trades Real Estate Secondary Diplomas &amp; Certificates Welding / Fabrication",
        "Position": "Automotive Technology / Mechanic"
    }
]