[
    {
        "Research Interest": "Breadth Requirement",
        "Name": "Program is identical to the traditional M.C.S. program with the 3 out 4 &quot;",
        "Email": "Missing"
    },
    {
        "Research Interest": "Breadth Requirement",
        "Name": "Students who take the &quot;",
        "Email": "Missing"
    },
    {
        "Research Interest": "General Information",
        "Name": "General Information",
        "Email": "Missing"
    },
    {
        "Research Interest": "Undergraduate",
        "Name": "Undergraduate",
        "Email": "Missing"
    },
    {
        "Research Interest": "Graduate",
        "Name": "Graduate",
        "Email": "Missing"
    },
    {
        "Research Interest": "Professional",
        "Name": "Professional",
        "Email": "Missing"
    },
    {
        "Research Interest": "Colleges &amp;&#8203; Academic Units",
        "Name": "Colleges &amp;&#8203; Academic Units",
        "Email": "Missing"
    },
    {
        "Research Interest": "Courses of Instruction",
        "Name": "Courses of Instruction",
        "Email": "Missing"
    },
    {
        "Research Interest": "Degree Programs Index",
        "Name": "Degree Programs Index",
        "Email": "Missing"
    },
    {
        "Research Interest": "Archived Academic Catalogs",
        "Name": "Archived Academic Catalogs",
        "Email": "Missing"
    },
    {
        "Research Interest": "Academic Calendar",
        "Name": "Academic Calendar",
        "Email": "Missing"
    },
    {
        "Research Interest": "Class Schedule",
        "Name": "Class Schedule",
        "Email": "Missing"
    },
    {
        "Research Interest": "Graduate Admission",
        "Name": "Graduate Admission",
        "Email": "Missing"
    },
    {
        "Research Interest": "Undergraduate Admission",
        "Name": "Undergraduate Admission",
        "Email": "Missing"
    },
    {
        "Research Interest": "Student Affairs",
        "Name": "Student Affairs",
        "Email": "Missing"
    },
    {
        "Research Interest": "Registration, Tuition, and Cost Information",
        "Name": "Registration, Tuition, and Cost Information",
        "Email": "Missing"
    }
]