[
    {
        "Research Interest": "Physical Chemistry Principles",
        "Name": "Physical Chemistry Principles",
        "Position": "Missing"
    },
    {
        "Research Interest": " Physical Chemistry I",
        "Name": " Physical Chemistry I",
        "Position": "Missing"
    },
    {
        "Research Interest": "Calculus",
        "Name": "Calculus",
        "Position": "Missing"
    },
    {
        "Research Interest": " Calculus I",
        "Name": " Calculus I",
        "Position": "Missing"
    },
    {
        "Research Interest": "Calculus II",
        "Name": "Calculus II",
        "Position": "Missing"
    },
    {
        "Research Interest": "Calculus III",
        "Name": "Calculus III",
        "Position": "Missing"
    },
    {
        "Research Interest": "College Physics: Mech &amp; Heat and College Physics: E&amp;M &amp; Modern",
        "Name": "College Physics: Mech &amp; Heat",
        "Position": "Missing"
    },
    {
        "Research Interest": "University Physics: Mechanics and University Physics: Elec &amp; Mag",
        "Name": "University Physics: Mechanics",
        "Position": "Missing"
    }
]