[
    {
        "Research Interest": "Missing",
        "Name": "When a course is listed under two or more categories, the student may decide which of the requirements the course should fulfill; however, it may not be used to fulfill more than one of those requirements.",
        "Email": "Missing"
    },
    {
        "Research Interest": "Missing",
        "Name": "Anthropology Core Courses",
        "Email": "Missing"
    },
    {
        "Research Interest": "Missing",
        "Name": "Choose 3 of the following core courses. Students may make one substitution for 1 of the 3 required courses, choosing from the option listed.",
        "Email": "Missing"
    },
    {
        "Research Interest": "Introduction to Archaeology",
        "Name": "Introduction to Archaeology",
        "Email": "Missing"
    },
    {
        "Research Interest": " World Archaeology",
        "Name": " World Archaeology",
        "Email": "Missing"
    },
    {
        "Research Interest": "Sociocultural Anthropology",
        "Name": "Sociocultural Anthropology",
        "Email": "Missing"
    },
    {
        "Research Interest": " Anthro in a Changing World",
        "Name": " Anthro in a Changing World",
        "Email": "Missing"
    },
    {
        "Research Interest": "Biological Anthropology",
        "Name": "Biological Anthropology",
        "Email": "Missing"
    },
    {
        "Research Interest": " Human Origins and Culture",
        "Name": " Human Origins and Culture",
        "Email": "Missing"
    },
    {
        "Research Interest": "Language in Culture",
        "Name": "Language in Culture",
        "Email": "Missing"
    },
    {
        "Research Interest": " Talking Culture",
        "Name": " Talking Culture",
        "Email": "Missing"
    },
    {
        "Research Interest": "Missing",
        "Name": "Thematic Area Courses",
        "Email": "Missing"
    },
    {
        "Research Interest": "Missing",
        "Name": "Choose courses in Thematic Areas within the Department of Anthropology. Students must meet with the departmental advisor to discuss selection of courses. Thematic Areas:",
        "Email": "Missing"
    },
    {
        "Research Interest": "Anthropology of North, Central and South America",
        "Name": "Anthropology of North, Central and South America",
        "Email": "Missing"
    },
    {
        "Research Interest": "Anthropology of Africa, Asia, Europe",
        "Name": "Anthropology of Africa, Asia, Europe",
        "Email": "Missing"
    },
    {
        "Research Interest": "Criminality, Law and Social Justice",
        "Name": "Criminality, Law and Social Justice",
        "Email": "Missing"
    },
    {
        "Research Interest": "Environment, Landscape and Sustainability",
        "Name": "Environment, Landscape and Sustainability",
        "Email": "Missing"
    },
    {
        "Research Interest": "Family, Community and Social Life",
        "Name": "Family, Community and Social Life",
        "Email": "Missing"
    },
    {
        "Research Interest": "Health, Wellness and Society",
        "Name": "Health, Wellness and Society",
        "Email": "Missing"
    },
    {
        "Research Interest": "Heritage, Museums and Tourism",
        "Name": "Heritage, Museums and Tourism",
        "Email": "Missing"
    },
    {
        "Research Interest": "Human Evolution and Culture",
        "Name": "Human Evolution and Culture",
        "Email": "Missing"
    },
    {
        "Research Interest": "Identity: Race, Class, Gender, Sexuality, Disability",
        "Name": "Identity: Race, Class, Gender, Sexuality, Disability",
        "Email": "Missing"
    },
    {
        "Research Interest": "Immigration, Transnationalism and Diaspora",
        "Name": "Immigration, Transnationalism and Diaspora",
        "Email": "Missing"
    },
    {
        "Research Interest": "Language, Culture and Communication",
        "Name": "Language, Culture and Communication",
        "Email": "Missing"
    },
    {
        "Research Interest": "Performance, Body, Arts and Media",
        "Name": "Performance, Body, Arts and Media",
        "Email": "Missing"
    },
    {
        "Research Interest": "Science and Technology",
        "Name": "Science and Technology",
        "Email": "Missing"
    },
    {
        "Research Interest": "Missing",
        "Name": "Additional courses within Anthropology or closely related departments that complement the student\\xe2\\x80\\x99s thematic area of study",
        "Email": "Missing"
    },
    {
        "Research Interest": "Missing",
        "Name": "Research and Service Learning Coursework",
        "Email": "Missing"
    },
    {
        "Research Interest": "Missing",
        "Name": "Choose one of the following areas in consultation with the departmental advisor:",
        "Email": "Missing"
    },
    {
        "Research Interest": "Archaeology",
        "Name": "Archaeology",
        "Email": "Missing"
    },
    {
        "Research Interest": "Archaeological Field School",
        "Name": "Archaeological Field School",
        "Email": "Missing"
    },
    {
        "Research Interest": " Lab Analysis in Archaeology",
        "Name": " Lab Analysis in Archaeology",
        "Email": "Missing"
    },
    {
        "Research Interest": "Biological Anthropology",
        "Name": "Biological Anthropology",
        "Email": "Missing"
    },
    {
        "Research Interest": "Methods in Bioanthropology",
        "Name": "Methods in Bioanthropology",
        "Email": "Missing"
    },
    {
        "Research Interest": " Research in Bioanthropology",
        "Name": " Research in Bioanthropology",
        "Email": "Missing"
    },
    {
        "Research Interest": "Sociocultural/Linguistic Anthropology",
        "Name": "Sociocultural/Linguistic Anthropology",
        "Email": "Missing"
    },
    {
        "Research Interest": "Missing",
        "Name": "Research Methods in Socio-Cultural Anthropology (or  ANTH\\xc2\\xa0499 - Research Methods in Linguistic Anthropology section)",
        "Email": "Missing"
    },
    {
        "Research Interest": "Museum Anthropology",
        "Name": "Museum Anthropology",
        "Email": "Missing"
    },
    {
        "Research Interest": "Museum Theory and Practice",
        "Name": "Museum Theory and Practice",
        "Email": "Missing"
    },
    {
        "Research Interest": " Museum Internship",
        "Name": " Museum Internship",
        "Email": "Missing"
    },
    {
        "Research Interest": "Missing",
        "Name": "Senior Capstone Project",
        "Email": "Missing"
    },
    {
        "Research Interest": "Missing",
        "Name": "Choose one option below (Honors Thesis, Senior Capstone Seminar, Internship, Study Abroad, Field School or Research) in consultation with the departmental advisor:",
        "Email": "Missing"
    },
    {
        "Research Interest": "Missing",
        "Name": "Honors Thesis- 6 hours. Two consecutive semesters of research resulting in a written thesis",
        "Email": "Missing"
    },
    {
        "Research Interest": "Honors Senior Thesis I",
        "Name": "Honors Senior Thesis I",
        "Email": "Missing"
    },
    {
        "Research Interest": "Honors Senior Thesis II",
        "Name": "Honors Senior Thesis II",
        "Email": "Missing"
    },
    {
        "Research Interest": "Missing",
        "Name": "Senior Capstone Seminar (Independent Research)- 3 hours",
        "Email": "Missing"
    },
    {
        "Research Interest": "Senior Capstone Seminar",
        "Name": "Senior Capstone Seminar",
        "Email": "Missing"
    },
    {
        "Research Interest": "Missing",
        "Name": "Internship- 3 hours. A portfolio and report associated with an approved departmental internship",
        "Email": "Missing"
    },
    {
        "Research Interest": "Individual Study",
        "Name": "Individual Study",
        "Email": "Missing"
    },
    {
        "Research Interest": "Missing",
        "Name": "Study Abroad- 3 hours. A portfolio and report associated with an approved Study Abroad experience",
        "Email": "Missing"
    },
    {
        "Research Interest": "Individual Study",
        "Name": "Individual Study",
        "Email": "Missing"
    },
    {
        "Research Interest": "Missing",
        "Name": "Research and/or Field School- 3-6 hours. Data analysis and a research report associated with one of the following:",
        "Email": "Missing"
    },
    {
        "Research Interest": "Missing",
        "Name": "Archaeological Field School and Lab Analysis in Archaeology",
        "Email": "Missing"
    },
    {
        "Research Interest": "Missing",
        "Name": "Methods in Bioanthropology and Research in Bioanthropology",
        "Email": "Missing"
    },
    {
        "Research Interest": "Missing",
        "Name": "Total Hours",
        "Email": "Missing"
    }
]