[
    {
        "Research Interest": "Literature and Ideas",
        "Position": "Missing",
        "Name": "Literature and Ideas",
        "Email": "Missing"
    },
    {
        "Research Interest": "Missing",
        "Position": "Missing",
        "Name": "Five core CWL courses chosen from broadly comparative courses, from the following:",
        "Email": "Missing"
    },
    {
        "Research Interest": "Missing",
        "Position": "Missing",
        "Name": "At least two courses must be at the 300-400- level. At least one course must be in a period prior to 1800 and one course in a period since 1800.",
        "Email": "Missing"
    },
    {
        "Research Interest": "Global Consciousness and Lit",
        "Position": "Missing",
        "Name": "Global Consciousness and Lit",
        "Email": "Missing"
    },
    {
        "Research Interest": "Cross-Cultural Thematics",
        "Position": "Missing",
        "Name": "Cross-Cultural Thematics",
        "Email": "Missing"
    },
    {
        "Research Interest": "Lit of Asia &amp; Africa I",
        "Position": "Missing",
        "Name": "Lit of Asia &amp; Africa I",
        "Email": "Missing"
    },
    {
        "Research Interest": "Lit of Asia &amp; Africa II",
        "Position": "Missing",
        "Name": "Lit of Asia &amp; Africa II",
        "Email": "Missing"
    },
    {
        "Research Interest": "Comparative Lit Studies",
        "Position": "Missing",
        "Name": "Comparative Lit Studies",
        "Email": "Missing"
    },
    {
        "Research Interest": "Early Masterpieces of Western Culture",
        "Position": "Missing",
        "Name": "Early Masterpieces of Western Culture",
        "Email": "Missing"
    },
    {
        "Research Interest": "Modern Masterpieces of Western Culture",
        "Position": "Missing",
        "Name": "Modern Masterpieces of Western Culture",
        "Email": "Missing"
    },
    {
        "Research Interest": "Special Topics Comp Lit I",
        "Position": "Missing",
        "Name": "Special Topics Comp Lit I",
        "Email": "Missing"
    },
    {
        "Research Interest": "Themes in Narrative",
        "Position": "Missing",
        "Name": "Themes in Narrative",
        "Email": "Missing"
    },
    {
        "Research Interest": "Lit Genres and Forms",
        "Position": "Missing",
        "Name": "Lit Genres and Forms",
        "Email": "Missing"
    },
    {
        "Research Interest": "International Lit Relations",
        "Position": "Missing",
        "Name": "International Lit Relations",
        "Email": "Missing"
    },
    {
        "Research Interest": "Special Topics in Comp Lit II",
        "Position": "Missing",
        "Name": "Special Topics in Comp Lit II",
        "Email": "Missing"
    },
    {
        "Research Interest": "Missing",
        "Position": "Missing",
        "Name": "Three courses from at least two national traditions at 200-400 level. No more than 2 courses at the 200-level. Chosen from any literature courses offered by the following departments:",
        "Email": "Missing"
    },
    {
        "Research Interest": " African American Studies",
        "Position": "Missing",
        "Name": " African American Studies",
        "Email": "Missing"
    },
    {
        "Research Interest": "American Indian Studies",
        "Position": "Missing",
        "Name": "American Indian Studies",
        "Email": "Missing"
    },
    {
        "Research Interest": "Asian American Studies",
        "Position": "Missing",
        "Name": "Asian American Studies",
        "Email": "Missing"
    },
    {
        "Research Interest": "Gender &amp; Women\\xe2\\x80\\x99s Studies",
        "Position": "Missing",
        "Name": "Gender &amp; Women\\xe2\\x80\\x99s Studies",
        "Email": "Missing"
    },
    {
        "Research Interest": "Classics",
        "Position": "Missing",
        "Name": "Classics",
        "Email": "Missing"
    },
    {
        "Research Interest": "East Asian Languages &amp; Cultures",
        "Position": "Missing",
        "Name": "East Asian Languages &amp; Cultures",
        "Email": "Missing"
    },
    {
        "Research Interest": "English",
        "Position": "Missing",
        "Name": "English",
        "Email": "Missing"
    },
    {
        "Research Interest": "French &amp; Italian",
        "Position": "Missing",
        "Name": "French &amp; Italian",
        "Email": "Missing"
    },
    {
        "Research Interest": "Germanic Languages &amp; Literature",
        "Position": "Missing",
        "Name": "Germanic Languages &amp; Literature",
        "Email": "Missing"
    },
    {
        "Research Interest": "Jewish Culture &amp; Society",
        "Position": "Missing",
        "Name": "Jewish Culture &amp; Society",
        "Email": "Missing"
    },
    {
        "Research Interest": "Latino/Latina Studies",
        "Position": "Missing",
        "Name": "Latino/Latina Studies",
        "Email": "Missing"
    },
    {
        "Research Interest": "Slavic Languages &amp; Literature",
        "Position": "Missing",
        "Name": "Slavic Languages &amp; Literature",
        "Email": "Missing"
    },
    {
        "Research Interest": "Spanish &amp; Portuguese",
        "Position": "Missing",
        "Name": "Spanish &amp; Portuguese",
        "Email": "Missing"
    },
    {
        "Research Interest": "Missing",
        "Position": "Missing",
        "Name": "Area / Cultural Studies Coursework - Two courses at 300-400 level in any literature or in one of the following fields:",
        "Email": "Missing"
    },
    {
        "Research Interest": "Another discipline: e.g. philosophy, cinema, art history, fine arts, music, religion, science, medical humanities, law, creative writing.",
        "Position": "Missing",
        "Name": "Another discipline: e.g. philosophy, cinema, art history, fine arts, music, religion, science, medical humanities, law, creative writing.",
        "Email": "Missing"
    },
    {
        "Research Interest": "Cultural studies: e.g. race, gender, class, postcolonialism, environmental studies.",
        "Position": "Missing",
        "Name": "Cultural studies: e.g. race, gender, class, postcolonialism, environmental studies.",
        "Email": "Missing"
    },
    {
        "Research Interest": "Area Studies: Africa, Middle East, Latin America, South Asia, East Asia, Eastern Europe, the European Union.",
        "Position": "Missing",
        "Name": "Area Studies: Africa, Middle East, Latin America, South Asia, East Asia, Eastern Europe, the European Union.",
        "Email": "Missing"
    },
    {
        "Research Interest": "Missing",
        "Position": "Missing",
        "Name": "Minimum Required Hours:",
        "Email": "Missing"
    }
]