[
    {
        "Research Interest": "Missing",
        "Name": "Welcome",
        "Position": "Missing"
    },
    {
        "Research Interest": "Missing",
        "Name": "Mission and Vision",
        "Position": "Missing"
    },
    {
        "Research Interest": "Newsletter",
        "Name": "News",
        "Position": "Missing"
    },
    {
        "Research Interest": "Nevada Dance Complex",
        "Name": "Spaces",
        "Position": "Missing"
    },
    {
        "Research Interest": "Rich Past",
        "Name": "History",
        "Position": "Missing"
    },
    {
        "Research Interest": "Missing",
        "Name": "Welcome",
        "Position": "Missing"
    },
    {
        "Research Interest": "Commitment",
        "Name": "Diversity and Inclusion",
        "Position": "Missing"
    },
    {
        "Research Interest": "Missing",
        "Name": "Children\\'s Dance",
        "Position": "Missing"
    },
    {
        "Research Interest": "Missing",
        "Name": "Flatlands Dance Film Festival",
        "Position": "Missing"
    },
    {
        "Research Interest": "Missing",
        "Name": "Dance for People with Parkinson\\'s",
        "Position": "Missing"
    },
    {
        "Research Interest": "Missing",
        "Name": "Mark Morris Shadow Program",
        "Position": "Missing"
    },
    {
        "Research Interest": "Missing",
        "Name": "OLLI Lectures",
        "Position": "Missing"
    },
    {
        "Research Interest": "Missing",
        "Name": "FAA Summer Dance Intensive",
        "Position": "Missing"
    },
    {
        "Research Interest": "Missing",
        "Name": "Choreography Competition",
        "Position": "Missing"
    },
    {
        "Research Interest": "Missing",
        "Name": "Choreographic Platform",
        "Position": "Missing"
    },
    {
        "Research Interest": "Missing",
        "Name": "Welcome",
        "Position": "Missing"
    },
    {
        "Research Interest": "Missing",
        "Name": "Why Dance at Illinois?",
        "Position": "Missing"
    },
    {
        "Research Interest": "Missing",
        "Name": "About the Program",
        "Position": "Missing"
    },
    {
        "Research Interest": "Missing",
        "Name": "Curriculum",
        "Position": "Missing"
    },
    {
        "Research Interest": "Missing",
        "Name": "FAQ",
        "Position": "Missing"
    },
    {
        "Research Interest": "Missing",
        "Name": "Apply",
        "Position": "Missing"
    },
    {
        "Research Interest": "Missing",
        "Name": "Donate",
        "Position": "Missing"
    },
    {
        "Research Interest": "Award Winners",
        "Name": "No Debt for Dancers",
        "Position": "Missing"
    },
    {
        "Research Interest": "Missing",
        "Name": "Donors",
        "Position": "Missing"
    },
    {
        "Research Interest": "Missing",
        "Name": "Faculty",
        "Position": "Missing"
    },
    {
        "Research Interest": "Missing",
        "Name": "Affiliated Faculty",
        "Position": "Missing"
    },
    {
        "Research Interest": "Previous Guest Artists",
        "Name": "Guest Artists",
        "Position": "Missing"
    },
    {
        "Research Interest": "Missing",
        "Name": "Graduate Assistants",
        "Position": "Missing"
    },
    {
        "Research Interest": "Missing",
        "Name": "Musicians",
        "Position": "Missing"
    },
    {
        "Research Interest": "Missing",
        "Name": "Staff",
        "Position": "Missing"
    },
    {
        "Research Interest": "Missing",
        "Name": "Home",
        "Position": "Missing"
    },
    {
        "Research Interest": "Missing",
        "Name": "Creative Research",
        "Position": "Missing"
    },
    {
        "Research Interest": "Missing",
        "Name": "Alumni",
        "Position": "Missing"
    },
    {
        "Research Interest": "Missing",
        "Name": "Gallery",
        "Position": "Missing"
    }
]