[
    {
        "Research Interest": "Missing",
        "Name": "We prepare our students to succeed. We offer teacher licensure and non-licensure degree options\\xe2\\x80\\x94so you can choose the right fit for your future."
    },
    {
        "Research Interest": "From the moment you arrive on campus, you\\'ll have a network of peoplelooking out for you.",
        "Name": "From the moment you arrive on campus, you\\'ll have a network of peoplelooking out for you."
    },
    {
        "Research Interest": "best decisions. Professors and others will serve as valued mentors. Your fellow students will play a role, too, through peer advising programs, student organizations, and lasting friendships.",
        "Name": "It starts with your academic adviser who will help you  make the best decisions. Professors and others will serve as valued mentors. Your fellow students will play a role, too, through peer advising programs, student organizations, and lasting friendships."
    },
    {
        "Research Interest": "Missing",
        "Name": "After graduation? You\\'ll still be able to count on us for assistance with curriculum planning and connecting with faculty and alumni for support."
    },
    {
        "Research Interest": "as a minor in secondary teaching.",
        "Name": "We offer four teacher licensure degrees as well  as a minor in secondary teaching."
    },
    {
        "Research Interest": " for information about the Illinois State Board of Education (ISBE) requirements in our licensure programs.",
        "Name": "Visit this page  for information about the Illinois State Board of Education (ISBE) requirements in our licensure programs."
    },
    {
        "Research Interest": "education, training, and management positions in business, government, healthcare, international schools and more.  We offer four areas of concentration in this non-licensure degree:",
        "Name": "Our  Bachelor of Science in Learning and Education Studies major will prepare you to lead in education, training, and management positions in business, government, healthcare, international schools and more.  We offer four areas of concentration in this non-licensure degree:  "
    },
    {
        "Research Interest": "Information for Current Illinois students",
        "Name": "Information for Freshman Admissions Information for Off-Campus Transfers Information for Current Illinois students"
    },
    {
        "Research Interest": "is a great place to go for answers to your questions. Illinois may be a large university, but at the College of Education, we\\'ll make sure you never get lost in the crowd.",
        "Name": "From admission to graduation\\xe2\\x80\\x94our Student Academic Affairs Office is a great place to go for answers to your questions. Illinois may be a large university, but at the College of Education, we\\'ll make sure you never get lost in the crowd."
    },
    {
        "Research Interest": "coordinates all aspects of field placements for student teachers leading to Illinois Licensure in Early Childhood, Elementary, and Secondary Education.",
        "Name": "School and Community Experiences coordinates all aspects of field placements for student teachers leading to Illinois Licensure in Early Childhood, Elementary, and Secondary Education."
    },
    {
        "Research Interest": "manages teacher licensure in cooperation with your degree program to ensure that you\\'ve met all of the necessary requirements.",
        "Name": "Public school teachers must be officially certified before they\\'re hired. At Illinois, the Council on Teacher Education manages teacher licensure in cooperation with your degree program to ensure that you\\'ve met all of the necessary requirements."
    },
    {
        "Research Interest": "Missing",
        "Name": "We prepare you to teach science in elementary classrooms in ways that engage students through both hands-on and minds-on science inquiry."
    }
]