[
    {
        "Position": "Grants Administrator",
        "Research Interest": "Grants Administrator",
        "Name": "Rachel Agnir"
    },
    {
        "Position": "Lecturer and Assistant Research Professor (ECE)",
        "Research Interest": "Lecturer and Assistant Research Professor (ECE)",
        "Name": "Osama Alshaykh, PhD"
    },
    {
        "Position": "Distinguished Professor (ME, SE, ECE)",
        "Research Interest": "Distinguished Professor (ME, SE, ECE)",
        "Name": "John Baillieul, Ph.D."
    },
    {
        "Position": "Research Professor (ECE)",
        "Research Interest": "Research Professor (ECE)",
        "Name": "Bob Barmish"
    },
    {
        "Position": "Professor (ECE, MSE)",
        "Research Interest": "Professor (ECE, MSE)",
        "Name": "Enrico Bellotti, Ph.D."
    },
    {
        "Position": "Professor (ME, SE, ECE)  Director of BU Robotics Lab",
        "Research Interest": "Professor (ME, SE, ECE)  Director of BU Robotics Lab",
        "Name": "Calin Belta, Ph.D."
    },
    {
        "Position": "Professor (CS, SE, ECE)",
        "Research Interest": "Professor (CS, SE, ECE)",
        "Name": "Azer Bestavros, PhD"
    },
    {
        "Position": "Professor (CS, ECE, BME)",
        "Research Interest": "Professor (CS, ECE, BME)",
        "Name": "Margrit Betke, Ph.D."
    },
    {
        "Position": "Professor (BME, ECE, Physics, Medicine)",
        "Research Interest": "Professor (BME, ECE, Physics, Medicine)",
        "Name": "Irving Bigio, Ph.D."
    },
    {
        "Position": "Professor (ECE, Physics, MSE, ME, BME) Head of the Division of Materials Science &#038; Engineering Director of the CELL-MET Engineering Research Center",
        "Research Interest": "Professor (ECE, Physics, MSE, ME, BME) Head of the Division of Materials Science &#038; Engineering Director of the CELL-MET Engineering Research Center",
        "Name": "David Bishop, Ph.D."
    },
    {
        "Position": "Professor (BME, ECE)  Director of Neurophotonics Center",
        "Research Interest": "Professor (BME, ECE)  Director of Neurophotonics Center",
        "Name": "David Boas, Ph.D."
    },
    {
        "Position": "Professor (ECE)",
        "Research Interest": "Professor (ECE)",
        "Name": "Richard Brower, PhD"
    },
    {
        "Position": "Professor (Physics, ECE, MSE)",
        "Research Interest": "Professor (Physics, ECE, MSE)",
        "Name": "David Campbell, Ph.D."
    },
    {
        "Position": "Associate Professor (ECE)",
        "Research Interest": "Associate Professor (ECE)",
        "Name": "Jeffrey Carruthers, PhD"
    },
    {
        "Position": "Distinguished Professor (ECE, SE) Head of the Division of Systems Engineering",
        "Research Interest": "Distinguished Professor (ECE, SE) Head of the Division of Systems Engineering",
        "Name": "Christos Cassandras, Ph.D."
    },
    {
        "Position": "Professor (ECE, SE)",
        "Research Interest": "Professor (ECE, SE)",
        "Name": "David Casta\\xc3\\xb1\\xc3\\xb3n, Ph.D."
    },
    {
        "Position": "Professor (ECE, BME, MSE)",
        "Research Interest": "Professor (ECE, BME, MSE)",
        "Name": "Ji-Xin Cheng, Ph.D."
    },
    {
        "Position": "Professor (BME &#038; ECE)",
        "Research Interest": "Professor (BME &#038; ECE)",
        "Name": "H. Steven Colburn, Ph.D."
    },
    {
        "Position": "Associate Professor (ECE)",
        "Research Interest": "Associate Professor (ECE)",
        "Name": "Ayse Coskun, PhD"
    },
    {
        "Position": "Professor (CS, SE, ECE)",
        "Research Interest": "Professor (CS, SE, ECE)",
        "Name": "Mark Crovella, Ph.D."
    },
    {
        "Position": "Systems Support Specialist, Technology Support for ECE (COE, ECE)",
        "Research Interest": "Systems Support Specialist, Technology Support for ECE (COE, ECE)",
        "Name": "Derek Curley"
    },
    {
        "Position": "Assistant Professor (ECE, SE)",
        "Research Interest": "Assistant Professor (ECE, SE)",
        "Name": "Ashok Cutkosky, PhD"
    },
    {
        "Position": "Professor (ECE, MSE, Physics)",
        "Research Interest": "Professor (ECE, MSE, Physics)",
        "Name": "Luca Dal Negro, Ph.D."
    },
    {
        "Position": "Associate Professor (ECE, BME)",
        "Research Interest": "Associate Professor (ECE, BME)",
        "Name": "Douglas Densmore, Ph.D."
    },
    {
        "Position": "Assistant Professor (ECE)",
        "Research Interest": "Assistant Professor (ECE)",
        "Name": "Manuel Egele, PhD"
    },
    {
        "Position": "Senior Associate Dean for Academic Programs, College of Engineering Professor (BME, ECE)",
        "Research Interest": "Senior Associate Dean for Academic Programs, College of Engineering Professor (BME, ECE)",
        "Name": "Solomon Eisenberg, Sc.D."
    },
    {
        "Position": "Professor (Archaeology, ECE) Director, Center for Remote Sensing",
        "Research Interest": "Professor (Archaeology, ECE) Director, Center for Remote Sensing",
        "Name": "Farouk El-Baz, PhD"
    },
    {
        "Position": "Research Scientist (ECE)",
        "Research Interest": "Research Scientist (ECE)",
        "Name": "Ryan Eriksen, PhD"
    },
    {
        "Position": "Laboratory Manager (ECE)",
        "Research Interest": "Laboratory Manager (ECE)",
        "Name": "David E. Fortin"
    },
    {
        "Position": "Professor (ECE)",
        "Research Interest": "Professor (ECE)",
        "Name": "Roscoe Giles, PhD"
    },
    {
        "Position": "Professor (ECE)",
        "Research Interest": "Professor (ECE)",
        "Name": "Vivek Goyal, PhD"
    },
    {
        "Position": "Research Professor (ECE)",
        "Research Interest": "Research Professor (ECE)",
        "Name": "Robert Gray, PhD"
    },
    {
        "Position": "ECE Department Director",
        "Research Interest": "ECE Department Director",
        "Name": "Karen Hennessey"
    },
    {
        "Position": "Professor (ECE)",
        "Research Interest": "Professor (ECE)",
        "Name": "Martin Herbordt, PhD"
    },
    {
        "Position": "Adjunct Professor (ECE)",
        "Research Interest": "Adjunct Professor (ECE)",
        "Name": "Michael Hirsch, PhD"
    },
    {
        "Position": "Grant Administrator",
        "Research Interest": "Grant Administrator",
        "Name": "Aidan Hogan"
    },
    {
        "Position": "Professor (ECE)",
        "Research Interest": "Professor (ECE)",
        "Name": "Mark Horenstein, PhD"
    },
    {
        "Position": "Emeritus (ECE, BME)",
        "Research Interest": "Emeritus (ECE, BME)",
        "Name": "Allyn Hubbard, Ph.D."
    },
    {
        "Position": "Professor (ECE, SE)",
        "Research Interest": "Professor (ECE, SE)",
        "Name": "Prakash Ishwar, Ph.D."
    },
    {
        "Position": "Associate Professor (ECE)",
        "Research Interest": "Associate Professor (ECE)",
        "Name": "Ajay Joshi, PhD"
    },
    {
        "Position": "ECE Department Chair &#038; Professor (ECE, SE, BME)",
        "Research Interest": "ECE Department Chair &#038; Professor (ECE, SE, BME)",
        "Name": "W. Clem Karl, Ph.D."
    },
    {
        "Position": "Emeritus &#8211; Professor (ECE)",
        "Research Interest": "Emeritus &#8211; Professor (ECE)",
        "Name": "Mark Karpovsky, PhD"
    },
    {
        "Position": "Research Professor (ECE)",
        "Research Interest": "Research Professor (ECE)",
        "Name": "Gerd Keiser, PhD"
    },
    {
        "Position": "Administrative Coordinator (ECE)",
        "Research Interest": "Administrative Coordinator (ECE)",
        "Name": "Allison Kleber"
    },
    {
        "Position": "Professor (Physics, MSE, ECE)",
        "Research Interest": "Professor (Physics, MSE, ECE)",
        "Name": "William Klein, Ph.D."
    },
    {
        "Position": "Electronic Circuits Lab Manager (ECE)",
        "Research Interest": "Electronic Circuits Lab Manager (ECE)",
        "Name": "Vladimir Kleptsyn"
    },
    {
        "Position": "Professor (ECE)",
        "Research Interest": "Professor (ECE)",
        "Name": "Janusz Konrad, PhD"
    },
    {
        "Position": "Associate Professor (ECE)",
        "Research Interest": "Associate Professor (ECE)",
        "Name": "Robert Kotiuga, PhD"
    },
    {
        "Position": "Professor (ECE)",
        "Research Interest": "Professor (ECE)",
        "Name": "Orran Krieger, PhD"
    },
    {
        "Position": "Associate Professor (ECE, SE)",
        "Research Interest": "Associate Professor (ECE, SE)",
        "Name": "Brian Kulis, PhD"
    },
    {
        "Position": "Professor (ECE)",
        "Research Interest": "Professor (ECE)",
        "Name": "Min-Chang Lee, PhD"
    },
    {
        "Position": "Distinguished Professor (ECE, SE)",
        "Research Interest": "Distinguished Professor (ECE, SE)",
        "Name": "Lev Levitin, PhD"
    },
    {
        "Position": "Assistant Professor (ECE, SE)",
        "Research Interest": "Assistant Professor (ECE, SE)",
        "Name": "Wenchao Li, PhD"
    },
    {
        "Position": "Professor (ECE, SE) Associate Dean of Educational Initiatives Associate Director, NSF Smart Lighting Engineering Research Center",
        "Research Interest": "Professor (ECE, SE) Associate Dean of Educational Initiatives Associate Director, NSF Smart Lighting Engineering Research Center",
        "Name": "Thomas Little, Ph.D."
    },
    {
        "Position": "Research Scientist",
        "Research Interest": "Research Scientist",
        "Name": "Masahiko Matsubara, PhD"
    },
    {
        "Position": "Research Professor (ECE, MSE)",
        "Research Interest": "Research Professor (ECE, MSE)",
        "Name": "Malay Mazumder, Ph.D."
    },
    {
        "Position": "Professor (Astronomy, ECE)",
        "Research Interest": "Professor (Astronomy, ECE)",
        "Name": "Michael Mendillo, PhD"
    },
    {
        "Position": "Professor (BME, ECE, Physics)",
        "Research Interest": "Professor (BME, ECE, Physics)",
        "Name": "Jerome C. Mertz, Ph.D."
    },
    {
        "Position": "Senior Lecturer (ECE)",
        "Research Interest": "Senior Lecturer (ECE)",
        "Name": "Babak Kia Montazam"
    },
    {
        "Position": "ECE Associate Chair for Undergraduate Programs Senior Lecturer &#038; Research Assistant Professor (ECE)",
        "Research Interest": "ECE Associate Chair for Undergraduate Programs Senior Lecturer &#038; Research Assistant Professor (ECE)",
        "Name": "Tali Moreshet, PhD"
    },
    {
        "Position": "Professor Emeritus (ECE, MSE)",
        "Research Interest": "Professor Emeritus (ECE, MSE)",
        "Name": "Theodore Morse, Ph.D."
    },
    {
        "Position": "Professor Emeritus (MSE, ECE) Distinguished Professor of Photonics and Optoelectronics",
        "Research Interest": "Professor Emeritus (MSE, ECE) Distinguished Professor of Photonics and Optoelectronics",
        "Name": "Theodore Moustakas, Ph.D."
    },
    {
        "Position": "Professor (ECE, BME)",
        "Research Interest": "Professor (ECE, BME)",
        "Name": "Hamid Nawab, Ph.D."
    },
    {
        "Position": "Associate Professor (ECE, SE)",
        "Research Interest": "Associate Professor (ECE, SE)",
        "Name": "Bobak Nazer, PhD"
    },
    {
        "Position": "Assistant Professor (ECE)",
        "Research Interest": "Assistant Professor (ECE)",
        "Name": "Abdoulaye Ndao, PhD"
    },
    {
        "Position": "Research Associate Professor (ECE)",
        "Research Interest": "Research Associate Professor (ECE)",
        "Name": "Toshi Nishimura, PhD"
    },
    {
        "Position": "Assistant Professor (ECE)",
        "Research Interest": "Assistant Professor (ECE)",
        "Name": "Eshed Ohn-Bar, PhD"
    },
    {
        "Position": "Grants Administrator",
        "Research Interest": "Grants Administrator",
        "Name": "David Oliveira"
    },
    {
        "Position": "Associate Professor (ECE, SE)",
        "Research Interest": "Associate Professor (ECE, SE)",
        "Name": "Alexander Olshevsky, Ph.D."
    },
    {
        "Position": "Professor (CAS, ECE)",
        "Research Interest": "Professor (CAS, ECE)",
        "Name": "Meers Oppenheim, PhD"
    },
    {
        "Position": "Assistant Professor (ECE, SE)",
        "Research Interest": "Assistant Professor (ECE, SE)",
        "Name": "Francesco Orabona, PhD"
    },
    {
        "Position": "Research Professor (ECE)",
        "Research Interest": "Research Professor (ECE)",
        "Name": "Richard Osgood, PhD"
    },
    {
        "Position": "Research Assistant Professor (ECE)",
        "Research Interest": "Research Assistant Professor (ECE)",
        "Name": "Ayca Ozkumur"
    },
    {
        "Position": "Professor (ECE, MSE)",
        "Research Interest": "Professor (ECE, MSE)",
        "Name": "Roberto Paiella, Ph.D."
    },
    {
        "Position": "Professor (ECE, BME, SE) Director, Center for Information and Systems Engineering",
        "Research Interest": "Professor (ECE, BME, SE) Director, Center for Information and Systems Engineering",
        "Name": "Ioannis Paschalidis, Ph.D."
    },
    {
        "Position": "Research Professor (ECE)",
        "Research Interest": "Research Professor (ECE)",
        "Name": "Dimitris Pavlidis, PhD"
    },
    {
        "Position": "Emeritus Faculty (ECE)",
        "Research Interest": "Emeritus Faculty (ECE)",
        "Name": "David Perreault, PhD"
    },
    {
        "Position": "Associate Professor of the Practice (ECE)",
        "Research Interest": "Associate Professor of the Practice (ECE)",
        "Name": "Alan Pisano, Ph.D."
    },
    {
        "Position": "Associate Professor (ECE)",
        "Research Interest": "Associate Professor (ECE)",
        "Name": "Milo\\xc5\\xa1 Popovi\\xc4\\x87, PhD"
    },
    {
        "Position": "Professor (ECE, Physics, MSE)",
        "Research Interest": "Professor (ECE, Physics, MSE)",
        "Name": "Siddharth Ramachandran, Ph.D."
    },
    {
        "Position": "Academic Program Manager",
        "Research Interest": "Academic Program Manager",
        "Name": "Christine Ritzkowski"
    },
    {
        "Position": "Associate Professor, Biomedical Engineering",
        "Research Interest": "Associate Professor, Biomedical Engineering",
        "Name": "Darren Roblyer, Ph.D."
    },
    {
        "Position": "Professor Emeritus (ECE)",
        "Research Interest": "Professor Emeritus (ECE)",
        "Name": "Michael Ruane, PhD"
    },
    {
        "Position": "Assistant to the Chair (ECE)",
        "Research Interest": "Assistant to the Chair (ECE)",
        "Name": "Loveleen Saini"
    },
    {
        "Position": "Professor Emeritus (ECE)",
        "Research Interest": "Professor Emeritus (ECE)",
        "Name": "Bahaa Saleh, PhD"
    },
    {
        "Position": "Professor (ECE, SE)",
        "Research Interest": "Professor (ECE, SE)",
        "Name": "Venkatesh Saligrama, Ph.D."
    },
    {
        "Position": "Associate Professor (ECE, BME, MSE)",
        "Research Interest": "Associate Professor (ECE, BME, MSE)",
        "Name": "Michelle Sander, Ph.D."
    },
    {
        "Position": "Associate Dean of the Faculty, Mathematical &#038; Computational Sciences  Professor (CS, ECE)",
        "Research Interest": "Associate Dean of the Faculty, Mathematical &#038; Computational Sciences  Professor (CS, ECE)",
        "Name": "Stan Sclaroff, PhD"
    },
    {
        "Position": "Professor (ECE)",
        "Research Interest": "Professor (ECE)",
        "Name": "Joshua Semeter, PhD"
    },
    {
        "Position": "Professor (ECE)",
        "Research Interest": "Professor (ECE)",
        "Name": "Alexander Sergienko, PhD"
    },
    {
        "Position": "Assistant Professor (ECE, MSE)",
        "Research Interest": "Assistant Professor (ECE, MSE)",
        "Name": "Sahar Sharifzadeh, Ph.D."
    },
    {
        "Position": "Adjunct Associate Professor, (ECE)",
        "Research Interest": "Adjunct Associate Professor, (ECE)",
        "Name": "Thomas Skinner, PhD"
    },
    {
        "Position": "Professor(CS, ECE)",
        "Research Interest": "Professor(CS, ECE)",
        "Name": "Adam Smith, Ph.D."
    },
    {
        "Position": "Professor (ECE, SE)",
        "Research Interest": "Professor (ECE, SE)",
        "Name": "David Starobinski, Ph.D."
    },
    {
        "Position": "Assistant Professor (ECE)",
        "Research Interest": "Assistant Professor (ECE)",
        "Name": "Gianluca Stringhini, Ph.D."
    },
    {
        "Position": "Assistant Professor (Physics, ECE)",
        "Research Interest": "Assistant Professor (Physics, ECE)",
        "Name": "Alex Sushkov, Ph.D."
    },
    {
        "Position": "ECE Associate Chair of Doctoral Programs Associate Professor (ECE, Physics, MSE)",
        "Research Interest": "ECE Associate Chair of Doctoral Programs Associate Professor (ECE, Physics, MSE)",
        "Name": "Anna Swan, Ph.D."
    },
    {
        "Position": "Professor Emeritus (ECE, BME)",
        "Research Interest": "Professor Emeritus (ECE, BME)",
        "Name": "Malvin Teich, Ph.D."
    },
    {
        "Position": "Assistant Professor (ECE)",
        "Research Interest": "Assistant Professor (ECE)",
        "Name": "Lei Tian, PhD"
    },
    {
        "Position": "Professor (ECE, SE)",
        "Research Interest": "Professor (ECE, SE)",
        "Name": "Ari Trachtenberg, Ph.D."
    },
    {
        "Position": "Professor (ECE, MSE, BME)",
        "Research Interest": "Professor (ECE, MSE, BME)",
        "Name": "Selim \\xc3\\x9cnl\\xc3\\xbc, Ph.D."
    },
    {
        "Position": "Assistant Professor (ME, ECE)",
        "Research Interest": "Assistant Professor (ME, ECE)",
        "Name": "Brian Walsh, Ph.D."
    },
    {
        "Position": "Professor (CS, ECE)",
        "Research Interest": "Professor (CS, ECE)",
        "Name": "Richard West, PhD"
    },
    {
        "Position": "Financial Manager (ECE)",
        "Research Interest": "Financial Manager (ECE)",
        "Name": "Shawn White"
    },
    {
        "Position": "Academic Programs Manager &#8211; Masters",
        "Research Interest": "Academic Programs Manager &#8211; Masters",
        "Name": "Susan Wilcox"
    },
    {
        "Position": "Associate Chair of Master Programs &#038; Associate Professor (ECE, Chem)",
        "Research Interest": "Associate Chair of Master Programs &#038; Associate Professor (ECE, Chem)",
        "Name": "Chen Yang"
    },
    {
        "Position": "Assistant Professor (ECE)",
        "Research Interest": "Assistant Professor (ECE)",
        "Name": "Rabia Yazicigil, Ph.D."
    },
    {
        "Position": "Professor (ME, ECE, BME, MSE)",
        "Research Interest": "Professor (ME, ECE, BME, MSE)",
        "Name": "Xin Zhang, Ph.D."
    },
    {
        "Position": "Instructor (BME)",
        "Research Interest": "Instructor (BME)",
        "Name": "Aleksandrs Zosuls"
    },
    {
        "Position": "Program Coordinator",
        "Research Interest": "Program Coordinator",
        "Name": "Hannah Zyung"
    },
    {
        "Position": "People",
        "Research Interest": "People",
        "Name": "People"
    },
    {
        "Position": "Current Students",
        "Research Interest": "Current Students",
        "Name": "Current Students"
    },
    {
        "Position": "Alumni",
        "Research Interest": "Alumni",
        "Name": "Alumni"
    },
    {
        "Position": "Faculty &#038; Staff",
        "Research Interest": "Faculty &#038; Staff",
        "Name": "Faculty &#038; Staff"
    },
    {
        "Position": "Career Development",
        "Research Interest": "Career Development",
        "Name": "Career Development"
    },
    {
        "Position": "Corporate Partners",
        "Research Interest": "Corporate Partners",
        "Name": "Corporate Partners"
    }
]