[
    {
        "Research Interest": "Computer-supported communication, cooperation, and collaboration, learning and technology, cognitive engineering and modeling, human computer interaction, communication and discourse, internet and society. ",
        "Position": "Professor, Computer Science",
        "Name": "Rick Alterman",
        "Phone number": "781-736-2703",
        "Email": "ralterma@brandeis.edu"
    },
    {
        "Research Interest": "Databases and Systems supporting the management of \"Big Data\", software engineering. ",
        "Position": "Associate Professor, Computer Science",
        "Name": "Mitch Cherniack",
        "Phone number": "781-736-2738",
        "Email": "mfc@brandeis.edu"
    },
    {
        "Research Interest": "Visual pattern recognition, content-based image retrieval, image processing and analysis, computer vision",
        "Position": "Professor and Undergraduate Advising Chair, Computer Science",
        "Name": "Antonella DiLillo",
        "Phone number": "781-736-2736",
        "Email": "dilant@brandeis.edu"
    },
    {
        "Research Interest": "Theoretical syntax and the syntax-semantics interface, ellipsis and null anaphora, morphosyntax, structure of Modern Hebrew and other Semitic languages, corpus linguistics. ",
        "Position": "Professor, Linguistics; Director of Graduate Studies, Computational Linguistics",
        "Name": "Lotus Goldberg",
        "Phone number": "781-736-3265",
        "Email": "lmgold@brandeis.edu"
    },
    {
        "Research Interest": "Educational Technology, Computer Science Education, 3D Game Design, Interval Arithmetic, Scientific Visualization, Computer Supported Learning, Groupware and Collaborative Editing, Constraint Logic Programming. ",
        "Position": "Professor and Chair, Computer Science",
        "Name": "Tim Hickey",
        "Phone number": "781-736-2706",
        "Email": "tjhickey@brandeis.edu"
    },
    {
        "Research Interest": "Computer science, FinTech, machine learning, image processing, bioinformatics, biomedical informatics, intelligent education. ",
        "Position": "Professor, Computer Science; Affiliation: International Business School",
        "Name": "Pengyu Hong",
        "Phone number": "781-736-2729",
        "Email": "hongpeng@brandeis.edu"
    },
    {
        "Research Interest": "Missing",
        "Position": "Assistant Professor of Computational Linguistics",
        "Name": "Constantine Lignos",
        "Phone number": "781-736-2807",
        "Email": "lignos@brandeis.edu"
    },
    {
        "Research Interest": "Data mining, machine learning and related applications in social media, computer vision and bioinformatics. ",
        "Position": "Assistant Professor",
        "Name": "Hongfu Liu",
        "Phone number": "781-736-2735",
        "Email": "hongfuliu@brandeis.edu"
    },
    {
        "Research Interest": "&#65279;Logic in computer science, Lambda calculus, functional programming. ",
        "Position": "Professor, Computer Science",
        "Name": "Harry Mairson",
        "Phone number": "781-736-2724",
        "Email": "mairson@brandeis.edu"
    },
    {
        "Research Interest": "Formal semantics and pragmatics, corpus linguistics, speech acts, game and decision theory, reference and information structure, modality, impersonals and passives, heritage language acquisition. ",
        "Position": "Associate Professor, Linguistics",
        "Name": "Sophia Malamud",
        "Phone number": "781-736-2225",
        "Email": "smalamud@brandeis.edu"
    },
    {
        "Research Interest": "Computational linguistics, natural language processing, speech recognition. ",
        "Position": "Associate Professor of the Practice of Computer Science and Industry Liaison",
        "Name": "Marie Meteer",
        "Phone number": "mmeteer@brandeis.edu",
        "Email": "Missing"
    },
    {
        "Research Interest": "D",
        "Position": "Associate Professor and Vice Chair, Computer Science",
        "Name": "Olga Papaemmanouil",
        "Phone number": "781-736-2716",
        "Email": "papaemmanouil@brandeis.edu"
    },
    {
        "Research Interest": "Phonological theory, historical linguistics, morphology, heritage linguistics. ",
        "Position": "Lecturer, Linguistics",
        "Name": "Keith Plaster",
        "Phone number": "781-736-2726",
        "Email": "kplaster@brandeis.edu"
    },
    {
        "Research Interest": "Artificial Intelligence, neural networks, machine learning, evolutionary computation and artificial life. ",
        "Position": "Professor, Computer Science",
        "Name": "Jordan Pollack",
        "Phone number": "781-736-2713",
        "Email": "pollack@brandeis.edu"
    },
    {
        "Research Interest": "&#65279;Theoretical and computational linguistics, artificial intelligence and machine learning, corpus linguistics and annotation, lexical semantics, temporal and spatial reasoning. ",
        "Position": "TJX Feldberg Professor of Computer Science",
        "Name": "James Pustejovsky",
        "Phone number": "781-736-2709",
        "Email": "jamesp@cs.brandeis.edu"
    },
    {
        "Research Interest": "Applied Computer Science. Software Engineering, architecture and design; Development methodology, Scalability; Software Entrepreneurship; Robotics.",
        "Position": "Professor of the Practice of Computer Science",
        "Name": "R. Pito Salas",
        "Phone number": "617-388-6367",
        "Email": "rpsalas@brandeis.edu"
    },
    {
        "Research Interest": "Distributed Systems, reliable and scalable storage systems. ",
        "Position": "Professor, Computer Science",
        "Name": "Liuba Shrira",
        "Phone number": "781-736-2704",
        "Email": "liuba@brandeis.edu"
    },
    {
        "Research Interest": "&#65279;Computer algorithms, data compression, communications and archiving (including text, images, video and multi-media), image retrieval and classification, object recognition and parallel computing. ",
        "Position": "Professor, Computer Science",
        "Name": "Jim Storer",
        "Phone number": "781-736-2714",
        "Email": "storer@brandeis.edu"
    },
    {
        "Research Interest": "Computer Vision, Multiple-View and Video-Based Dynamic 3-D Reconstruction. Website:&#160;",
        "Position": "Associate Professor, Computer Science",
        "Name": "Iraklis Tsekourakis",
        "Phone number": "TBA",
        "Email": "tsekourakis@brandeis.edu"
    },
    {
        "Research Interest": "Computational linguistics, Chinese language processing, Semantic role labeling, machine translation and linguistic annotation, including Chinese Treebank, Chinese Proposition Bank, OntoNotes. ",
        "Position": "Associate Professor, Director of Graduate Studies, Computer Science",
        "Name": "Nianwen Bert Xue",
        "Phone number": "781-736-2728",
        "Email": "xuen@brandeis.edu"
    },
    {
        "Research Interest": "Missing",
        "Position": "PhD, Brandeis University",
        "Name": "PhD, Brandeis University",
        "Phone number": "Missing",
        "Email": "Missing"
    },
    {
        "Research Interest": "Missing",
        "Position": "Lecturer",
        "Name": "Lecturer",
        "Phone number": "Missing",
        "Email": "Missing"
    }
]