[
    {
        "Position": "  Professor of Engineering and Computer Science",
        "Research Interest": "Missing",
        "Name": " R. Iris   Bahar ",
        "Phone number": "Missing"
    },
    {
        "Position": "  Professor of Engineering",
        "Research Interest": "Missing",
        "Name": " Rod  Beresford ",
        "Phone number": "Missing"
    },
    {
        "Position": "  Professor of Engineering",
        "Research Interest": "Missing",
        "Name": " Pedro  Felzenszwalb ",
        "Phone number": "Missing"
    },
    {
        "Position": "  Professor of Engineering",
        "Research Interest": "Missing",
        "Name": " Leigh  Hochberg ",
        "Phone number": "Missing"
    },
    {
        "Position": "  Professor of Engineering",
        "Research Interest": "Missing",
        "Name": " Benjamin  Kimia ",
        "Phone number": "Missing"
    },
    {
        "Position": "  Sorensen Family Dean of Engineering, Professor of Engineering",
        "Research Interest": "Missing",
        "Name": " Larry  Larson ",
        "Phone number": "Missing"
    },
    {
        "Position": "  Professor of Engineering",
        "Research Interest": "Missing",
        "Name": " Daniel   Mittleman ",
        "Phone number": "Missing"
    },
    {
        "Position": "  L. Herbert Ballou University Professor of Engineering, Professor of Physics",
        "Research Interest": "Missing",
        "Name": " Arto  Nurmikko  ",
        "Phone number": "Missing"
    },
    {
        "Position": "  Associate Professor of Engineering",
        "Research Interest": "Missing",
        "Name": " Domenico  Pacifici  ",
        "Phone number": "Missing"
    },
    {
        "Position": "  Joan Wernig Sorensen Professor of Engineering",
        "Research Interest": "Missing",
        "Name": " Yue  Qi ",
        "Phone number": "Missing"
    },
    {
        "Position": "  Professor of Engineering",
        "Research Interest": "Missing",
        "Name": " Sherief  Reda ",
        "Phone number": "Missing"
    },
    {
        "Position": "  Associate Provost for STEM Initiatives, Professor of Engineering",
        "Research Interest": "Missing",
        "Name": " Christopher  Rose ",
        "Phone number": "Missing"
    },
    {
        "Position": "  Assistant Professor of Engineering",
        "Research Interest": "Missing",
        "Name": " Jacob  Rosenstein ",
        "Phone number": "Missing"
    },
    {
        "Position": "  Professor of Engineering, Director of LEMS",
        "Research Interest": "Missing",
        "Name": " Harvey  Silverman ",
        "Phone number": "Missing"
    },
    {
        "Position": "  Professor of Engineering and Computer Science ",
        "Research Interest": "Missing",
        "Name": " Gabriel  Taubin ",
        "Phone number": "Missing"
    },
    {
        "Position": "  Senior Associate Dean, Professor of Engineering",
        "Research Interest": "Missing",
        "Name": " Kimani   Toussaint ",
        "Phone number": "Missing"
    },
    {
        "Position": "  Charles C. Tillinghast Jr. '32 University Professor, Professor of Engineering and Physics",
        "Research Interest": "Missing",
        "Name": " Jimmy  Xu ",
        "Phone number": "Missing"
    },
    {
        "Position": "  Professor of Engineering and Physics",
        "Research Interest": "Missing",
        "Name": " Alexander  Zaslavsky  ",
        "Phone number": "Missing"
    },
    {
        "Position": "  Dean of the College, Professor of Engineering and Physics",
        "Research Interest": "Missing",
        "Name": " Rashid  Zia ",
        "Phone number": "Missing"
    }
]