[
    {
        "Research Interest": "Missing",
        "Position": "Assistant Research Professor",
        "Email": "Missing",
        "Name": " George Amvrosiadis "
    },
    {
        "Research Interest": "Missing",
        "Position": "Associate Department Head for Academic Affairs",
        "Email": "Missing",
        "Name": " Jim Bain "
    },
    {
        "Research Interest": "Missing",
        "Position": "Professor",
        "Email": "Missing",
        "Name": " Lujo Bauer "
    },
    {
        "Research Interest": "Missing",
        "Position": "U.A. and Helen Whitaker Professor",
        "Email": "Missing",
        "Name": " Vijayakumar Bhagavatula "
    },
    {
        "Research Interest": "Missing",
        "Position": "Associate Department Head for Research",
        "Email": "Missing",
        "Name": " Shawn Blanton "
    },
    {
        "Research Interest": "Missing",
        "Position": "Professor",
        "Email": "Missing",
        "Name": " David Brumley "
    },
    {
        "Research Interest": "Missing",
        "Position": "ST Microelectronics Professor",
        "Email": "Missing",
        "Name": " Rick Carley "
    },
    {
        "Research Interest": "Missing",
        "Position": "Assistant Professor",
        "Email": "Missing",
        "Name": " Maysam Chamanzar "
    },
    {
        "Research Interest": "Missing",
        "Position": "Assistant Professor",
        "Email": "Missing",
        "Name": " Vanessa Chen "
    },
    {
        "Research Interest": "Missing",
        "Position": "Associate Professor",
        "Email": "Missing",
        "Name": " Yuejie Chi "
    },
    {
        "Research Interest": "Missing",
        "Position": "Assistant Professor",
        "Email": "Missing",
        "Name": " Marc Dandin "
    },
    {
        "Research Interest": "Missing",
        "Position": "Professor",
        "Email": "Missing",
        "Name": " Anupam Datta "
    },
    {
        "Research Interest": "Missing",
        "Position": "Teaching Professor",
        "Email": "Missing",
        "Name": " Hakan Erdogmus "
    },
    {
        "Research Interest": "Missing",
        "Position": "Assistant Professor",
        "Email": "Missing",
        "Name": " Giulia Fanti "
    },
    {
        "Research Interest": "Missing",
        "Position": "Howard M. Wilkoff Professor",
        "Email": "Missing",
        "Name": " Gary Fedder "
    },
    {
        "Research Interest": "Missing",
        "Position": "Professor",
        "Email": "Missing",
        "Name": " Franz Franchetti "
    },
    {
        "Research Interest": "Missing",
        "Position": "Jatras Professor",
        "Email": "Missing",
        "Name": " Greg Ganger "
    },
    {
        "Research Interest": "Missing",
        "Position": "Associate Teaching Professor",
        "Email": "Missing",
        "Name": " Aminata Garba "
    },
    {
        "Research Interest": "Missing",
        "Position": "Systems Scientist",
        "Email": "Missing",
        "Name": " Saugata Ghose "
    },
    {
        "Research Interest": "Missing",
        "Position": "Professor",
        "Email": "Missing",
        "Name": " Phil Gibbons "
    },
    {
        "Research Interest": "Missing",
        "Position": "Professor",
        "Email": "Missing",
        "Name": " Virgil Gligor "
    },
    {
        "Research Interest": "Missing",
        "Position": "Associate Professor",
        "Email": "Missing",
        "Name": " Pulkit Grover "
    },
    {
        "Research Interest": "Missing",
        "Position": "Professor",
        "Email": "Missing",
        "Name": " James C. Hoe "
    },
    {
        "Research Interest": "Missing",
        "Position": "Distinguished Service Professor",
        "Email": "Missing",
        "Name": " Bob Iannucci "
    },
    {
        "Research Interest": "Missing",
        "Position": "Associate Teaching Professor",
        "Email": "Missing",
        "Name": " Jovan Ilic "
    },
    {
        "Research Interest": "Missing",
        "Position": "Associate Research Professor",
        "Email": "Missing",
        "Name": " Limin Jia "
    },
    {
        "Research Interest": "Missing",
        "Position": "Assistant Professor",
        "Email": "Missing",
        "Name": " Carlee Joe-Wong "
    },
    {
        "Research Interest": "Missing",
        "Position": "Assistant Professor",
        "Email": "Missing",
        "Name": " Gauri Joshi "
    },
    {
        "Research Interest": "Missing",
        "Position": "Professor",
        "Email": "Missing",
        "Name": " Soummya Kar "
    },
    {
        "Research Interest": "Missing",
        "Position": "Associate Teaching Professor",
        "Email": "Missing",
        "Name": " Greg Kesden "
    },
    {
        "Research Interest": "Missing",
        "Position": "Drew D. Perkins Professor",
        "Email": "Missing",
        "Name": " Hyong Kim "
    },
    {
        "Research Interest": "Missing",
        "Position": "Associate Professor",
        "Email": "Missing",
        "Name": " Philip Koopman "
    },
    {
        "Research Interest": "Missing",
        "Position": "Assistant Professor",
        "Email": "Missing",
        "Name": " Swarun S. Kumar "
    },
    {
        "Research Interest": "Missing",
        "Position": "Associate Research Professor",
        "Email": "Missing",
        "Name": " Ian R. Lane "
    },
    {
        "Research Interest": "Missing",
        "Position": "Assistant Professor",
        "Email": "Missing",
        "Name": " Qing Li "
    },
    {
        "Research Interest": "Missing",
        "Position": "Assistant Research Professor",
        "Email": "Missing",
        "Name": " Tze Meng Low "
    },
    {
        "Research Interest": "Missing",
        "Position": "Associate Professor",
        "Email": "Missing",
        "Name": " Brandon Lucia "
    },
    {
        "Research Interest": "Missing",
        "Position": "Principal Systems Scientist",
        "Email": "Missing",
        "Name": " Ken Mai "
    },
    {
        "Research Interest": "Missing",
        "Position": "Systems Scientist",
        "Email": "Missing",
        "Name": " Piotr Mardziel "
    },
    {
        "Research Interest": "Missing",
        "Position": "Research Professor",
        "Email": "Missing",
        "Name": " Craig Miller "
    },
    {
        "Research Interest": "Missing",
        "Position": "Systems Scientist",
        "Email": "Missing",
        "Name": " Javad Mohammadi "
    },
    {
        "Research Interest": "Missing",
        "Position": "Philip L. and Marsha Dowd University Professor",
        "Email": "Missing",
        "Name": " Jos\\xc3\\xa9 Moura "
    },
    {
        "Research Interest": "Missing",
        "Position": "Professor",
        "Email": "Missing",
        "Name": " Tamal Mukherjee "
    },
    {
        "Research Interest": "Missing",
        "Position": "Teaching Professor",
        "Email": "Missing",
        "Name": " Bill Nace "
    },
    {
        "Research Interest": "Missing",
        "Position": "Assistant Professor",
        "Email": "Missing",
        "Name": " Yorie Nakahira "
    },
    {
        "Research Interest": "Missing",
        "Position": "Professor",
        "Email": "Missing",
        "Name": " Priya Narasimhan "
    },
    {
        "Research Interest": "Missing",
        "Position": "Professor",
        "Email": "Missing",
        "Name": " Rohit Negi "
    },
    {
        "Research Interest": "Missing",
        "Position": "Associate Department Head for Students",
        "Email": "Missing",
        "Name": " David O\\'Hallaron "
    },
    {
        "Research Interest": "Missing",
        "Position": "Systems Scientist",
        "Email": "Missing",
        "Name": " Amritanshu Pandey "
    },
    {
        "Research Interest": "Missing",
        "Position": "Associate Professor",
        "Email": "Missing",
        "Name": " Bryan Parno "
    },
    {
        "Research Interest": "Missing",
        "Position": "Professor",
        "Email": "Missing",
        "Name": " Gianluca (Gian) Piazza "
    },
    {
        "Research Interest": "Missing",
        "Position": "Department Head",
        "Email": "Missing",
        "Name": " Larry Pileggi "
    },
    {
        "Research Interest": "Missing",
        "Position": "Associate Teaching Professor",
        "Email": "Missing",
        "Name": " C\\xc3\\xa9cile P\\xc3\\xa9raire "
    },
    {
        "Research Interest": "Missing",
        "Position": "George Westinghouse Professor",
        "Email": "Missing",
        "Name": " Raj Rajkumar "
    },
    {
        "Research Interest": "Missing",
        "Position": "Associate Teaching Professor",
        "Email": "Missing",
        "Name": " Barry Rawn "
    },
    {
        "Research Interest": "Missing",
        "Position": "Professor",
        "Email": "Missing",
        "Name": " Anthony Rowe "
    },
    {
        "Research Interest": "Missing",
        "Position": "Dr. William D. and Nancy W. Strecker Dean",
        "Email": "Missing",
        "Name": " William Sanders "
    },
    {
        "Research Interest": "Missing",
        "Position": "Associate Professor",
        "Email": "Missing",
        "Name": " Aswin Sankaranarayanan "
    },
    {
        "Research Interest": "Missing",
        "Position": "Research Professor",
        "Email": "Missing",
        "Name": " Marios Savvides "
    },
    {
        "Research Interest": "Missing",
        "Position": "Professor",
        "Email": "Missing",
        "Name": " Vyas Sekar "
    },
    {
        "Research Interest": "Missing",
        "Position": "Professor",
        "Email": "Missing",
        "Name": " John Shen "
    },
    {
        "Research Interest": "Missing",
        "Position": "Associate Professor",
        "Email": "Missing",
        "Name": " Elaine Shi "
    },
    {
        "Research Interest": "Missing",
        "Position": "Buhl University Professor",
        "Email": "Missing",
        "Name": " Daniel Siewiorek "
    },
    {
        "Research Interest": "Missing",
        "Position": "Research Professor",
        "Email": "Missing",
        "Name": " Asim Smailagic "
    },
    {
        "Research Interest": "Missing",
        "Position": "Assistant Teaching Professor",
        "Email": "Missing",
        "Name": " Leonardo da Silva Sousa "
    },
    {
        "Research Interest": "Missing",
        "Position": "Professor",
        "Email": "Missing",
        "Name": " Peter Steenkiste "
    },
    {
        "Research Interest": "Missing",
        "Position": "Professor",
        "Email": "Missing",
        "Name": " Richard Stern "
    },
    {
        "Research Interest": "Missing",
        "Position": "Keithley Professor",
        "Email": "Missing",
        "Name": " Andrzej Strojwas "
    },
    {
        "Research Interest": "Missing",
        "Position": "Teaching Professor",
        "Email": "Missing",
        "Name": " Tom Sullivan "
    },
    {
        "Research Interest": "Missing",
        "Position": "Professor",
        "Email": "Missing",
        "Name": " Ozan Tonguz "
    },
    {
        "Research Interest": "Missing",
        "Position": "Professor",
        "Email": "Missing",
        "Name": " Elias Towe "
    },
    {
        "Research Interest": "Missing",
        "Position": "Associate Research Professor",
        "Email": "Missing",
        "Name": " Osman Ya\\xc4\\x9fan "
    },
    {
        "Research Interest": "Missing",
        "Position": "Professor",
        "Email": "Missing",
        "Name": " Byron Yu "
    },
    {
        "Research Interest": "Missing",
        "Position": "Associate Research Professor",
        "Email": "Missing",
        "Name": " Pei Zhang "
    },
    {
        "Research Interest": "Missing",
        "Position": "Assistant Professor",
        "Email": "Missing",
        "Name": " Xu Zhang "
    },
    {
        "Research Interest": "Missing",
        "Position": "Associate Professor",
        "Email": "Missing",
        "Name": " Siyang Zheng "
    },
    {
        "Research Interest": "Missing",
        "Position": "ABB Professor",
        "Email": "Missing",
        "Name": " Jimmy Zhu "
    }
]