[
    {
        "Name": "Venkataramanan \"Ragu\" Balakrishnan",
        "Research Interest": " Investigates numerical methods and optimization for systems and control, control theory, application of systems theory in communication, signal processing, robotics and VLSI ",
        "Position": " Charles H. Phipps Dean of Engineering, Case School of Engineering "
    },
    {
        "Name": "Marc Buchner",
        "Research Interest": " Applies computer gaming technology and digital signal processing, especially VR and AR, to problem-solving in fields including psychology, nursing and medicine ",
        "Position": " Associate Dean, Academics "
    },
    {
        "Name": "M. Cenk Cavusoglu",
        "Research Interest": " Develops next-generation medical robotic systems for surgery and image-guided interventions ",
        "Position": " Nord Professor of Engineering "
    },
    {
        "Name": "Vira Chankong",
        "Research Interest": " Develops rapid learning and optimization methods for intensity modulated radiation therapy, and develops new paradigm for combinatorial optimization ",
        "Position": " Associate Professor, Department of Electrical, Computer and Systems Engineering "
    },
    {
        "Name": "Michael Fu",
        "Research Interest": " Develops video games and virtual environments to improve human health after neurological injury ",
        "Position": " Timothy E. and Allison L. Schroeder Assistant Professorship in Computer and Data Sciences "
    },
    {
        "Name": "Mario Garcia-Sanz",
        "Research Interest": " Bridges the gap between advanced control theory and energy, industrial and space applications ",
        "Position": " Professor, Department of Electrical, Computer and Systems Engineering "
    },
    {
        "Name": "Evren Gurkan Cavusoglu",
        "Research Interest": " Develops dynamical models of biological systems to help improve treatment of complex diseases ",
        "Position": " Assistant Professor, Department of Electrical, Computer and Systems Engineering "
    },
    {
        "Name": "Ming-Chun Huang",
        "Research Interest": " Mobile Health (mHealth) Technologies, Wearable and Edge Computing, Internet of Medical Things ",
        "Position": " Associate Professor, Department of Electrical, Computer and Systems Engineering "
    },
    {
        "Name": "Hossein Lavasani",
        "Research Interest": " Electronics and Micro/Nano systems systems ",
        "Position": " Assistant Professor, Department of Electrical, Computer and Systems Engineering "
    },
    {
        "Name": "Greg Lee",
        "Research Interest": " Develops robotic systems systems ",
        "Position": " Assistant Professor, Department of Electrical, Computer and Systems Engineering "
    },
    {
        "Name": "Pan Li",
        "Research Interest": " Investigates big data computing and analytics, security and privacy, and their applications in complex systems and networks ",
        "Position": " Associate Professor, Department of Electrical, Computer and Systems Engineering "
    },
    {
        "Name": "Wei Lin",
        "Research Interest": " Creates modeling, estimations and advanced control techniques for smart grid and power systems ",
        "Position": " Fellow of IEEE and JSPS "
    },
    {
        "Name": "Kenneth Loparo",
        "Research Interest": " Develop real-time data analytics and control algorithms for industrial, energy and physiological systems ",
        "Position": " Arthur L. Parker Professor "
    },
    {
        "Name": "Behnam Malakooti",
        "Research Interest": " Designs &amp; develops models for industrial, operations, production/manufacturing systems, asymmetric risk analysis &amp; predictions, decision making/behaviour types, artificial neural networks, interactive models, and multiple objective optimization. ",
        "Position": " Fellow of IEEE, Society of Manufacturing Engineers, &amp; Ins. of Industrial &amp; Systems Engineers "
    },
    {
        "Name": "Mehran Mehregany",
        "Research Interest": " Development of MEMS sensors and actuators for instrumentation and control ",
        "Position": " Veale Professor of Wireless Health Innovation "
    },
    {
        "Name": "Pedram Mohseni",
        "Research Interest": " Creates next-generation, integrated instruments for neural engineering and point-of-care (POC) health diagnostics ",
        "Position": " Department Chair, Department of Electrical, Computer and Systems Engineering "
    },
    {
        "Name": "Wyatt Newman",
        "Research Interest": " Designs intelligent robots, machines and software for diverse applications ",
        "Position": " Professor, Department of Electrical, Computer and Systems Engineering "
    },
    {
        "Name": "Chris Papachristou",
        "Research Interest": " Designs and develops hardware and software for embedded systems and IoT devices ",
        "Position": " Professor, Department of Electrical, Computer and Systems Engineering "
    },
    {
        "Name": "Daniel Saab",
        "Research Interest": " Models and simulates digital systems, and verifies integrated circuit designs ",
        "Position": " Associate Professor, Department of Electrical, Computer and Systems Engineering "
    },
    {
        "Name": "Sree Sreenath",
        "Research Interest": " I will continue to work in the Complex Systems Biology area with a thrust on Mammalian Cancer Biology. ",
        "Position": " Professor, Department of Electrical, Computer and Systems Engineering "
    },
    {
        "Name": "Chris Zorman",
        "Research Interest": " Develops materials and processing techniques for microsystems, especially for challenging applications ",
        "Position": " Associate Dean, Research "
    },
    {
        "Name": "Cynthia Hatcher",
        "Research Interest": " Develops, implements, and manages procedures for the administration and operation of the Office of the Chair for the Department of Computer and Data Sciences and the Department of Electrical, Computer, and Systems Engineering ",
        "Position": " Chair&#039;s Assistant, Electrical Engineering and Computer Science "
    },
    {
        "Name": "Lavanya Kalahasti",
        "Research Interest": "Missing",
        "Position": " Procurement Clerk, "
    },
    {
        "Name": "Elliot Korth",
        "Research Interest": " Handles student affairs for Departments of Computer and Data Sciences and Electrical, Computer, and Systems Engineering, with focus on the graduate experience. ",
        "Position": " Student Affairs Coordinator, "
    },
    {
        "Name": "Laura Kuhar",
        "Research Interest": "Missing",
        "Position": " Department Coordinator, "
    },
    {
        "Name": "Salvatore Russo",
        "Research Interest": "Missing",
        "Position": " Assistant Manager of Funded Projects, "
    },
    {
        "Name": "Heather Smith",
        "Research Interest": " Handles and oversees student affairs for Departments of Computer and Data Sciences and Electrical, Computer, and Systems Engineering, with focus on the undergraduate experience. ",
        "Position": " Student Affairs Specialist, "
    },
    {
        "Name": "YoLonda Stiggers",
        "Research Interest": "Missing",
        "Position": " Academic and Research Administration Manager, Electrical Engineering and Computer Science "
    },
    {
        "Name": "Ryan Watson",
        "Research Interest": "Missing",
        "Position": " Grants Specialist, "
    }
]