[
    {
        "Research Interest": "Missing",
        "Position": "Charles Batchelor Professor of Electrical Engineering",
        "Email": "Missing",
        "Phone number": "Missing",
        "Name": "Dimitris Anastassiou"
    },
    {
        "Research Interest": "Mudd 1322",
        "Position": "Missing",
        "Email": "Missing",
        "Phone number": "Missing",
        "Name": "James Anderson"
    },
    {
        "Research Interest": "Missing",
        "Position": "Office: ",
        "Email": "Missing",
        "Phone number": "Missing",
        "Name": "Keren Bergman"
    },
    {
        "Research Interest": "Missing",
        "Position": "Liu Family Professor, Joint with Industrial Engineering and Operations Research",
        "Email": "Missing",
        "Phone number": "Missing",
        "Name": "Daniel Bienstock"
    },
    {
        "Research Interest": "Missing",
        "Position": "Professor, Joint with Computer Science",
        "Email": "Missing",
        "Phone number": "Missing",
        "Name": "Luca Carloni"
    },
    {
        "Research Interest": "Fax",
        "Position": "The Richard Dicker Professor of Telecommunications and Senior Executive Vice Dean",
        "Email": "Missing",
        "Phone number": "+1 212-854-6894",
        "Name": "Shih-Fu Chang "
    },
    {
        "Research Interest": "Missing",
        "Position": "AC4665@columbia.edu  ",
        "Email": "Missing",
        "Phone number": " CEPSR 913",
        "Name": "Asaf Cidon"
    },
    {
        "Research Interest": "Missing",
        "Position": "Office: ",
        "Email": "Missing",
        "Phone number": "Missing",
        "Name": "Alexander L. Gaeta"
    },
    {
        "Research Interest": "Missing",
        "Position": "Associate Professor",
        "Email": "Missing",
        "Phone number": "Missing",
        "Name": "Javad Ghaderi"
    },
    {
        "Research Interest": "Missing",
        "Position": "Associate Professor",
        "Email": "Office hours",
        "Phone number": " +1 212-854-2280",
        "Name": "Christine P. Hendon"
    },
    {
        "Research Interest": "Missing",
        "Position": "Professor",
        "Email": "predrag@ee.columbia.edu",
        "Phone number": ": +1 212-854-8174",
        "Name": "Predrag Jelenkovic"
    },
    {
        "Research Interest": "Missing",
        "Position": "Associate Professor Phone: ",
        "Email": "Missing",
        "Phone number": "Email:",
        "Name": "Xiaofan (Fred) Jiang"
    },
    {
        "Research Interest": "Missing",
        "Position": "Office: ",
        "Email": "Missing",
        "Phone number": "Missing",
        "Name": "Ethan Katz-Bassett"
    },
    {
        "Research Interest": "Missing",
        "Position": "Assistant Professor Office: ",
        "Email": "http://www.dion.ee.columbia.edu/",
        "Phone number": "Email",
        "Name": "Dion Khodagholy"
    },
    {
        "Research Interest": "Missing",
        "Position": " 1009 Shapiro CEPSR",
        "Email": "Missing",
        "Phone number": "Missing",
        "Name": "Peter Kinget"
    },
    {
        "Research Interest": "Missing",
        "Position": "Professor of Professional Practice",
        "Email": "Missing",
        "Phone number": "Missing",
        "Name": "Zoran Kostic"
    },
    {
        "Research Interest": "Missing",
        "Position": "Professor, Joint with Psychology ",
        "Email": "Missing",
        "Phone number": "Missing",
        "Name": "Nikolaus Kriegeskorte"
    },
    {
        "Research Interest": "Fax",
        "Position": "Associate Professor",
        "Email": "harish@ee.columbia.edu",
        "Phone number": "+1 212-854-8196",
        "Name": "Harish Krishnaswamy "
    },
    {
        "Research Interest": "Fax",
        "Position": "Professor, EE Department Chair",
        "Email": "johnkym@ee.columbia.edu  ",
        "Phone number": "+1 212-854-4023",
        "Name": "Ioannis (John) Kymissis"
    },
    {
        "Research Interest": "Fax",
        "Position": "Professor",
        "Email": "www.ee.columbia.edu/~aurel/",
        "Phone number": "+1 212-854-1747",
        "Name": "Aurel A. Lazar "
    },
    {
        "Research Interest": "Missing",
        "Position": "Missing",
        "Email": "Missing",
        "Phone number": "Missing",
        "Name": "Michal Lipson"
    },
    {
        "Research Interest": "Missing",
        "Position": "Associate Professor",
        "Email": "Missing",
        "Phone number": "+1 212-854-8013",
        "Name": "Nima Mesgarani"
    },
    {
        "Research Interest": "Missing",
        "Position": "Professor, Joint with Computer Science",
        "Email": "Missing",
        "Phone number": "Missing",
        "Name": "Vishal Misra"
    },
    {
        "Research Interest": "Missing",
        "Position": "Professor",
        "Email": "Missing",
        "Phone number": "+1 212-851-9251",
        "Name": "Debasis Mitra"
    },
    {
        "Research Interest": "Missing",
        "Position": "Office:",
        "Email": "Missing",
        "Phone number": "Missing",
        "Name": "Vijay Modi"
    },
    {
        "Research Interest": "Missing",
        "Position": "Associate Professor",
        "Email": "Missing",
        "Phone number": "+1 212-854-8024",
        "Name": "John W. Paisley"
    },
    {
        "Research Interest": "Missing",
        "Position": "Associate Professor",
        "Email": "Missing",
        "Phone number": "Missing",
        "Name": "Matthias Preindl"
    },
    {
        "Research Interest": "Missing",
        "Position": "Associate Professor, Joint with Computer Science",
        "Email": "Missing",
        "Phone number": "Missing",
        "Name": "Dan Rubenstein"
    },
    {
        "Research Interest": "Fax",
        "Position": "Professor, Joint with Biomedical Engineering",
        "Email": "ps629@columbia.edu",
        "Phone number": "+1 212-854-5279",
        "Name": "Paul Sajda"
    },
    {
        "Research Interest": "Office hours",
        "Position": "Associate Professor",
        "Email": "ms4415@columbia.edu",
        "Phone number": "+1 212-854-1701",
        "Name": "Mingoo Seok "
    },
    {
        "Research Interest": "Missing",
        "Position": "Lau Family Professor of Electrical Engineering",
        "Email": "shepard@ee.columbia.edu",
        "Phone number": "+1 646-205-0438",
        "Name": "Ken Shepard "
    },
    {
        "Research Interest": "Missing",
        "Position": "Edwin Howard Armstrong Professor of Electrical Engineering",
        "Email": "tsividis@ee.columbia.edu",
        "Phone number": "+1 212-854-4229",
        "Name": "Yannis Tsividis "
    },
    {
        "Research Interest": "Fax",
        "Position": "Senior Lecturer in the Discipline of Circuits and Systems",
        "Email": "dv82@columbia.edu",
        "Phone number": "+1 212-854-1265",
        "Name": "David Vallancourt"
    },
    {
        "Research Interest": "Email:",
        "Position": "Thayer Lindsley Professor in the Faculty of Engineering and Applied Science",
        "Email": "By appointment",
        "Phone number": "+1 212-854-1748",
        "Name": "Wen Wang"
    },
    {
        "Research Interest": "Missing",
        "Position": "Professor",
        "Email": "wangx@ee.columbia.edu",
        "Phone number": "+1 212-854-6592",
        "Name": "Xiaodong Wang"
    },
    {
        "Research Interest": "Missing",
        "Position": "Associate Professor",
        "Email": "www.columbia.edu/~jw2966/",
        "Phone number": "+1 212-854-0513",
        "Name": "John Wright "
    },
    {
        "Research Interest": "Missing",
        "Position": "Assistant Professor, Joint with Earth and Environmental Engineering",
        "Email": "Missing",
        "Phone number": "Missing",
        "Name": "Bolun Xu"
    },
    {
        "Research Interest": "Fax",
        "Position": "Professor",
        "Email": "caz@columbia.edu",
        "Phone number": "+1 212-854-2073",
        "Name": "Charles Zukowski"
    },
    {
        "Research Interest": "Email",
        "Position": "Professor, EE Department Vice Chair",
        "Email": "wimnet.ee.columbia.edu/people/gil-zussman/",
        "Phone number": "+1 212-854-8670",
        "Name": "Gil Zussman "
    }
]