[
    {
        "Name": "Jayadev Acharya",
        "Phone number": "Missing",
        "Research Interest": "Missing",
        "Position": " Assistant Professor ",
        "Email": "acharya@cornell.edu"
    },
    {
        "Name": "Khurram Khan Afridi",
        "Phone number": "Missing",
        "Research Interest": "Missing",
        "Position": " Associate Professor ",
        "Email": "kka34@cornell.edu"
    },
    {
        "Name": "David H. Albonesi",
        "Phone number": "607/254-5473",
        "Research Interest": "Missing",
        "Position": " Professor and Associate Director ",
        "Email": "dha7@cornell.edu"
    },
    {
        "Name": "Alyssa B. Apsel",
        "Phone number": "607/255-3962",
        "Research Interest": "Missing",
        "Position": " Professor &amp; Director ",
        "Email": "aba25@cornell.edu"
    },
    {
        "Name": "Christopher Batten",
        "Phone number": "607/255-2672",
        "Research Interest": "Missing",
        "Position": " Associate Professor ",
        "Email": "cbatten@cornell.edu"
    },
    {
        "Name": "Eilyan Bitar",
        "Phone number": "Missing",
        "Research Interest": "Missing",
        "Position": " Associate Professor; David Croll Sesquicentennial Faculty Fellow ",
        "Email": "eyb5@cornell.edu"
    },
    {
        "Name": "Adam Wojciech Bojanczyk",
        "Phone number": "607/255-4296",
        "Research Interest": "Missing",
        "Position": " Associate Professor ",
        "Email": "awb8@cornell.edu"
    },
    {
        "Name": "Hsiao-Dong Chiang",
        "Phone number": "607/255-5270",
        "Research Interest": "Missing",
        "Position": " Professor ",
        "Email": "hc63@cornell.edu"
    },
    {
        "Name": "David Forbes Delchamps",
        "Phone number": "607/255-6447",
        "Research Interest": "Missing",
        "Position": " Associate Professor ",
        "Email": "dfd1@cornell.edu"
    },
    {
        "Name": "Christina Delimitrou",
        "Phone number": "Missing",
        "Research Interest": "Missing",
        "Position": " Assistant Professor, John and Norma Balen Sesquicentennial Faculty Fellow ",
        "Email": "delimitrou@cornell.edu"
    },
    {
        "Name": "Peter Doerschuk",
        "Phone number": "607/255-4179",
        "Research Interest": " Electrical and Computer Engineering ",
        "Position": " Professor ",
        "Email": "pd83@cornell.edu"
    },
    {
        "Name": "Amal El-Ghazaly",
        "Phone number": "607/255-7147",
        "Research Interest": "Missing",
        "Position": " Assistant Professor ",
        "Email": "ase63@cornell.edu"
    },
    {
        "Name": "Ziv Goldfeld",
        "Phone number": "607/255-4527",
        "Research Interest": "Missing",
        "Position": " Assistant Professor ",
        "Email": "goldfeld@cornell.edu"
    },
    {
        "Name": "David A. Hammer",
        "Phone number": "607/255-3916",
        "Research Interest": "Missing",
        "Position": " J. Carlton Ward, Jr. Professor of Nuclear Energy Engineering ",
        "Email": "dah5@cornell.edu"
    },
    {
        "Name": "Debdeep Jena",
        "Phone number": "Missing",
        "Research Interest": " Materials Science and Engineering ",
        "Position": " David E. Burr Professor of Engineering ",
        "Email": "djena@cornell.edu"
    },
    {
        "Name": "Peter G. Jessel",
        "Phone number": "607/254-8984",
        "Research Interest": "Missing",
        "Position": " Professor of Practice, Director of Masters of Engineering Program ",
        "Email": "peter.jessel@cornell.edu"
    },
    {
        "Name": "Charles R. Johnson",
        "Phone number": "607/255-0429",
        "Research Interest": "",
        "Position": " Geoffrey S.M. Hedrick Professor ",
        "Email": "crj2@cornell.edu"
    },
    {
        "Name": "Edwin Chihchuan Kan",
        "Phone number": "607/255-3998",
        "Research Interest": "Missing",
        "Position": " Professor ",
        "Email": "eck5@cornell.edu"
    },
    {
        "Name": "Ronald R. Kline",
        "Phone number": "607-255-4307",
        "Research Interest": " Science and Technology Studies Department in the College of Arts and Sciences ",
        "Position": " Professor ",
        "Email": "RRK1@cornell.edu"
    },
    {
        "Name": "Vikram Krishnamurthy",
        "Phone number": "607-255-6912",
        "Research Interest": "Missing",
        "Position": " Professor ",
        "Email": "vikramk@cornell.edu"
    },
    {
        "Name": "Amit Lal",
        "Phone number": "607/255-9374",
        "Research Interest": "Missing",
        "Position": " Robert M. Scharf 1977 Professor ",
        "Email": "amit.lal@cornell.edu"
    },
    {
        "Name": "Daniel Dongyuel Lee",
        "Phone number": "Missing",
        "Research Interest": " Electrical and Computer Engineering ",
        "Position": " Professor ",
        "Email": "ddl46@cornell.edu"
    },
    {
        "Name": "Jos\\xc3\\xa9 F. Mart\\xc3\\xadnez",
        "Phone number": "607/255-1874",
        "Research Interest": "Missing",
        "Position": " Professor ",
        "Email": "martinez@cornell.edu"
    },
    {
        "Name": "Alyosha Christopher Molnar",
        "Phone number": "607/254-8257",
        "Research Interest": "Missing",
        "Position": " Associate Professor ",
        "Email": "am699@cornell.edu"
    },
    {
        "Name": "Francesco Monticone",
        "Phone number": "Missing",
        "Research Interest": "Missing",
        "Position": " Assistant Professor ",
        "Email": "francesco.monticone@cornell.edu"
    },
    {
        "Name": "Nils Napp",
        "Phone number": "607/254-1517",
        "Research Interest": "Missing",
        "Position": " Assistant Professor ",
        "Email": "nnapp@cornell.edu"
    },
    {
        "Name": "Francesca Parise",
        "Phone number": "607/255-4551",
        "Research Interest": "Missing",
        "Position": " Assistant Professor ",
        "Email": "fp264@cornell.edu"
    },
    {
        "Name": "Kirstin Hagelskjaer Petersen",
        "Phone number": "Missing",
        "Research Interest": "Missing",
        "Position": " Assistant Professor ",
        "Email": "kirstin@cornell.edu"
    },
    {
        "Name": "Clifford R Pollock",
        "Phone number": "607/255-5032",
        "Research Interest": "Missing",
        "Position": " Ilda And Charles Lee Professor of Engineering ",
        "Email": "crp10@cornell.edu"
    },
    {
        "Name": "Farhan Rana",
        "Phone number": "607/255-6317",
        "Research Interest": "Missing",
        "Position": " Joseph P. Ripley Professor of Engineering ",
        "Email": "farhan.rana@cornell.edu"
    },
    {
        "Name": "Anthony P. Reeves",
        "Phone number": "607/255-2342",
        "Research Interest": "Missing",
        "Position": " Professor ",
        "Email": "reeves@cornell.edu"
    },
    {
        "Name": "Mert Sabuncu",
        "Phone number": "607/2559720",
        "Research Interest": " Meinig School of Biomedical Engineering ",
        "Position": " Assistant Professor ",
        "Email": "msabuncu@cornell.edu"
    },
    {
        "Name": "James Richard Shealy",
        "Phone number": "607/255-4657",
        "Research Interest": "Missing",
        "Position": " Professor ",
        "Email": "jrs27@cornell.edu"
    },
    {
        "Name": "Mahsa Shoaran",
        "Phone number": "Missing",
        "Research Interest": "Missing",
        "Position": " Assistant Professor ",
        "Email": "shoaran@cornell.edu"
    },
    {
        "Name": "Edward Suh",
        "Phone number": "607/255-6856",
        "Research Interest": "Missing",
        "Position": " Professor ",
        "Email": "edward.suh@cornell.edu"
    },
    {
        "Name": "A. Kevin Tang",
        "Phone number": "607/255-4803",
        "Research Interest": "Missing",
        "Position": " Professor ",
        "Email": "atang@cornell.edu"
    },
    {
        "Name": "Sandip Tiwari",
        "Phone number": "607/254-6254",
        "Research Interest": "Missing",
        "Position": " Charles N. Mellowes Professor of Engineering ",
        "Email": "st222@cornell.edu"
    },
    {
        "Name": "Lang Tong",
        "Phone number": "607/255-3900",
        "Research Interest": "Missing",
        "Position": " Irwin and Joan Jacobs Professor of Engineering ",
        "Email": "lt35@cornell.edu"
    },
    {
        "Name": "Aaron B. Wagner",
        "Phone number": "607/255-1017",
        "Research Interest": "Missing",
        "Position": " Professor ",
        "Email": "wagner@cornell.edu"
    },
    {
        "Name": "Stephen B. Wicker",
        "Phone number": "607/255-8817",
        "Research Interest": "Missing",
        "Position": " Professor ",
        "Email": "sbw11@cornell.edu"
    },
    {
        "Name": "Huili Grace Xing",
        "Phone number": "607/255-0605",
        "Research Interest": " Materials Science and Engineering ",
        "Position": " William L. Quackenbush Professor of Electrical and Computer Engineering ",
        "Email": "grace.xing@cornell.edu"
    },
    {
        "Name": "Zhiru Zhang",
        "Phone number": "607/255-5954",
        "Research Interest": "Missing",
        "Position": " Associate Professor ",
        "Email": "zhiruz@cornell.edu"
    },
    {
        "Name": "Qing Zhao",
        "Phone number": "Missing",
        "Research Interest": "Missing",
        "Position": " Joseph C. Ford Professor of Engineering &amp; Director of Graduate Studies ",
        "Email": "qz16@cornell.edu"
    }
]