[
    {
        "Name": "Imon Banerjee",
        "Position": "Missing",
        "Research Interest": "Missing"
    },
    {
        "Name": "Manoj Bhasin",
        "Position": "Missing",
        "Research Interest": "Missing"
    },
    {
        "Name": "Gari Clifford",
        "Position": "Missing",
        "Research Interest": "Missing"
    },
    {
        "Name": "Lee Cooper",
        "Position": "Missing",
        "Research Interest": "Missing"
    },
    {
        "Name": "Mary Galinski",
        "Position": "Missing",
        "Research Interest": "Missing"
    },
    {
        "Name": "Ying Guo",
        "Position": "Missing",
        "Research Interest": "Missing"
    },
    {
        "Name": "Vicki Hertzberg",
        "Position": "Missing",
        "Research Interest": "Missing"
    },
    {
        "Name": "Rishi Kamaleswaran",
        "Position": "Missing",
        "Research Interest": "Missing"
    },
    {
        "Name": "Babak Mahmoudi",
        "Position": "Missing",
        "Research Interest": "Missing"
    },
    {
        "Name": "Zhaohui \"Steve\" Qin",
        "Position": "Missing",
        "Research Interest": "Missing"
    },
    {
        "Name": "Matthew Reyna",
        "Position": "Missing",
        "Research Interest": "Missing"
    },
    {
        "Name": "Abeed Sarker",
        "Position": "Missing",
        "Research Interest": "Missing"
    },
    {
        "Name": "Ashish Sharma",
        "Position": "Missing",
        "Research Interest": "Missing"
    },
    {
        "Name": "Phillip Wolff",
        "Position": "Missing",
        "Research Interest": "Missing"
    },
    {
        "Name": "Hao Wu",
        "Position": "Missing",
        "Research Interest": "Missing"
    },
    {
        "Name": "Yubin Park",
        "Position": "Missing",
        "Research Interest": "Missing"
    },
    {
        "Name": "Sahar Voghoei",
        "Position": "Missing",
        "Research Interest": "Missing"
    }
]