[
    {
        "Research Interest": " Professor; Exec VP-Research at Georgia Tech ",
        "Position": "Missing",
        "Name": "Chaouki Tanios Abdallah",
        "Phone number": "Missing"
    },
    {
        "Research Interest": " Postdoctoral Fellow ",
        "Position": "Missing",
        "Name": "Silja Abraham",
        "Phone number": "Missing"
    },
    {
        "Research Interest": " IT Support Prof Sr ",
        "Position": "Missing",
        "Name": "Kevin Abrams",
        "Phone number": "Missing"
    },
    {
        "Research Interest": " Professor ",
        "Position": "Missing",
        "Name": "Ali Adibi",
        "Phone number": "Missing"
    },
    {
        "Research Interest": " Test Technician I ",
        "Position": "Missing",
        "Name": "Carlos Javier Agosto",
        "Phone number": "Missing"
    },
    {
        "Research Interest": " Appl Developer II ",
        "Position": "Missing",
        "Name": "Ha H Ai",
        "Phone number": "Missing"
    },
    {
        "Research Interest": " Postdoctoral Fellow ",
        "Position": "Missing",
        "Name": " Postdoctoral Fellow ",
        "Phone number": "Missing"
    },
    {
        "Research Interest": " Research Engineer II ",
        "Position": "Missing",
        "Name": "Sankaraleengam Alagapan",
        "Phone number": "Missing"
    },
    {
        "Research Interest": " HR Coordinator ",
        "Position": "Missing",
        "Name": "Lucretia Allen",
        "Phone number": "Missing"
    },
    {
        "Research Interest": " Adjunct Professor ",
        "Position": "Missing",
        "Name": "Mark G Allen",
        "Phone number": "Missing"
    },
    {
        "Research Interest": " Professor Emeritus ",
        "Position": "Missing",
        "Name": "Phillip E Allen",
        "Phone number": "Missing"
    },
    {
        "Research Interest": " Professor ",
        "Position": "Missing",
        "Name": "Ghassan AlRegib",
        "Phone number": "Missing"
    },
    {
        "Research Interest": " Professor ",
        "Position": "Missing",
        "Name": "David V Anderson",
        "Phone number": "Missing"
    },
    {
        "Research Interest": " Financial Admin I ",
        "Position": "Missing",
        "Name": "Jacquelyne Anderton",
        "Phone number": "Missing"
    },
    {
        "Research Interest": " Assistant Professor ",
        "Position": "Missing",
        "Name": "Azadeh Ansari",
        "Phone number": "Missing"
    },
    {
        "Research Interest": " Associate Professor ",
        "Position": "Missing",
        "Name": "Manos Antonakakis",
        "Phone number": "Missing"
    },
    {
        "Research Interest": " Test Technician II ",
        "Position": "Missing",
        "Name": "Perry Thomas Arrington",
        "Phone number": "Missing"
    },
    {
        "Research Interest": " Asst to the Chair II ",
        "Position": "Missing",
        "Name": "Teresa Askew",
        "Phone number": "Missing"
    },
    {
        "Research Interest": " Retired RBW-Faculty ",
        "Position": "Missing",
        "Name": "Jill L Auerbach",
        "Phone number": "Missing"
    },
    {
        "Research Interest": " Professor ",
        "Position": "Missing",
        "Name": "Farrokh Ayazi",
        "Phone number": "Missing"
    },
    {
        "Research Interest": " Postdoctoral Fellow ",
        "Position": "Missing",
        "Name": "Sohail Bahmani",
        "Phone number": "Missing"
    },
    {
        "Research Interest": " Professor ",
        "Position": "Missing",
        "Name": "Muhannad S Bakir",
        "Phone number": "Missing"
    },
    {
        "Research Interest": " Associate Professor ",
        "Position": "Missing",
        "Name": "Christopher F Barnes",
        "Phone number": "Missing"
    },
    {
        "Research Interest": " Professor Emeritus ",
        "Position": "Missing",
        "Name": " Professor Emeritus ",
        "Phone number": "Missing"
    },
    {
        "Research Interest": " Professor ",
        "Position": "Missing",
        "Name": "John R Barry",
        "Phone number": "Missing"
    },
    {
        "Research Interest": " Financial Admin III ",
        "Position": "Missing",
        "Name": "Mark Bean",
        "Phone number": "Missing"
    },
    {
        "Research Interest": " Academic Professional ",
        "Position": "Missing",
        "Name": "Brian Michael Beck",
        "Phone number": "Missing"
    },
    {
        "Research Interest": " Dir-Business Ops ",
        "Position": "Missing",
        "Name": "Harry L Beck",
        "Phone number": "Missing"
    },
    {
        "Research Interest": " Shipping & Receiving Supv ",
        "Position": "Missing",
        "Name": "Brian G Bennett",
        "Phone number": "Missing"
    },
    {
        "Research Interest": " Professor; Vice President for Interdisciplinary Research ",
        "Position": "Missing",
        "Name": "Raheem A Beyah",
        "Phone number": "Missing"
    },
    {
        "Research Interest": " Lecturer ",
        "Position": "Missing",
        "Name": "Nivedita Bhattacharya",
        "Phone number": "Missing"
    },
    {
        "Research Interest": " Associate Professor; Associate Chair for Innovation ",
        "Position": "Missing",
        "Name": "Pamela T Bhatti",
        "Phone number": "Missing"
    },
    {
        "Research Interest": " Adjunct Professor ",
        "Position": "Missing",
        "Name": "Malcolm M Bibby",
        "Phone number": "Missing"
    },
    {
        "Research Interest": " Research Engineer II ",
        "Position": "Missing",
        "Name": "Samuel Bignardi",
        "Phone number": "Missing"
    },
    {
        "Research Interest": " Admin Professional Sr ",
        "Position": "Missing",
        "Name": "Venese P Blake-Leggett",
        "Phone number": "Missing"
    },
    {
        "Research Interest": " Associate Professor ",
        "Position": "Missing",
        "Name": "Matthieu Ratoslav Bloch",
        "Phone number": "Missing"
    },
    {
        "Research Interest": " Professor; Associate Chair for Faculty Development ",
        "Position": "Missing",
        "Name": "Douglas M Blough",
        "Phone number": "Missing"
    },
    {
        "Research Interest": " Senior Academic Professional ",
        "Position": "Missing",
        "Name": "Christina M Bourgeois",
        "Phone number": "Missing"
    },
    {
        "Research Interest": " Adjunct Professor ",
        "Position": "Missing",
        "Name": "Bertrand P Boussert",
        "Phone number": "Missing"
    },
    {
        "Research Interest": " Professor ",
        "Position": "Missing",
        "Name": "Oliver Brand",
        "Phone number": "Missing"
    },
    {
        "Research Interest": " Professor of the Practice ",
        "Position": "Missing",
        "Name": "Timothy J Brothers",
        "Phone number": "Missing"
    },
    {
        "Research Interest": " Admin Professional III ",
        "Position": "Missing",
        "Name": "Nisaa Buchanan",
        "Phone number": "Missing"
    },
    {
        "Research Interest": " Professor Emeritus ",
        "Position": "Missing",
        "Name": "John A Buck",
        "Phone number": "Missing"
    },
    {
        "Research Interest": " Admin Professional Sr ",
        "Position": "Missing",
        "Name": "Amber C Burke",
        "Phone number": "Missing"
    },
    {
        "Research Interest": " Development Asst Sr ",
        "Position": "Missing",
        "Name": "Caitlin Buro",
        "Phone number": "Missing"
    },
    {
        "Research Interest": " Professor Emeritus ",
        "Position": "Missing",
        "Name": "Aubrey M Bush",
        "Phone number": "Missing"
    },
    {
        "Research Interest": " Professor; Vice President for Research Operations ",
        "Position": "Missing",
        "Name": "Robert J Butera",
        "Phone number": "Missing"
    },
    {
        "Research Interest": " Associate Professor ",
        "Position": "Missing",
        "Name": "Wenshan Cai",
        "Phone number": "Missing"
    },
    {
        "Research Interest": " Adjunct Professor ",
        "Position": "Missing",
        "Name": "Vince Calhoun",
        "Phone number": "Missing"
    },
    {
        "Research Interest": " Professor Emeritus ",
        "Position": "Missing",
        "Name": " Professor Emeritus ",
        "Phone number": "Missing"
    },
    {
        "Research Interest": " Electrical Tech II ",
        "Position": "Missing",
        "Name": "Charles Calloway",
        "Phone number": "Missing"
    },
    {
        "Research Interest": " Postdoctoral Fellow ",
        "Position": "Missing",
        "Name": "Brandon Thell Carroll",
        "Phone number": "Missing"
    },
    {
        "Research Interest": " Financial Admin III ",
        "Position": "Missing",
        "Name": "Anita M Carter",
        "Phone number": "Missing"
    },
    {
        "Research Interest": " Financial Admin III ",
        "Position": "Missing",
        "Name": "Candy Champion",
        "Phone number": "Missing"
    },
    {
        "Research Interest": " Research Engineer II ",
        "Position": "Missing",
        "Name": " Research Engineer II ",
        "Phone number": "Missing"
    },
    {
        "Research Interest": " Professor ",
        "Position": "Missing",
        "Name": "Gee-Kung Chang",
        "Phone number": "Missing"
    },
    {
        "Research Interest": " Adjunct Professor ",
        "Position": "Missing",
        "Name": "Yusun Chang",
        "Phone number": "Missing"
    },
    {
        "Research Interest": " Program & Ops Mgr ",
        "Position": "Missing",
        "Name": "Yunkyung Chang-Hoffman",
        "Phone number": "Missing"
    },
    {
        "Research Interest": " Professor ",
        "Position": "Missing",
        "Name": "Abhijit Chatterjee",
        "Phone number": "Missing"
    },
    {
        "Research Interest": " Postdoctoral Fellow ",
        "Position": "Missing",
        "Name": "Gong Chen",
        "Phone number": "Missing"
    },
    {
        "Research Interest": " Research Engineer II-LT ",
        "Position": "Missing",
        "Name": "Minkyu Cho",
        "Phone number": "Missing"
    },
    {
        "Research Interest": " Professor ",
        "Position": "Missing",
        "Name": "David S Citrin",
        "Phone number": "Missing"
    },
    {
        "Research Interest": " Professor Emeritus ",
        "Position": "Missing",
        "Name": "Mark A Clements",
        "Phone number": "Missing"
    },
    {
        "Research Interest": " Research Engineer I ",
        "Position": "Missing",
        "Name": "Tristan N Cline",
        "Phone number": "Missing"
    },
    {
        "Research Interest": " Admin Professional Sr ",
        "Position": "Missing",
        "Name": "Jeanetta Clinton",
        "Phone number": "Missing"
    },
    {
        "Research Interest": " Research Coordinator I ",
        "Position": "Missing",
        "Name": "Jason Michael Clute",
        "Phone number": "Missing"
    },
    {
        "Research Interest": " Associate Professor ",
        "Position": "Missing",
        "Name": "Morris B Cohen",
        "Phone number": "Missing"
    },
    {
        "Research Interest": " Visiting Professor ",
        "Position": "Missing",
        "Name": "George J Cokkinides",
        "Phone number": "Missing"
    },
    {
        "Research Interest": " Dir-Development II ",
        "Position": "Missing",
        "Name": "Jeffrey M Colburn",
        "Phone number": "Missing"
    },
    {
        "Research Interest": " Principal Research Engineer ",
        "Position": "Missing",
        "Name": "Thomas R Collins",
        "Phone number": "Missing"
    },
    {
        "Research Interest": " IT Support Prof II ",
        "Position": "Missing",
        "Name": "Christopher S Connelly",
        "Phone number": "Missing"
    },
    {
        "Research Interest": " Professor Emeritus ",
        "Position": "Missing",
        "Name": "Joseph A Connelly",
        "Phone number": "Missing"
    },
    {
        "Research Interest": " Principal Acad Professional ",
        "Position": "Missing",
        "Name": "Leyla Sutcu Conrad",
        "Phone number": "Missing"
    },
    {
        "Research Interest": " Professor ",
        "Position": "Missing",
        "Name": "Thomas Conte",
        "Phone number": "Missing"
    },
    {
        "Research Interest": " Assistant Professor ",
        "Position": "Missing",
        "Name": "Samuel Coogan",
        "Phone number": "Missing"
    },
    {
        "Research Interest": " Professor Emeritus ",
        "Position": "Missing",
        "Name": "John A Copeland",
        "Phone number": "Missing"
    },
    {
        "Research Interest": " Professor ",
        "Position": "Missing",
        "Name": "Edward J Coyle",
        "Phone number": "Missing"
    },
    {
        "Research Interest": " Professor ",
        "Position": "Missing",
        "Name": "John D Cressler",
        "Phone number": "Missing"
    },
    {
        "Research Interest": " Instr\\'l Media Producer ",
        "Position": "Missing",
        "Name": "Marion Crowder",
        "Phone number": "Missing"
    },
    {
        "Research Interest": " Senior Research Scientist ",
        "Position": "Missing",
        "Name": "David S Dagon",
        "Phone number": "Missing"
    },
    {
        "Research Interest": " IT Support Prof Sr ",
        "Position": "Missing",
        "Name": "Fanchette R Danmola",
        "Phone number": "Missing"
    },
    {
        "Research Interest": " Research Engineer I-LT ",
        "Position": "Missing",
        "Name": "Anosh Dorab Daruwalla",
        "Phone number": "Missing"
    },
    {
        "Research Interest": " Test Technician II ",
        "Position": "Missing",
        "Name": "Bryan R Davant",
        "Phone number": "Missing"
    },
    {
        "Research Interest": " Associate Professor ",
        "Position": "Missing",
        "Name": "Mark Andrew Davenport",
        "Phone number": "Missing"
    },
    {
        "Research Interest": " Faculty Support Coord ",
        "Position": "Missing",
        "Name": "Desta Davidson",
        "Phone number": "Missing"
    },
    {
        "Research Interest": " Associate Professor ",
        "Position": "Missing",
        "Name": "Jeffrey A Davis",
        "Phone number": "Missing"
    },
    {
        "Research Interest": " Professor ",
        "Position": "Missing",
        "Name": "F Levent Degertekin",
        "Phone number": "Missing"
    },
    {
        "Research Interest": " Senior Research Engineer / ECE Adjunct ",
        "Position": "Missing",
        "Name": "email  404/675-1808 ",
        "Phone number": "Missing"
    },
    {
        "Research Interest": " Senior Research Engineer ",
        "Position": "Missing",
        "Name": "Theeradetch Detchprohm",
        "Phone number": "Missing"
    },
    {
        "Research Interest": " Professor Emeritus ",
        "Position": "Missing",
        "Name": "Stephen P DeWeerth",
        "Phone number": "Missing"
    },
    {
        "Research Interest": " Asst Dir-Admin Ops ",
        "Position": "Missing",
        "Name": "Linda Dillon",
        "Phone number": "Missing"
    },
    {
        "Research Interest": " Professor ",
        "Position": "Missing",
        "Name": "Deepakraj M Divan",
        "Phone number": "Missing"
    },
    {
        "Research Interest": " Financial Mgr II ",
        "Position": "Missing",
        "Name": "Patricia A Dixon",
        "Phone number": "Missing"
    },
    {
        "Research Interest": " Professor ",
        "Position": "Missing",
        "Name": "William Alan Doolittle",
        "Phone number": "Missing"
    },
    {
        "Research Interest": " Research Engineer I ",
        "Position": "Missing",
        "Name": "Griffin Driskell",
        "Phone number": "Missing"
    },
    {
        "Research Interest": " Professor ",
        "Position": "Missing",
        "Name": "Russell Dean Dupuis",
        "Phone number": "Missing"
    },
    {
        "Research Interest": " Professor ",
        "Position": "Missing",
        "Name": "Gregory David Durgin",
        "Phone number": "Missing"
    },
    {
        "Research Interest": " Financial Admin Lead ",
        "Position": "Missing",
        "Name": "Leslie Arnold Durham",
        "Phone number": "Missing"
    },
    {
        "Research Interest": " Postdoctoral Fellow ",
        "Position": "Missing",
        "Name": "Emre Durna",
        "Phone number": "Missing"
    },
    {
        "Research Interest": " Assistant Professor / ECE Adjunct ",
        "Position": "Missing",
        "Name": "Eva Lauren Dyer",
        "Phone number": "Missing"
    },
    {
        "Research Interest": " Steve W. Chaddick School Chair; Professor ",
        "Position": "Missing",
        "Name": "Magnus Egerstedt",
        "Phone number": "Missing"
    },
    {
        "Research Interest": " Academic Advising Mgr ",
        "Position": "Missing",
        "Name": "Angela Elleby",
        "Phone number": "Missing"
    },
    {
        "Research Interest": " Test Technician III ",
        "Position": "Missing",
        "Name": "Stacy A Elledge",
        "Phone number": "Missing"
    },
    {
        "Research Interest": " Professor ",
        "Position": "Missing",
        "Name": "Stanislav Emelianov",
        "Phone number": "Missing"
    },
    {
        "Research Interest": " Postdoctoral Fellow ",
        "Position": "Missing",
        "Name": "Elham Erfani",
        "Phone number": "Missing"
    },
    {
        "Research Interest": " Postdoctoral Fellow ",
        "Position": "Missing",
        "Name": "Yan Fang",
        "Phone number": "Missing"
    },
    {
        "Research Interest": " Research Scientist II ",
        "Position": "Missing",
        "Name": "Yunnan Fang",
        "Phone number": "Missing"
    },
    {
        "Research Interest": " Senior Research Engineer ",
        "Position": "Missing",
        "Name": "Fariborz Farahmand",
        "Phone number": "Missing"
    },
    {
        "Research Interest": " Adjunct Professor ",
        "Position": "Missing",
        "Name": "Michael D Farrell",
        "Phone number": "Missing"
    },
    {
        "Research Interest": " Professor Emeritus ",
        "Position": "Missing",
        "Name": "Robert King Feeney",
        "Phone number": "Missing"
    },
    {
        "Research Interest": " Professor ",
        "Position": "Missing",
        "Name": "Faramarz Fekri",
        "Phone number": "Missing"
    },
    {
        "Research Interest": " Professor; Vice Provost ",
        "Position": "Missing",
        "Name": "Bonnie H Ferri",
        "Phone number": "Missing"
    },
    {
        "Research Interest": " Electronics Engr ",
        "Position": "Missing",
        "Name": "Kevin Peter Ferri",
        "Phone number": "Missing"
    },
    {
        "Research Interest": " Professor Emeritus ",
        "Position": "Missing",
        "Name": "James D Foley",
        "Phone number": "Missing"
    },
    {
        "Research Interest": " Admin Mgr I ",
        "Position": "Missing",
        "Name": "Dana J. Foster",
        "Phone number": "Missing"
    },
    {
        "Research Interest": " Associate Professor ",
        "Position": "Missing",
        "Name": "David Frakes",
        "Phone number": "Missing"
    },
    {
        "Research Interest": " Professor ",
        "Position": "Missing",
        "Name": "Albert B Frazier",
        "Phone number": "Missing"
    },
    {
        "Research Interest": " Principal Research Scientist ",
        "Position": "Missing",
        "Name": "Canek Fuentes Hernandez",
        "Phone number": "Missing"
    },
    {
        "Research Interest": " Postdoctoral Fellow ",
        "Position": "Missing",
        "Name": "Durga Rao GaJula",
        "Phone number": "Missing"
    },
    {
        "Research Interest": " Communications Mgr ",
        "Position": "Missing",
        "Name": "Ashlee Anita Gardner",
        "Phone number": "Missing"
    },
    {
        "Research Interest": " IT Support Prof Sr ",
        "Position": "Missing",
        "Name": "William Robert Garrison",
        "Phone number": "Missing"
    },
    {
        "Research Interest": " Associate Professor / ECE Adjunct ",
        "Position": "Missing",
        "Name": "Ada Gavrilovska Habl",
        "Phone number": "Missing"
    },
    {
        "Research Interest": " Regents Professor ",
        "Position": "Missing",
        "Name": "Thomas K Gaylord",
        "Phone number": "Missing"
    },
    {
        "Research Interest": " Retired Lecturer / ECE Adjunct ",
        "Position": "Missing",
        "Name": "Gary G Gimmestad",
        "Phone number": "Missing"
    },
    {
        "Research Interest": " Senior Research Engineer ",
        "Position": "Missing",
        "Name": "Joseph Goldenburg",
        "Phone number": "Missing"
    },
    {
        "Research Interest": " Assistant Professor ",
        "Position": "Missing",
        "Name": "Lukas Graber",
        "Phone number": "Missing"
    },
    {
        "Research Interest": " Faculty Support Coord ",
        "Position": "Missing",
        "Name": "Nikkia L Green",
        "Phone number": "Missing"
    },
    {
        "Research Interest": " Financial Admin III ",
        "Position": "Missing",
        "Name": "Angel Greenwood",
        "Phone number": "Missing"
    },
    {
        "Research Interest": " Professor ",
        "Position": "Missing",
        "Name": "Santiago Carlos Grijalva",
        "Phone number": "Missing"
    },
    {
        "Research Interest": " Professor ",
        "Position": "Missing",
        "Name": "Thomas G Habetler",
        "Phone number": "Missing"
    },
    {
        "Research Interest": " Professor / ECE Adjunct ",
        "Position": "Missing",
        "Name": "Wassim M Haddad",
        "Phone number": "Missing"
    },
    {
        "Research Interest": " Professor ",
        "Position": "Missing",
        "Name": "James O Hamblen",
        "Phone number": "Missing"
    },
    {
        "Research Interest": " Postdoctoral Fellow ",
        "Position": "Missing",
        "Name": " Postdoctoral Fellow ",
        "Phone number": "Missing"
    },
    {
        "Research Interest": " Principal Research Engineer ",
        "Position": "Missing",
        "Name": "Robert Nigel Hampton",
        "Phone number": "Missing"
    },
    {
        "Research Interest": " Test Technician I ",
        "Position": "Missing",
        "Name": "Christopher Harper",
        "Phone number": "Missing"
    },
    {
        "Research Interest": " Senior Academic Professional ",
        "Position": "Missing",
        "Name": "Joyelle J Harris",
        "Phone number": "Missing"
    },
    {
        "Research Interest": " Professor ",
        "Position": "Missing",
        "Name": "Jennifer Olson Hasler",
        "Phone number": "Missing"
    },
    {
        "Research Interest": " Professor Emeritus ",
        "Position": "Missing",
        "Name": " Professor Emeritus ",
        "Phone number": "Missing"
    },
    {
        "Research Interest": " Research Engineer II ",
        "Position": "Missing",
        "Name": "Jean Carlos Hernandez-Mejia",
        "Phone number": "Missing"
    },
    {
        "Research Interest": " Professor ",
        "Position": "Missing",
        "Name": "Felix Herrmann",
        "Phone number": "Missing"
    },
    {
        "Research Interest": " Research Engineer II ",
        "Position": "Missing",
        "Name": "Sinan Hersek",
        "Phone number": "Missing"
    },
    {
        "Research Interest": " Retired Assoc Chair-Academic ",
        "Position": "Missing",
        "Name": "David Richard Hertling",
        "Phone number": "Missing"
    },
    {
        "Research Interest": " Professor Emeritus ",
        "Position": "Missing",
        "Name": "Richard J Higgins",
        "Phone number": "Missing"
    },
    {
        "Research Interest": " Senior Research Technologist ",
        "Position": "Missing",
        "Name": "Raymond C Hill",
        "Phone number": "Missing"
    },
    {
        "Research Interest": " Lecturer ",
        "Position": "Missing",
        "Name": "Anna Newsome Holcomb",
        "Phone number": "Missing"
    },
    {
        "Research Interest": " Retired Regents Professor ",
        "Position": "Missing",
        "Name": "John W Hooper",
        "Phone number": "Missing"
    },
    {
        "Research Interest": " Research Engineer II ",
        "Position": "Missing",
        "Name": "Amir Hossein Hosseinnia",
        "Phone number": "Missing"
    },
    {
        "Research Interest": " Program Support Coord ",
        "Position": "Missing",
        "Name": "Toccara Elise Houston",
        "Phone number": "Missing"
    },
    {
        "Research Interest": " Professor; Chair for the School of Interactive Computing ",
        "Position": "Missing",
        "Name": "Ayanna MacCalla Howard",
        "Phone number": "Missing"
    },
    {
        "Research Interest": " Academic Advisor II ",
        "Position": "Missing",
        "Name": "Barbara K Howard",
        "Phone number": "Missing"
    },
    {
        "Research Interest": " Postdoctoral Fellow ",
        "Position": "Missing",
        "Name": "Chin-Wei Hsu",
        "Phone number": "Missing"
    },
    {
        "Research Interest": " Professor ",
        "Position": "Missing",
        "Name": "Joseph L Hughes",
        "Phone number": "Missing"
    },
    {
        "Research Interest": " Professor ",
        "Position": "Missing",
        "Name": "William D Hunt",
        "Phone number": "Missing"
    },
    {
        "Research Interest": " Postdoctoral Fellow ",
        "Position": "Missing",
        "Name": "Jae Hur",
        "Phone number": "Missing"
    },
    {
        "Research Interest": " Director Academic / ECE Adjunct ",
        "Position": "Missing",
        "Name": "Seth Andrew Hutchinson",
        "Phone number": "Missing"
    },
    {
        "Research Interest": " Financial Admin III ",
        "Position": "Missing",
        "Name": "Nancy G Hutton",
        "Phone number": "Missing"
    },
    {
        "Research Interest": " IT Support Prof Mgr ",
        "Position": "Missing",
        "Name": "Peter L Huynh",
        "Phone number": "Missing"
    },
    {
        "Research Interest": " Associate Professor ",
        "Position": "Missing",
        "Name": "Omer T Inan",
        "Phone number": "Missing"
    },
    {
        "Research Interest": " Admin Professional III ",
        "Position": "Missing",
        "Name": "Mitsuko Ito",
        "Phone number": "Missing"
    },
    {
        "Research Interest": " Admin Professional Sr ",
        "Position": "Missing",
        "Name": "Alison Mignon Jackson",
        "Phone number": "Missing"
    },
    {
        "Research Interest": " Professor Emeritus ",
        "Position": "Missing",
        "Name": "Nikil S Jayant",
        "Phone number": "Missing"
    },
    {
        "Research Interest": " Associate Professor ",
        "Position": "Missing",
        "Name": "Chuanyi Ji",
        "Phone number": "Missing"
    },
    {
        "Research Interest": " Research Engineer II ",
        "Position": "Missing",
        "Name": "Zhiyang Jin",
        "Phone number": "Missing"
    },
    {
        "Research Interest": " Senior Lecturer ",
        "Position": "Missing",
        "Name": "Kevin Toby Johnson",
        "Phone number": "Missing"
    },
    {
        "Research Interest": " Professor ",
        "Position": "Missing",
        "Name": "Yogendra K Joshi",
        "Phone number": "Missing"
    },
    {
        "Research Interest": " Professor Emeritus ",
        "Position": "Missing",
        "Name": "Edward B Joy",
        "Phone number": "Missing"
    },
    {
        "Research Interest": " Professor ",
        "Position": "Missing",
        "Name": "Biing Hwang Juang",
        "Phone number": "Missing"
    },
    {
        "Research Interest": " Postdoctoral Fellow ",
        "Position": "Missing",
        "Name": "Prateek Juyal",
        "Phone number": "Missing"
    },
    {
        "Research Interest": " Professor Emeritus ",
        "Position": "Missing",
        "Name": "Edward W Kamen",
        "Phone number": "Missing"
    },
    {
        "Research Interest": " Senior Research Engineer ",
        "Position": "Missing",
        "Name": "Rajendra Prasad Kandula",
        "Phone number": "Missing"
    },
    {
        "Research Interest": " Senior Research Scientist ",
        "Position": "Missing",
        "Name": "Andrei B Karpiouk",
        "Phone number": "Missing"
    },
    {
        "Research Interest": " Senior Research Scientist ",
        "Position": "Missing",
        "Name": "Mohanalingam Kathaperumal",
        "Phone number": "Missing"
    },
    {
        "Research Interest": " Professor ",
        "Position": "Missing",
        "Name": "David C Keezer",
        "Phone number": "Missing"
    },
    {
        "Research Interest": " Professor ",
        "Position": "Missing",
        "Name": "James Stevenson Kenney",
        "Phone number": "Missing"
    },
    {
        "Research Interest": " Professor ",
        "Position": "Missing",
        "Name": "Angelos D Keromytis",
        "Phone number": "Missing"
    },
    {
        "Research Interest": " Assistant Professor ",
        "Position": "Missing",
        "Name": "Asif Islam Khan",
        "Phone number": "Missing"
    },
    {
        "Research Interest": " Professor ",
        "Position": "Missing",
        "Name": "Bernard J Kippelen",
        "Phone number": "Missing"
    },
    {
        "Research Interest": " Associate Professor; Associate Chair for Graduate Affairs ",
        "Position": "Missing",
        "Name": "Benjamin D.B. Klein",
        "Phone number": "Missing"
    },
    {
        "Research Interest": " Assistant Professor ",
        "Position": "Missing",
        "Name": "Tushar Krishna",
        "Phone number": "Missing"
    },
    {
        "Research Interest": " Research Engineer II ",
        "Position": "Missing",
        "Name": "Gregory A. Krudysz",
        "Phone number": "Missing"
    },
    {
        "Research Interest": " Research Scientist II-LT ",
        "Position": "Missing",
        "Name": "Kelsey Paige Kubelick",
        "Phone number": "Missing"
    },
    {
        "Research Interest": " Corporate Relations Mgr ",
        "Position": "Missing",
        "Name": "Olivia Kulisz",
        "Phone number": "Missing"
    },
    {
        "Research Interest": " Research Engineer I ",
        "Position": "Missing",
        "Name": "Thomas Jonathan Lancaster",
        "Phone number": "Missing"
    },
    {
        "Research Interest": " Professor ",
        "Position": "Missing",
        "Name": "Aaron D Lanterman",
        "Phone number": "Missing"
    },
    {
        "Research Interest": " Financial Mgr II ",
        "Position": "Missing",
        "Name": "Adriene Lee",
        "Phone number": "Missing"
    },
    {
        "Research Interest": " Professor ",
        "Position": "Missing",
        "Name": "Chin-Hui Lee",
        "Phone number": "Missing"
    },
    {
        "Research Interest": " Research Engineer II ",
        "Position": "Missing",
        "Name": " Research Engineer II ",
        "Phone number": "Missing"
    },
    {
        "Research Interest": " Assistant Professor ",
        "Position": "Missing",
        "Name": "Frank Li",
        "Phone number": "Missing"
    },
    {
        "Research Interest": " Professor ",
        "Position": "Missing",
        "Name": "Geoffrey Ye Li",
        "Phone number": "Missing"
    },
    {
        "Research Interest": " Assistant Professor ",
        "Position": "Missing",
        "Name": "Shaolan Li",
        "Phone number": "Missing"
    },
    {
        "Research Interest": " Academic Advisor II ",
        "Position": "Missing",
        "Name": "Mariah Liggins",
        "Phone number": "Missing"
    },
    {
        "Research Interest": " Professor ",
        "Position": "Missing",
        "Name": "Sung-Kyu Lim",
        "Phone number": "Missing"
    },
    {
        "Research Interest": " Assistant Professor / ECE Adjunct ",
        "Position": "Missing",
        "Name": "Brooks Lindsey",
        "Phone number": "Missing"
    },
    {
        "Research Interest": " Senior Research Engineer ",
        "Position": "Missing",
        "Name": "Fuhan Liu",
        "Phone number": "Missing"
    },
    {
        "Research Interest": " Adjunct Assistant Professor ",
        "Position": "Missing",
        "Name": "Alexandre Daniel Locquet",
        "Phone number": "Missing"
    },
    {
        "Research Interest": " Senior Research Engineer / ECE Adjunct ",
        "Position": "Missing",
        "Name": "Nelson E Lourenco",
        "Phone number": "Missing"
    },
    {
        "Research Interest": " Faculty Support Coord ",
        "Position": "Missing",
        "Name": "Janine Allison Lyn",
        "Phone number": "Missing"
    },
    {
        "Research Interest": " Professor ",
        "Position": "Missing",
        "Name": "Xiaoli Ma",
        "Phone number": "Missing"
    },
    {
        "Research Interest": " Professor ",
        "Position": "Missing",
        "Name": "Vijay K Madisetti",
        "Phone number": "Missing"
    },
    {
        "Research Interest": " Academic Program Mgr I ",
        "Position": "Missing",
        "Name": "Christopher Malbrue",
        "Phone number": "Missing"
    },
    {
        "Research Interest": " Adjunct Professor ",
        "Position": "Missing",
        "Name": "Gary S May",
        "Phone number": "Missing"
    },
    {
        "Research Interest": " IT Support Prof Lead ",
        "Position": "Missing",
        "Name": "Keith May",
        "Phone number": "Missing"
    },
    {
        "Research Interest": " Professor ",
        "Position": "Missing",
        "Name": "James H McClellan",
        "Phone number": "Missing"
    },
    {
        "Research Interest": " Postdoctoral Fellow ",
        "Position": "Missing",
        "Name": "Jackson Cameron McCormick",
        "Phone number": "Missing"
    },
    {
        "Research Interest": " Professor; Dean of the College of Engineering ",
        "Position": "Missing",
        "Name": "Steven W McLaughlin",
        "Phone number": "Missing"
    },
    {
        "Research Interest": " Postdoctoral Fellow ",
        "Position": "Missing",
        "Name": "Frank Mehnke",
        "Phone number": "Missing"
    },
    {
        "Research Interest": " Professor ",
        "Position": "Missing",
        "Name": "A P Meliopoulos",
        "Phone number": "Missing"
    },
    {
        "Research Interest": " Asst Dir-Financial Ops ",
        "Position": "Missing",
        "Name": "Siri G Melkote",
        "Phone number": "Missing"
    },
    {
        "Research Interest": " Regents Professor Emeritus ",
        "Position": "Missing",
        "Name": "Russell M Mersereau",
        "Phone number": "Missing"
    },
    {
        "Research Interest": " Retired Professor ",
        "Position": "Missing",
        "Name": "Jennifer E Michaels",
        "Phone number": "Missing"
    },
    {
        "Research Interest": " Faculty Support Coord ",
        "Position": "Missing",
        "Name": "Faith Carmichael Midkiff",
        "Phone number": "Missing"
    },
    {
        "Research Interest": " Professor of the Practice, Technology Entrepreneurship ",
        "Position": "Missing",
        "Name": "Gregory Mihalik",
        "Phone number": "Missing"
    },
    {
        "Research Interest": " Professor ",
        "Position": "Missing",
        "Name": "Linda S Milor",
        "Phone number": "Missing"
    },
    {
        "Research Interest": " IT Support Prof I ",
        "Position": "Missing",
        "Name": "Steven Mints",
        "Phone number": "Missing"
    },
    {
        "Research Interest": " Research Ops Prog Mgr ",
        "Position": "Missing",
        "Name": "Michael F Mitchell",
        "Phone number": "Missing"
    },
    {
        "Research Interest": " Assistant Professor ",
        "Position": "Missing",
        "Name": "Daniel Molzahn",
        "Phone number": "Missing"
    },
    {
        "Research Interest": " Associate Professor ",
        "Position": "Missing",
        "Name": "Vincent J Mooney",
        "Phone number": "Missing"
    },
    {
        "Research Interest": " Associate Professor; Assoc Chair for Undergraduate Affairs ",
        "Position": "Missing",
        "Name": "Elliot Moore II",
        "Phone number": "Missing"
    },
    {
        "Research Interest": " Financial Admin III ",
        "Position": "Missing",
        "Name": "Rosaland Moss",
        "Phone number": "Missing"
    },
    {
        "Research Interest": " Professor ",
        "Position": "Missing",
        "Name": "Saibal Mukhopadhyay",
        "Phone number": "Missing"
    },
    {
        "Research Interest": " Professor ",
        "Position": "Missing",
        "Name": "Azad J Naeemi",
        "Phone number": "Missing"
    },
    {
        "Research Interest": " Academic Professional ",
        "Position": "Missing",
        "Name": "Kristine S Nagel",
        "Phone number": "Missing"
    },
    {
        "Research Interest": " Acad & Res IT Supp Engr Sr ",
        "Position": "Missing",
        "Name": "Alexander Gabriel Neal",
        "Phone number": "Missing"
    },
    {
        "Research Interest": " Communications Mgr ",
        "Position": "Missing",
        "Name": "Jacqueline L Nemeth",
        "Phone number": "Missing"
    },
    {
        "Research Interest": " IT Support Prof Sr ",
        "Position": "Missing",
        "Name": "Bao Quang Nguyen",
        "Phone number": "Missing"
    },
    {
        "Research Interest": " Postdoctoral Fellow ",
        "Position": "Missing",
        "Name": "Gustav Nilsson",
        "Phone number": "Missing"
    },
    {
        "Research Interest": " Research Engineer I ",
        "Position": "Missing",
        "Name": "Logan O&#039;Hara",
        "Phone number": "Missing"
    },
    {
        "Research Interest": " Senior Research Engineer ",
        "Position": "Missing",
        "Name": "Young Woo OK",
        "Phone number": "Missing"
    },
    {
        "Research Interest": " Financial Admin III ",
        "Position": "Missing",
        "Name": "Nykia Lewis Olds",
        "Phone number": "Missing"
    },
    {
        "Research Interest": " Professor ",
        "Position": "Missing",
        "Name": "Abdallah Ougazzaden",
        "Phone number": "Missing"
    },
    {
        "Research Interest": " Professor ",
        "Position": "Missing",
        "Name": " Professor  email",
        "Phone number": "Missing"
    },
    {
        "Research Interest": " Postdoctoral Fellow-NE ",
        "Position": "Missing",
        "Name": "Tevhide Ozkaya Ahmadov",
        "Phone number": "Missing"
    },
    {
        "Research Interest": " Principal Research Engineer ",
        "Position": "Missing",
        "Name": "Salvador Palafox",
        "Phone number": "Missing"
    },
    {
        "Research Interest": " Senior Research Technologist ",
        "Position": "Missing",
        "Name": "Thomas J Parker",
        "Phone number": "Missing"
    },
    {
        "Research Interest": " Academic Advisor II ",
        "Position": "Missing",
        "Name": "Katrina L Patton",
        "Phone number": "Missing"
    },
    {
        "Research Interest": " Test Technician II ",
        "Position": "Missing",
        "Name": "Alexander C Pearson",
        "Phone number": "Missing"
    },
    {
        "Research Interest": " Professor Emeritus ",
        "Position": "Missing",
        "Name": "John B Peatman",
        "Phone number": "Missing"
    },
    {
        "Research Interest": " Senior Research Engineer ",
        "Position": "Missing",
        "Name": "Joshua M Perkel",
        "Phone number": "Missing"
    },
    {
        "Research Interest": " Program & Ops Mgr ",
        "Position": "Missing",
        "Name": "Rhea Monet Perkins",
        "Phone number": "Missing"
    },
    {
        "Research Interest": " Professor ",
        "Position": "Missing",
        "Name": "Andrew F. Peterson",
        "Phone number": "Missing"
    },
    {
        "Research Interest": " Electronics Engr ",
        "Position": "Missing",
        "Name": "Kevin Q Pham",
        "Phone number": "Missing"
    },
    {
        "Research Interest": " Postdoctoral Fellow ",
        "Position": "Missing",
        "Name": "Pietro Pierpaoli",
        "Phone number": "Missing"
    },
    {
        "Research Interest": " Dir-Development II ",
        "Position": "Missing",
        "Name": "Etta Pittman",
        "Phone number": "Missing"
    },
    {
        "Research Interest": " Faculty Support Coord ",
        "Position": "Missing",
        "Name": "Raquel Plaskett",
        "Phone number": "Missing"
    },
    {
        "Research Interest": " Research Engineer II ",
        "Position": "Missing",
        "Name": "Anil Babu Poda",
        "Phone number": "Missing"
    },
    {
        "Research Interest": " Web Developer Mgr ",
        "Position": "Missing",
        "Name": "Rachel Melton Ponder",
        "Phone number": "Missing"
    },
    {
        "Research Interest": " Admin Professional Sr ",
        "Position": "Missing",
        "Name": "Sharon J Pugh",
        "Phone number": "Missing"
    },
    {
        "Research Interest": " Professor Emeritus ",
        "Position": "Missing",
        "Name": "Hans B Puttgen",
        "Phone number": "Missing"
    },
    {
        "Research Interest": " Professor ",
        "Position": "Missing",
        "Name": "Stephen E Ralph",
        "Phone number": "Missing"
    },
    {
        "Research Interest": " Professor Emeritus ",
        "Position": "Missing",
        "Name": "Dale C Ray ",
        "Phone number": "Missing"
    },
    {
        "Research Interest": " Professor ",
        "Position": "Missing",
        "Name": "Arijit Raychowdhury",
        "Phone number": "Missing"
    },
    {
        "Research Interest": " Professor Emeritus ",
        "Position": "Missing",
        "Name": "William Terrill Rhodes",
        "Phone number": "Missing"
    },
    {
        "Research Interest": " Academic Program Mgr I ",
        "Position": "Missing",
        "Name": "Julie L Ridings",
        "Phone number": "Missing"
    },
    {
        "Research Interest": " Senior Research Engineer ",
        "Position": "Missing",
        "Name": "Caryn Riley",
        "Phone number": "Missing"
    },
    {
        "Research Interest": " Professor ",
        "Position": "Missing",
        "Name": "Gabriel A Rincon-Mora",
        "Phone number": "Missing"
    },
    {
        "Research Interest": " Academic Program Coord I ",
        "Position": "Missing",
        "Name": "Tschnadia Robinson",
        "Phone number": "Missing"
    },
    {
        "Research Interest": " Senior Academic Professional ",
        "Position": "Missing",
        "Name": " Senior Academic Professional ",
        "Phone number": "Missing"
    },
    {
        "Research Interest": " Assistant Professor / ECE Adjunct ",
        "Position": "Missing",
        "Name": "Francisco Robles",
        "Phone number": "Missing"
    },
    {
        "Research Interest": " Retired Regents Professor ",
        "Position": "Missing",
        "Name": "George P Rodrigue",
        "Phone number": "Missing"
    },
    {
        "Research Interest": " Test Technician II ",
        "Position": "Missing",
        "Name": "Oscar Rodriguez",
        "Phone number": "Missing"
    },
    {
        "Research Interest": " Regents Professor ",
        "Position": "Missing",
        "Name": "Ajeet Rohatgi",
        "Phone number": "Missing"
    },
    {
        "Research Interest": " Professor; Associate Chair for Research ",
        "Position": "Missing",
        "Name": "Justin Romberg",
        "Phone number": "Missing"
    },
    {
        "Research Interest": " Research Scientist II ",
        "Position": "Missing",
        "Name": "Brian C Rounsaville",
        "Phone number": "Missing"
    },
    {
        "Research Interest": " Postdoctoral Fellow ",
        "Position": "Missing",
        "Name": "Vikram Roy Chowdhury",
        "Phone number": "Missing"
    },
    {
        "Research Interest": " Electrical Engr II ",
        "Position": "Missing",
        "Name": "Brandon Royal",
        "Phone number": "Missing"
    },
    {
        "Research Interest": " Professor ",
        "Position": "Missing",
        "Name": "Christopher John Rozell",
        "Phone number": "Missing"
    },
    {
        "Research Interest": " Associate Professor ",
        "Position": "Missing",
        "Name": "Maryam Saeedifard",
        "Phone number": "Missing"
    },
    {
        "Research Interest": " Postdoctoral Fellow ",
        "Position": "Missing",
        "Name": "Mohsen Safaei Mohammadabadi",
        "Phone number": "Missing"
    },
    {
        "Research Interest": " Assistant Professor ",
        "Position": "Missing",
        "Name": "Brendan D Saltaformaggio",
        "Phone number": "Missing"
    },
    {
        "Research Interest": " Postdoctoral Fellow ",
        "Position": "Missing",
        "Name": "Oluwaseun Sangodoyin",
        "Phone number": "Missing"
    },
    {
        "Research Interest": " Associate Professor ",
        "Position": "Missing",
        "Name": "A. Fatih Sarioglu",
        "Phone number": "Missing"
    },
    {
        "Research Interest": " Research Associate II ",
        "Position": "Missing",
        "Name": "Rahul Saxena",
        "Phone number": "Missing"
    },
    {
        "Research Interest": " Professor Emeritus ",
        "Position": "Missing",
        "Name": "Ronald W Schafer",
        "Phone number": "Missing"
    },
    {
        "Research Interest": " Research Ops Prog Mgr ",
        "Position": "Missing",
        "Name": "Suzanne C Schmidle",
        "Phone number": "Missing"
    },
    {
        "Research Interest": " Affiliate-Instruct/Counseling / ECE Adjunct ",
        "Position": "Missing",
        "Name": "Christian Schuster",
        "Phone number": "Missing"
    },
    {
        "Research Interest": " Faculty Support Coord ",
        "Position": "Missing",
        "Name": "Tammy D Scott",
        "Phone number": "Missing"
    },
    {
        "Research Interest": " Professor ",
        "Position": "Missing",
        "Name": "Waymond R Scott",
        "Phone number": "Missing"
    },
    {
        "Research Interest": " Postdoctoral Fellow ",
        "Position": "Missing",
        "Name": "Nordine Sebkhi",
        "Phone number": "Missing"
    },
    {
        "Research Interest": " Research Associate II ",
        "Position": "Missing",
        "Name": "Suresh K Sharma",
        "Phone number": "Missing"
    },
    {
        "Research Interest": " Professor ",
        "Position": "Missing",
        "Name": "Shyh-Chiang Shen",
        "Phone number": "Missing"
    },
    {
        "Research Interest": " Research Engineer II-LT ",
        "Position": "Missing",
        "Name": "Wonbo Shim",
        "Phone number": "Missing"
    },
    {
        "Research Interest": " Research Engineer II ",
        "Position": "Missing",
        "Name": "Wen Shu",
        "Phone number": "Missing"
    },
    {
        "Research Interest": " Professor ",
        "Position": "Missing",
        "Name": "Raghupathy Sivakumar",
        "Phone number": "Missing"
    },
    {
        "Research Interest": " Financial Mgr II ",
        "Position": "Missing",
        "Name": "Scott D Sladek",
        "Phone number": "Missing"
    },
    {
        "Research Interest": " Regents Professor Emeritus ",
        "Position": "Missing",
        "Name": "Glenn S Smith",
        "Phone number": "Missing"
    },
    {
        "Research Interest": " Senior Academic Professional ",
        "Position": "Missing",
        "Name": "William W Smith",
        "Phone number": "Missing"
    },
    {
        "Research Interest": " Asst Dir-VIP Programs ",
        "Position": "Missing",
        "Name": "Julia M Sonnenberg-Klein",
        "Phone number": "Missing"
    },
    {
        "Research Interest": " Senior Academic Professional ",
        "Position": "Missing",
        "Name": "Daniela Staiculescu",
        "Phone number": "Missing"
    },
    {
        "Research Interest": " Academic Advisor II ",
        "Position": "Missing",
        "Name": "Anthony Andrew Stargill",
        "Phone number": "Missing"
    },
    {
        "Research Interest": " Retired Professor ",
        "Position": "Missing",
        "Name": "Paul G Steffes",
        "Phone number": "Missing"
    },
    {
        "Research Interest": " Electronics Engr ",
        "Position": "Missing",
        "Name": "James B Steinberg",
        "Phone number": "Missing"
    },
    {
        "Research Interest": " Professor ",
        "Position": "Missing",
        "Name": "Gordon L Stuber",
        "Phone number": "Missing"
    },
    {
        "Research Interest": " Regents Professor Emeritus ",
        "Position": "Missing",
        "Name": "Kendall L Su",
        "Phone number": "Missing"
    },
    {
        "Research Interest": " Quality Mgt Analyst ",
        "Position": "Missing",
        "Name": "Dylan Harrison Summer",
        "Phone number": "Missing"
    },
    {
        "Research Interest": " Test Technician I ",
        "Position": "Missing",
        "Name": "Brandi Elizabeth Swain",
        "Phone number": "Missing"
    },
    {
        "Research Interest": " Professor ",
        "Position": "Missing",
        "Name": "Madhavan Swaminathan",
        "Phone number": "Missing"
    },
    {
        "Research Interest": " Professor ",
        "Position": "Missing",
        "Name": "David G Taylor",
        "Phone number": "Missing"
    },
    {
        "Research Interest": " Professor ",
        "Position": "Missing",
        "Name": "Emmanouil M Tentzeris",
        "Phone number": "Missing"
    },
    {
        "Research Interest": " Spons Res Consult/Fin Mgr I ",
        "Position": "Missing",
        "Name": "Ann L Terka",
        "Phone number": "Missing"
    },
    {
        "Research Interest": " Academic Advising Mgr ",
        "Position": "Missing",
        "Name": "Tasha M Torrence",
        "Phone number": "Missing"
    },
    {
        "Research Interest": " Professor / ECE Adjunct ",
        "Position": "Missing",
        "Name": "Yi-Chang James Tsai",
        "Phone number": "Missing"
    },
    {
        "Research Interest": " Professor / ECE Adjunct ",
        "Position": "Missing",
        "Name": "Panagiotis Tsiotras",
        "Phone number": "Missing"
    },
    {
        "Research Interest": " Retired RBW-Faculty ",
        "Position": "Missing",
        "Name": "Rao R Tummala",
        "Phone number": "Missing"
    },
    {
        "Research Interest": " Senior Research Engineer ",
        "Position": "Missing",
        "Name": "Ajay D Upadhyaya",
        "Phone number": "Missing"
    },
    {
        "Research Interest": " Research Engineer I ",
        "Position": "Missing",
        "Name": "Vijaykumar D Upadhyaya",
        "Phone number": "Missing"
    },
    {
        "Research Interest": " Professor Emeritus ",
        "Position": "Missing",
        "Name": "George Vachtsevanos",
        "Phone number": "Missing"
    },
    {
        "Research Interest": " Assistant Professor / ECE Adjunct ",
        "Position": "Missing",
        "Name": "Kyriakos G Vamvoudakis",
        "Phone number": "Missing"
    },
    {
        "Research Interest": " Research Engineer I-LT ",
        "Position": "Missing",
        "Name": "Donald VanderLaan",
        "Phone number": "Missing"
    },
    {
        "Research Interest": " Associate Professor ",
        "Position": "Missing",
        "Name": "Patricio Antonio Vela",
        "Phone number": "Missing"
    },
    {
        "Research Interest": " Professor ",
        "Position": "Missing",
        "Name": "Erik I Verriest",
        "Phone number": "Missing"
    },
    {
        "Research Interest": " Retired RBW Faculty-Instruction ",
        "Position": "Missing",
        "Name": "Raymond P Vito",
        "Phone number": "Missing"
    },
    {
        "Research Interest": " Extension Professional II ",
        "Position": "Missing",
        "Name": "Kathleen Forbes Vogt",
        "Phone number": "Missing"
    },
    {
        "Research Interest": " Associate Professor ",
        "Position": "Missing",
        "Name": "Paul L Voss",
        "Phone number": "Missing"
    },
    {
        "Research Interest": " Dir-Development I ",
        "Position": "Missing",
        "Name": "Anna M Walker",
        "Phone number": "Missing"
    },
    {
        "Research Interest": " Appl Developer Sr ",
        "Position": "Missing",
        "Name": "Christine Sun Wang",
        "Phone number": "Missing"
    },
    {
        "Research Interest": " Associate Professor ",
        "Position": "Missing",
        "Name": "Hua Wang",
        "Phone number": "Missing"
    },
    {
        "Research Interest": " Professor / ECE Adjunct ",
        "Position": "Missing",
        "Name": "Yang Wang",
        "Phone number": "Missing"
    },
    {
        "Research Interest": " Professor ",
        "Position": "Missing",
        "Name": "Yorai Wardi",
        "Phone number": "Missing"
    },
    {
        "Research Interest": " Academic Program Mgr I ",
        "Position": "Missing",
        "Name": "Chelcea H Warren",
        "Phone number": "Missing"
    },
    {
        "Research Interest": " Academic Advisor II ",
        "Position": "Missing",
        "Name": "Teresa Watkins",
        "Phone number": "Missing"
    },
    {
        "Research Interest": " Professor Emeritus ",
        "Position": "Missing",
        "Name": "Roger P Webb",
        "Phone number": "Missing"
    },
    {
        "Research Interest": " Professor; Senior Associate Chair ",
        "Position": "Missing",
        "Name": "Mary Ann Weitnauer",
        "Phone number": "Missing"
    },
    {
        "Research Interest": " Research Engineer II ",
        "Position": "Missing",
        "Name": "Haoran Wen",
        "Phone number": "Missing"
    },
    {
        "Research Interest": " Research Engineer I-LT ",
        "Position": "Missing",
        "Name": "Kevin Thomas Whitmore",
        "Phone number": "Missing"
    },
    {
        "Research Interest": " Test Technician I ",
        "Position": "Missing",
        "Name": "David Wilkins",
        "Phone number": "Missing"
    },
    {
        "Research Interest": " Professor; Associate Dean for Administration and Finance ",
        "Position": "Missing",
        "Name": "Douglas B Williams",
        "Phone number": "Missing"
    },
    {
        "Research Interest": " Research Coordinator II ",
        "Position": "Missing",
        "Name": "F Dean Williams",
        "Phone number": "Missing"
    },
    {
        "Research Interest": " Maintenance Worker II ",
        "Position": "Missing",
        "Name": "Thaddeus M Willis",
        "Phone number": "Missing"
    },
    {
        "Research Interest": " Associate Professor ",
        "Position": "Missing",
        "Name": "Linda M Wills",
        "Phone number": "Missing"
    },
    {
        "Research Interest": " Admin Professional Sr ",
        "Position": "Missing",
        "Name": "Lorie Wooten",
        "Phone number": "Missing"
    },
    {
        "Research Interest": " Facilities Mgr Sr ",
        "Position": "Missing",
        "Name": "Zachariah A Worley",
        "Phone number": "Missing"
    },
    {
        "Research Interest": " Financial Mgr II ",
        "Position": "Missing",
        "Name": "Laquita C Wright",
        "Phone number": "Missing"
    },
    {
        "Research Interest": " Research Engineer II-LT ",
        "Position": "Missing",
        "Name": "Yi-Da Wu",
        "Phone number": "Missing"
    },
    {
        "Research Interest": " Associate Professor / ECE Adjunct ",
        "Position": "Missing",
        "Name": "Yao Xie",
        "Phone number": "Missing"
    },
    {
        "Research Interest": " Professor ",
        "Position": "Missing",
        "Name": "Anthony Joseph Yezzi",
        "Phone number": "Missing"
    },
    {
        "Research Interest": " Associate Professor ",
        "Position": "Missing",
        "Name": "Doug Yoder",
        "Phone number": "Missing"
    },
    {
        "Research Interest": " Postdoctoral Fellow ",
        "Position": "Missing",
        "Name": "Jonghyeok Yoon",
        "Phone number": "Missing"
    },
    {
        "Research Interest": " Associate Professor ",
        "Position": "Missing",
        "Name": "Shimeng Yu",
        "Phone number": "Missing"
    },
    {
        "Research Interest": " Associate Professor ",
        "Position": "Missing",
        "Name": "Alenka Zajic",
        "Phone number": "Missing"
    },
    {
        "Research Interest": " Postdoctoral Fellow ",
        "Position": "Missing",
        "Name": "Gebreab Zewdie",
        "Phone number": "Missing"
    },
    {
        "Research Interest": " Professor ",
        "Position": "Missing",
        "Name": "Fumin Zhang",
        "Phone number": "Missing"
    },
    {
        "Research Interest": " Professor ",
        "Position": "Missing",
        "Name": "Ying Zhang",
        "Phone number": "Missing"
    },
    {
        "Research Interest": " Assistant Professor / ECE Adjunct ",
        "Position": "Missing",
        "Name": "Ye Zhao",
        "Phone number": "Missing"
    },
    {
        "Research Interest": " Professor ",
        "Position": "Missing",
        "Name": "Tong Zhou",
        "Phone number": "Missing"
    },
    {
        "Research Interest": " Academic Program Mgr I ",
        "Position": "Missing",
        "Name": "Jinping Zhu",
        "Phone number": "Missing"
    },
    {
        "Research Interest": " Postdoctoral Fellow ",
        "Position": "Missing",
        "Name": "Yiying Zhu",
        "Phone number": "Missing"
    },
    {
        "Research Interest": " Research Engineer II ",
        "Position": "Missing",
        "Name": "Muneeb Zia",
        "Phone number": "Missing"
    }
]