[
    {
        "Name": "William Coburn",
        "Research Interest": "Missing",
        "Phone number": "Missing",
        "Email": "Missing",
        "Position": "Missing"
    },
    {
        "Name": "Anrieta Draganova",
        "Research Interest": "Missing",
        "Phone number": "Missing",
        "Email": "Missing",
        "Position": "Missing"
    },
    {
        "Name": "Arush Gadkar",
        "Research Interest": "Missing",
        "Phone number": "Missing",
        "Email": "Missing",
        "Position": "Missing"
    },
    {
        "Name": "Young Ill Kim",
        "Research Interest": "Missing",
        "Phone number": "Missing",
        "Email": "Missing",
        "Position": "Missing"
    },
    {
        "Name": "Louise Ippolito",
        "Research Interest": "Missing",
        "Phone number": "Missing",
        "Email": "Missing",
        "Position": "Missing"
    },
    {
        "Name": "Omer Kavaklioglu",
        "Research Interest": "Missing",
        "Phone number": "Missing",
        "Email": "Missing",
        "Position": "Missing"
    },
    {
        "Name": "Omar Mazzoni",
        "Research Interest": "Missing",
        "Phone number": "Missing",
        "Email": "Missing",
        "Position": "Missing"
    },
    {
        "Name": "Asha Mehrotra",
        "Research Interest": "Missing",
        "Phone number": "Missing",
        "Email": "Missing",
        "Position": "Missing"
    },
    {
        "Name": "Iman Naziri Moghaddam ",
        "Research Interest": "Missing",
        "Phone number": "Missing",
        "Email": "Missing",
        "Position": "Missing"
    },
    {
        "Name": "Sina Najmaei",
        "Research Interest": "Missing",
        "Phone number": "Missing",
        "Email": "Missing",
        "Position": "Missing"
    },
    {
        "Name": "Tirumale Ramesh",
        "Research Interest": "Missing",
        "Phone number": "Missing",
        "Email": "Missing",
        "Position": "Missing"
    },
    {
        "Name": "Mohammed Shamma",
        "Research Interest": "Missing",
        "Phone number": "Missing",
        "Email": "Missing",
        "Position": "Missing"
    },
    {
        "Name": "Michael Souryal",
        "Research Interest": "Missing",
        "Phone number": "Missing",
        "Email": "Missing",
        "Position": "Missing"
    },
    {
        "Name": "Saul Torrico  ",
        "Research Interest": "Missing",
        "Phone number": "Missing",
        "Email": "Missing",
        "Position": "Missing"
    },
    {
        "Name": "Jerry Wu",
        "Research Interest": "Missing",
        "Phone number": "Missing",
        "Email": "Missing",
        "Position": "Missing"
    },
    {
        "Name": "Sean Yun",
        "Research Interest": "Missing",
        "Phone number": "Missing",
        "Email": "Missing",
        "Position": "Missing"
    },
    {
        "Name": "Arzhang Zamani",
        "Research Interest": "Missing",
        "Phone number": "Missing",
        "Email": "Missing",
        "Position": "Missing"
    }
]