[
    {
        "Position": "Professor and interim department chair",
        "Name": "Andreas G. Andreou",
        "Research Interest": "Primary Appointment: Electrical and Computer Engineering",
        "Email": "Missing",
        "Phone number": "Missing"
    },
    {
        "Position": "Assistant Professor",
        "Name": "Muyinatu Bell",
        "Research Interest": "Primary Appointment: Electrical and Computer Engineering",
        "Email": "Missing",
        "Phone number": "Missing"
    },
    {
        "Position": "Assistant Professor",
        "Name": "Emad M. Boctor",
        "Research Interest": "Primary Appointment: Radiology and Radiological Science",
        "Email": "Missing",
        "Phone number": "Missing"
    },
    {
        "Position": "Professor",
        "Name": "Paul A. Bottomley",
        "Research Interest": "Primary Appointment: Radiology and Radiological Science",
        "Email": "Missing",
        "Phone number": "Missing"
    },
    {
        "Position": "Associate research Professor",
        "Name": "Carlos Castillo",
        "Research Interest": "Primary Appointment: Electrical and Computer Engineering",
        "Email": "Missing",
        "Phone number": "Missing"
    },
    {
        "Position": "BLOOMBERG DISTINGUISHED Professor",
        "Name": "Rama Chellappa",
        "Research Interest": "Primary Appointment: Electrical and Computer Engineering and Biomedical Engineering",
        "Email": "Missing",
        "Phone number": "Missing"
    },
    {
        "Position": "Assistant Research Professor",
        "Name": "Peter S. Chin",
        "Research Interest": "Primary Appointment: Draper Laboratory",
        "Email": "Missing",
        "Phone number": "Missing"
    },
    {
        "Position": "Associate Research Professor",
        "Name": "A. Brinton Cooper III",
        "Research Interest": "Primary Appointment: Electrical and Computer Engineering",
        "Email": "Missing",
        "Phone number": "Missing"
    },
    {
        "Position": "Professor",
        "Name": "Noah J. Cowan",
        "Research Interest": "Primary Appointment: Mechanical Engineering",
        "Email": "Missing",
        "Phone number": "Missing"
    },
    {
        "Position": "Research Professor",
        "Name": "Richard Cox",
        "Research Interest": "Primary Appointment: Director of Human Language Technology Center of Excellence",
        "Email": "Missing",
        "Phone number": "Missing"
    },
    {
        "Position": "Assistant Professor",
        "Name": "Najim Dehak",
        "Research Interest": "Primary Appointment: Electrical and Computer Engineering",
        "Email": "Missing",
        "Phone number": "Missing"
    },
    {
        "Position": "ASSISTANT PROFESSOR",
        "Name": "Nicholas Durr",
        "Research Interest": "Primary Appointment: Biomedical Engineering",
        "Email": "Missing",
        "Phone number": "Missing"
    },
    {
        "Position": "Professor",
        "Name": "Mounya Elhilali",
        "Research Interest": "Primary Appointment: Electrical and Computer Engineering",
        "Email": "Missing",
        "Phone number": "Missing"
    },
    {
        "Position": "Professor",
        "Name": "Ralph Etienne-Cummings",
        "Research Interest": "Primary Appointment: Electrical and Computer Engineering",
        "Email": "Missing",
        "Phone number": "Missing"
    },
    {
        "Position": "Associate Professor",
        "Name": "Amy C. Foster",
        "Research Interest": "Primary Appointment: Electrical and Computer Engineering",
        "Email": "Missing",
        "Phone number": "Missing"
    },
    {
        "Position": "Associate Professor",
        "Name": "Mark A. Foster",
        "Research Interest": "Primary Appointment: Electrical and Computer Engineering",
        "Email": "Missing",
        "Phone number": "Missing"
    },
    {
        "Position": "Professor",
        "Name": "Eric C. Frey",
        "Research Interest": "Primary Appointment: Radiology and Radiological Science",
        "Email": "Missing",
        "Phone number": "Missing"
    },
    {
        "Position": "ASSoCIATE PROFESSOR",
        "Name": "Gene Yevgeny Fridman",
        "Research Interest": "Primary Appointment: Johns Hopkins University School of Medicine",
        "Email": "Missing",
        "Phone number": "Missing"
    },
    {
        "Position": "Associate Research Professor",
        "Name": "Israel Gannot",
        "Research Interest": "Primary Appointment: Professor, Biomedical Engineering; Tel-Aviv University",
        "Email": "Missing",
        "Phone number": "Missing"
    },
    {
        "Position": "Missing",
        "Name": "Dennice F. Gayme",
        "Research Interest": "Primary Appointment: Mechanical Engineering",
        "Email": "Missing",
        "Phone number": "Missing"
    },
    {
        "Position": "Professor",
        "Name": "Peter Gehlbach",
        "Research Interest": "Primary Appointment: Ophthalmology",
        "Email": "Missing",
        "Phone number": "Missing"
    },
    {
        "Position": "Professor",
        "Name": "Donald Geman",
        "Research Interest": "Primary Appointment: Applied Mathematics and Statistics",
        "Email": "Missing",
        "Phone number": "Missing"
    },
    {
        "Position": "Lecturer",
        "Name": "Robert E. Glaser",
        "Research Interest": "Primary Appointment: Electrical and Computer Engineering",
        "Email": "Missing",
        "Phone number": "Missing"
    },
    {
        "Position": "Professor",
        "Name": "John I. Goutsias",
        "Research Interest": "Primary Appointment: Electrical and Computer Engineering",
        "Email": "Missing",
        "Phone number": "Missing"
    },
    {
        "Position": "Mandell Bellmore Professor",
        "Name": "Gregory D. Hager",
        "Research Interest": "Primary Appointment: Computer Science",
        "Email": "Missing",
        "Phone number": "Missing"
    },
    {
        "Position": "Julian S. Smith Professor",
        "Name": "Hynek Hermansky",
        "Research Interest": "Primary Appointment: Electrical and Computer Engineering",
        "Email": "Missing",
        "Phone number": "Missing"
    },
    {
        "Position": "Edward J. Schaefer Professor",
        "Name": "Pablo A. Iglesias",
        "Research Interest": "Primary Appointment: Electrical and Computer Engineering",
        "Email": "Missing",
        "Phone number": "Missing"
    },
    {
        "Position": "Associate Professor",
        "Name": "Pedro M. Juli\\xc3\\xa1n",
        "Research Interest": "Full Profile ",
        "Email": "Missing",
        "Phone number": "Missing"
    },
    {
        "Position": "Jacob Suter Jammer Professor",
        "Name": "Jin U. Kang",
        "Research Interest": "Primary Appointment: Electrical and Computer Engineering",
        "Email": "Missing",
        "Phone number": "Missing"
    },
    {
        "Position": "Associate Professor",
        "Name": "Sanjeev P. Khudanpur",
        "Research Interest": "Primary Appointment: Electrical and Computer Engineering",
        "Email": "Missing",
        "Phone number": "Missing"
    },
    {
        "Position": "Professor",
        "Name": "Jacob B. Khurgin",
        "Research Interest": "Primary Appointment: Electrical and Computer Engineering",
        "Email": "Missing",
        "Phone number": "Missing"
    },
    {
        "Position": "Assistant Professor",
        "Name": "Marin Kobilarov",
        "Research Interest": "Primary Appointment: Mechanical Engineering",
        "Email": "Missing",
        "Phone number": "Missing"
    },
    {
        "Position": "Professor",
        "Name": "Xingde Li",
        "Research Interest": "Primary Appointment: Biomedical Engineering",
        "Email": "Missing",
        "Phone number": "Missing"
    },
    {
        "Position": "Assistant Professor",
        "Name": "Enrique Mallada",
        "Research Interest": "Primary Appointment: Electrical and Computer Engineering",
        "Email": "Missing",
        "Phone number": "Missing"
    },
    {
        "Position": "Professor",
        "Name": "Gerard G.L. Meyer",
        "Research Interest": "Primary Appointment: Electrical and Computer Engineering",
        "Email": "Missing",
        "Phone number": "Missing"
    },
    {
        "Position": "Missing",
        "Name": "Michael I. Miller",
        "Research Interest": "Primary Appointment: Biomedical Engineering",
        "Email": "Missing",
        "Phone number": "Missing"
    },
    {
        "Position": "Assistant Professor",
        "Name": "Vishal M. Patel",
        "Research Interest": "Primary Appointment: Electrical and Computer Engineering",
        "Email": "Missing",
        "Phone number": "Missing"
    },
    {
        "Position": "Adjunct Associate Professor",
        "Name": "Dzung L. Pham",
        "Research Interest": "Primary Appointment: Electrical and Computer Engineering",
        "Email": "Missing",
        "Phone number": "Missing"
    },
    {
        "Position": "Lecturer and Assistant Research Professor  ",
        "Name": "Philippe O. Pouliquen",
        "Research Interest": "Primary Appointment: Electrical and Computer Engineering",
        "Email": "Missing",
        "Phone number": "Missing"
    },
    {
        "Position": "Professor",
        "Name": "Carey Priebe",
        "Research Interest": "Primary Appointment: Applied Mathematics and Statistics",
        "Email": "Missing",
        "Phone number": "Missing"
    },
    {
        "Position": "William B. Kouwenhoven Professor",
        "Name": "Jerry L. Prince",
        "Research Interest": "Primary Appointment: Electrical and Computer Engineering",
        "Email": "Missing",
        "Phone number": "Missing"
    },
    {
        "Position": "Associate Professor",
        "Name": "Arman Rahmim",
        "Research Interest": "Primary Appointment: Radiology and Radiological Science",
        "Email": "Missing",
        "Phone number": "Missing"
    },
    {
        "Position": "Associate Research Professor and Lecturer\\xc2\\xa0",
        "Name": "Charbel G. Rizk",
        "Research Interest": "Full Profile ",
        "Email": "Missing",
        "Phone number": "Missing"
    },
    {
        "Position": "AssOCIATE Professor",
        "Name": "Suchi Saria",
        "Research Interest": "Primary Appointment: Computer Science",
        "Email": "Missing",
        "Phone number": "Missing"
    },
    {
        "Position": "Missing",
        "Name": "Sridevi V. Sarma",
        "Research Interest": "Primary Appointment: Biomedical Engineering",
        "Email": "Missing",
        "Phone number": "Missing"
    },
    {
        "Position": "Professor and Benjamin T. Rome Dean",
        "Name": "T.E. (Ed) Schlesinger",
        "Research Interest": "Primary Appointment: Electrical and Computer Engineering",
        "Email": "Missing",
        "Phone number": "Missing"
    },
    {
        "Position": "Assistant Professor",
        "Name": "J. Webster Stayman",
        "Research Interest": "Primary Appointment: Biomedical Engineering",
        "Email": "Missing",
        "Phone number": "Missing"
    },
    {
        "Position": "Adjunct Assistant Professor",
        "Name": "Xiaoying Tang",
        "Research Interest": "Primary Appointment: Electrical and Computer Engineering",
        "Email": "Missing",
        "Phone number": "Missing"
    },
    {
        "Position": "Professor",
        "Name": "Nitish V. Thakor",
        "Research Interest": "Primary Appointment: \\xc2\\xa0Biomedical Engineering",
        "Email": "Missing",
        "Phone number": "Missing"
    },
    {
        "Position": "AssOCIATE Professor",
        "Name": "Susanna Thon",
        "Research Interest": "Primary Appointment: Electrical and Computer Engineering",
        "Email": "Missing",
        "Phone number": "Missing"
    },
    {
        "Position": "Professor",
        "Name": "Trac D. Tran",
        "Research Interest": "Primary Appointment: Electrical and Computer Engineering",
        "Email": "Missing",
        "Phone number": "Missing"
    },
    {
        "Position": "Professor",
        "Name": "Benjamin M.W. Tsui",
        "Research Interest": "Primary Appointment: Radiology and Radiological Science",
        "Email": "Missing",
        "Phone number": "Missing"
    },
    {
        "Position": "John C. Malone\\xc2\\xa0Assistant Professor\\xc2\\xa0",
        "Name": "Archana Venkataraman",
        "Research Interest": "Primary Appointment: Electrical and Computer Engineering",
        "Email": "Missing",
        "Phone number": "Missing"
    },
    {
        "Position": "Professor",
        "Name": "Rene Vidal",
        "Research Interest": "Primary Appointment: Biomedical Engineering",
        "Email": "Missing",
        "Phone number": "Missing"
    },
    {
        "Position": "Assistant Research Professor",
        "Name": "Jes\\xc3\\xbas Villalba",
        "Research Interest": "Primary Appointment: Center for Language and Speech Processing",
        "Email": "Missing",
        "Phone number": "Missing"
    },
    {
        "Position": "Missing",
        "Name": "Shinji Watanabe",
        "Research Interest": "Secondary Appointment:\\xc2\\xa0 Center for Language and Speech Processing",
        "Email": "Missing",
        "Phone number": "Missing"
    },
    {
        "Position": "Professor",
        "Name": "Howard Weinert",
        "Research Interest": "Primary Appointment: Electrical and Computer Engineering",
        "Email": "Missing",
        "Phone number": "Missing"
    },
    {
        "Position": "Professor",
        "Name": "James E. West",
        "Research Interest": "Diversity Champion",
        "Email": "Missing",
        "Phone number": "Missing"
    },
    {
        "Position": "Raj and Neera Singh Professor",
        "Name": "Raimond L. Winslow",
        "Research Interest": "Primary Appointment: Biomedical Engineering",
        "Email": "Missing",
        "Phone number": "Missing"
    }
]