[
    {
        "Name": "Yevgeny Berdichevsky",
        "Phone number": "Missing",
        "Research Interest": "Missing",
        "Position": "Missing",
        "Email": "Missing"
    },
    {
        "Name": "Rick S. Blum",
        "Phone number": "Missing",
        "Research Interest": "Missing",
        "Position": "Missing",
        "Email": "Missing"
    },
    {
        "Name": "Mihail Cutitaru",
        "Phone number": "Missing",
        "Research Interest": "Missing",
        "Position": "Missing",
        "Email": "Missing"
    },
    {
        "Name": "Stephen P. DeWeerth",
        "Phone number": "Missing",
        "Research Interest": "Missing",
        "Position": "Missing",
        "Email": "Missing"
    },
    {
        "Name": "Douglas R. Frey",
        "Phone number": "Missing",
        "Research Interest": "Missing",
        "Position": "Missing",
        "Email": "Missing"
    },
    {
        "Name": "Xiaochen Guo",
        "Phone number": "Missing",
        "Research Interest": "Missing",
        "Position": "Missing",
        "Email": "Missing"
    },
    {
        "Name": "Miltiadis K. Hatalis",
        "Phone number": "Missing",
        "Research Interest": "Missing",
        "Position": "Missing",
        "Email": "Missing"
    },
    {
        "Name": "Shalinee Kishore",
        "Phone number": "Missing",
        "Research Interest": "Missing",
        "Position": "Missing",
        "Email": "Missing"
    },
    {
        "Name": "Sushil Kumar",
        "Phone number": "Missing",
        "Research Interest": "Missing",
        "Position": "Missing",
        "Email": "Missing"
    },
    {
        "Name": "(Tiffany) Jing Li",
        "Phone number": "Missing",
        "Research Interest": "Missing",
        "Position": "Missing",
        "Email": "Missing"
    },
    {
        "Name": "Wenxin Liu",
        "Phone number": "Missing",
        "Research Interest": "Missing",
        "Position": "Missing",
        "Email": "Missing"
    },
    {
        "Name": "K. H. Norian",
        "Phone number": "Missing",
        "Research Interest": "Missing",
        "Position": "Missing",
        "Email": "Missing"
    },
    {
        "Name": "Nelson Tansu",
        "Phone number": "Missing",
        "Research Interest": "Missing",
        "Position": "Missing",
        "Email": "Missing"
    },
    {
        "Name": "Svetlana Tatic-Lucic",
        "Phone number": "Missing",
        "Research Interest": "Missing",
        "Position": "Missing",
        "Email": "Missing"
    },
    {
        "Name": "Parv Venkitasubramaniam",
        "Phone number": "Missing",
        "Research Interest": "Missing",
        "Position": "Missing",
        "Email": "Missing"
    },
    {
        "Name": "Wujie Wen",
        "Phone number": "Missing",
        "Research Interest": "Missing",
        "Position": "Missing",
        "Email": "Missing"
    },
    {
        "Name": "Jonathan J. Wierer, Jr.",
        "Phone number": "Missing",
        "Research Interest": "Missing",
        "Position": "Missing",
        "Email": "Missing"
    },
    {
        "Name": "Chengshan Xiao",
        "Phone number": "Missing",
        "Research Interest": "Missing",
        "Position": "Missing",
        "Email": "Missing"
    },
    {
        "Name": "Zhiyuan Yan",
        "Phone number": "Missing",
        "Research Interest": "Missing",
        "Position": "Missing",
        "Email": "Missing"
    },
    {
        "Name": "Jieming Yin",
        "Phone number": "Missing",
        "Research Interest": "Missing",
        "Position": "Missing",
        "Email": "Missing"
    },
    {
        "Name": "Yahong Rosa Zheng",
        "Phone number": "Missing",
        "Research Interest": "Missing",
        "Position": "Missing",
        "Email": "Missing"
    }
]