[
    {
        "Name": "Ivan Selesnick",
        "Position": "Department Chair and Professor of Electrical &amp; Computer Engineering; Professor of Biomedical Engineering, and Radiology",
        "Research Interest": "Missing",
        "Phone number": "Missing"
    },
    {
        "Name": "S. Farokh Atashzar",
        "Position": "Assistant Professor",
        "Research Interest": "Missing",
        "Phone number": "Missing"
    },
    {
        "Name": "Matthew Campisi",
        "Position": "Industry Associate Professor",
        "Research Interest": "Missing",
        "Phone number": "Missing"
    },
    {
        "Name": "H. Jonathan Chao",
        "Position": "Professor",
        "Research Interest": "Missing",
        "Phone number": "Missing"
    },
    {
        "Name": "Anna Choromanska",
        "Position": "Assistant Professor; Alfred. P. Sloan Fellow",
        "Research Interest": "Missing",
        "Phone number": "Missing"
    },
    {
        "Name": "Dariusz Czarkowski",
        "Position": "Professor",
        "Research Interest": "Missing",
        "Phone number": "Missing"
    },
    {
        "Name": "Nirod Das",
        "Position": "Associate Professor",
        "Research Interest": "Missing",
        "Phone number": "Missing"
    },
    {
        "Name": "Francisco de Leon",
        "Position": "Professor; Director of Undergraduate Programs",
        "Research Interest": "Missing",
        "Phone number": "Missing"
    },
    {
        "Name": "Yury Dvorkin",
        "Position": "Assistant Professor",
        "Research Interest": "Missing",
        "Phone number": "Missing"
    },
    {
        "Name": "Elza Erkip",
        "Position": "Institute Professor, Electrical and Computer Engineering; Director of Graduate Programs",
        "Research Interest": "Missing",
        "Phone number": "Missing"
    },
    {
        "Name": "Siddharth Garg",
        "Position": "Associate Professor",
        "Research Interest": "Missing",
        "Phone number": "Missing"
    },
    {
        "Name": "Chinmay Hegde",
        "Position": "Assistant Professor",
        "Research Interest": "Missing",
        "Phone number": "Missing"
    },
    {
        "Name": "Danny Yuxing Huang",
        "Position": "Assistant Professor",
        "Research Interest": "Missing",
        "Phone number": "Missing"
    },
    {
        "Name": "Zhong-Ping Jiang",
        "Position": "Professor",
        "Research Interest": "Missing",
        "Phone number": "Missing"
    },
    {
        "Name": "Ramesh Karri",
        "Position": "Professor; Co-founder and co-chair NYU Center for Cyber Security; Founder and Organizer: Annual CSAW Embedded Security Challenge ",
        "Research Interest": "Missing",
        "Phone number": "Missing"
    },
    {
        "Name": "Farshad Khorrami",
        "Position": "Professor",
        "Research Interest": "Missing",
        "Phone number": "Missing"
    },
    {
        "Name": "Michael Knox",
        "Position": "Industry Professor",
        "Research Interest": "Missing",
        "Phone number": "Missing"
    },
    {
        "Name": "Jelena Kova\\xc4\\x8devi\\xc4\\x87",
        "Position": "William R. Berkley Professor and Dean of the NYU Tandon School of Engineering",
        "Research Interest": "Missing",
        "Phone number": "Missing"
    },
    {
        "Name": "Yong Liu",
        "Position": "Professor",
        "Research Interest": "Missing",
        "Phone number": "Missing"
    },
    {
        "Name": "Giuseppe Loianno",
        "Position": "Assistant Professor",
        "Research Interest": "Missing",
        "Phone number": "Missing"
    },
    {
        "Name": "I-Tai Lu",
        "Position": "Professor",
        "Research Interest": "Missing",
        "Phone number": "Missing"
    },
    {
        "Name": "Thomas Marzetta",
        "Position": "Distinguished Industry Professor, Director NYU WIRELESS",
        "Research Interest": "Missing",
        "Phone number": "Missing"
    },
    {
        "Name": "Shivendra Panwar",
        "Position": "Professor, Director of the NY State Center for Advanced Technology in Telecommunications (CATT)",
        "Research Interest": "Missing",
        "Phone number": "Missing"
    },
    {
        "Name": "Unnikrishna Pillai",
        "Position": "Full-Professor (half-time)",
        "Research Interest": "Missing",
        "Phone number": "Missing"
    },
    {
        "Name": "Sundeep Rangan",
        "Position": "Professor, Associate Director NYU WIRELESS",
        "Research Interest": "Missing",
        "Phone number": "Missing"
    },
    {
        "Name": "Theodore Rappaport",
        "Position": "David Lee/Ernst Weber Professor of Electrical Engineering; Founding Director of NYU WIRELESS; Professor of Computer Science at NYU Courant; Professor of Radiology, NYU School of Medicine",
        "Research Interest": "Missing",
        "Phone number": "Missing"
    },
    {
        "Name": "Brandon Reagen",
        "Position": "Assistant Professor",
        "Research Interest": "Missing",
        "Phone number": "Missing"
    },
    {
        "Name": "Ludovic Righetti",
        "Position": "Associate Professor",
        "Research Interest": "Missing",
        "Phone number": "Missing"
    },
    {
        "Name": "Davood Shahrjerdi",
        "Position": "NYU WIRELESS, Associate Professor",
        "Research Interest": "Missing",
        "Phone number": "Missing"
    },
    {
        "Name": "Peter Voltz",
        "Position": "Associate Dean for Undergraduate and Graduate Academics",
        "Research Interest": "Missing",
        "Phone number": "Missing"
    },
    {
        "Name": "Yao Wang",
        "Position": "Professor of Electrical &amp; Computer Engineering, Biomedical Engineering, and Radiology; Associate Dean for Faculty Affairs",
        "Research Interest": "Missing",
        "Phone number": "Missing"
    },
    {
        "Name": "Zivan Zabar",
        "Position": "Professor",
        "Research Interest": "Missing",
        "Phone number": "Missing"
    },
    {
        "Name": "Quanyan Zhu",
        "Position": "Associate Professor",
        "Research Interest": "Missing",
        "Phone number": "Missing"
    }
]