[
    {
        "Research Interest": "Electrical and Computer Engineering",
        "Name": "Emad Aboelela",
        "Position": " Associate Teaching Professor and Vice Chair for Undergraduate Education, ",
        "Email": "e.aboelela@northeastern.edu",
        "Phone number": "617.373.3386"
    },
    {
        "Research Interest": "Electrical and Computer Engineering",
        "Name": "Ali Abur",
        "Position": " Professor, ",
        "Email": "abur@ece.neu.edu",
        "Phone number": "617.373.3051"
    },
    {
        "Research Interest": "Cooperative Education",
        "Name": "Brian Albrecht",
        "Position": " Associate Co-op Coordinator & Assistant Director, ",
        "Email": "b.albrecht@northeastern.edu",
        "Phone number": "617.373.6836"
    },
    {
        "Research Interest": "Electrical and Computer Engineering",
        "Name": "Muhammad Ali",
        "Position": " Associate Research Scientist, ",
        "Email": "m.ali@northeastern.edu",
        "Phone number": "617.373.6992"
    },
    {
        "Research Interest": "Electrical and Computer Engineering",
        "Name": "Ahmed Aly",
        "Position": " Senior Research Engineer, ",
        "Email": "a.aly@northeastern.edu",
        "Phone number": ""
    },
    {
        "Research Interest": "Electrical and Computer Engineering",
        "Name": "Christopher Amato",
        "Position": " Affiliated Faculty, ",
        "Email": "c.amato@northeastern.edu",
        "Phone number": "617.373.5807"
    },
    {
        "Research Interest": "Electrical and Computer Engineering",
        "Name": "Mahshid Amirabadi",
        "Position": " Assistant Professor, ",
        "Email": "m.amirabadi@northeastern.edu",
        "Phone number": "617.373.8177"
    },
    {
        "Research Interest": "Electrical and Computer Engineering",
        "Name": "Parisa Andalib",
        "Position": " Associate Research Scientist, ",
        "Email": "p.andalib@northeastern.edu",
        "Phone number": "617.373.5185"
    },
    {
        "Research Interest": "Electrical and Computer Engineering",
        "Name": "Viduneth Ariyarathna",
        "Position": " Postdoctoral Research Associate, ",
        "Email": "v.ariyarathna@northeastern.edu",
        "Phone number": ""
    },
    {
        "Research Interest": "Bioengineering",
        "Name": "Joseph Ayers",
        "Position": " Affiliated Faculty, ",
        "Email": "j.ayers@northeastern.edu",
        "Phone number": "(781) 581-7370"
    },
    {
        "Research Interest": "Electrical and Computer Engineering",
        "Name": "Stefano Basagni",
        "Position": " Associate Professor, ",
        "Email": "basagni@ece.neu.edu",
        "Phone number": "617.373.3061"
    },
    {
        "Research Interest": "Electrical and Computer Engineering",
        "Name": "Elena Bernal Mor",
        "Position": " Assistant Teaching Professor, ",
        "Email": "e.bernalmor@northeastern.edu",
        "Phone number": ""
    },
    {
        "Research Interest": "Electrical and Computer Engineering",
        "Name": "Brittany Bernardini",
        "Position": " Marketing and Communications Coordinator, ",
        "Email": "b.bernardini@northeastern.edu",
        "Phone number": ""
    },
    {
        "Research Interest": "Electrical and Computer Engineering",
        "Name": "Timothy Bickmore",
        "Position": " Affiliated Faculty, ",
        "Email": "t.bickmore@northeastern.edu",
        "Phone number": "617.373.5477"
    },
    {
        "Research Interest": "Electrical and Computer Engineering",
        "Name": "David Brady",
        "Position": " Teaching Professor, ",
        "Email": "d.brady@northeastern.edu",
        "Phone number": "617.373.6992"
    },
    {
        "Research Interest": "Electrical and Computer Engineering",
        "Name": "Dana Brooks",
        "Position": " Research Professor, ",
        "Email": "brooks@ece.neu.edu",
        "Phone number": "617.373.3352"
    },
    {
        "Research Interest": "Mechanical and Industrial Engineering",
        "Name": "Ahmed Busnaina",
        "Position": " WL Smith Chair and University Distinguished Professor, ",
        "Email": "busnaina@coe.neu.edu",
        "Phone number": "617.373.2992"
    },
    {
        "Research Interest": "Electrical and Computer Engineering",
        "Name": "Octavia Camps",
        "Position": " Professor, ",
        "Email": "camps@ece.neu.edu",
        "Phone number": "617.373.4663"
    },
    {
        "Research Interest": "Electrical and Computer Engineering",
        "Name": "Cristian Cassella",
        "Position": " Assistant Professor, ",
        "Email": "c.cassella@northeastern.edu",
        "Phone number": "617.373.7509"
    },
    {
        "Research Interest": "Electrical and Computer Engineering",
        "Name": "Kaushik Chowdhury",
        "Position": " Professor, ",
        "Email": "krc@ece.neu.edu",
        "Phone number": "617.373.5304"
    },
    {
        "Research Interest": "Electrical and Computer Engineering",
        "Name": "Pau Closas",
        "Position": " Assistant Professor, ",
        "Email": "closas@northeastern.edu",
        "Phone number": "617.373.3778"
    },
    {
        "Research Interest": "Electrical and Computer Engineering",
        "Name": "Luca Colombo",
        "Position": " Postdoctoral Research Associate, ",
        "Email": "l.colombo@northeastern.edu",
        "Phone number": ""
    },
    {
        "Research Interest": "Global Engineering Co-op",
        "Name": "Sally Conant",
        "Position": " Associate Co-op Coordinator, ",
        "Email": "s.conant@northeastern.edu",
        "Phone number": "617.373.6373"
    },
    {
        "Research Interest": "Electrical and Computer Engineering",
        "Name": "Patrick Connolly",
        "Position": " Facilities Manager, ",
        "Email": "p.connolly@northeastern.edu",
        "Phone number": ""
    },
    {
        "Research Interest": "Electrical and Computer Engineering",
        "Name": "Thomas Consi",
        "Position": " Teaching Professor, ",
        "Email": "t.consi@northeastern.edu",
        "Phone number": ""
    },
    {
        "Research Interest": "Electrical and Computer Engineering",
        "Name": "Gene Cooperman",
        "Position": " Affiliated Faculty, ",
        "Email": "g.cooperman@northeastern.edu",
        "Phone number": "617.373.8686"
    },
    {
        "Research Interest": "Electrical and Computer Engineering",
        "Name": "Salvatore D\\'Oro",
        "Position": " Research Assistant Professor, ",
        "Email": "s.doro@northeastern.edu",
        "Phone number": ""
    },
    {
        "Research Interest": "Electrical and Computer Engineering",
        "Name": "Emrecan Demirors",
        "Position": " Research Assistant Professor, ",
        "Email": "e.demirors@northeastern.edu",
        "Phone number": "617.373.4159"
    },
    {
        "Research Interest": "Electrical and Computer Engineering",
        "Name": "Peter Desnoyers",
        "Position": " Affiliated Faculty, ",
        "Email": "pjd@ccs.neu.edu",
        "Phone number": "617.373.8683"
    },
    {
        "Research Interest": "Electrical and Computer Engineering",
        "Name": "Anthony Devaney",
        "Position": " COE Distinguished Professor Emeritus, ",
        "Email": "devaney@ece.neu.edu",
        "Phone number": "617.373.5284"
    },
    {
        "Research Interest": "Electrical and Computer Engineering",
        "Name": "Charles DiMarzio",
        "Position": " Associate Professor, ",
        "Email": "dimarzio@ece.neu.edu",
        "Phone number": "617.373.2034"
    },
    {
        "Research Interest": "Electrical and Computer Engineering",
        "Name": "Stephen W. Director",
        "Position": " Provost Emeritus, ",
        "Email": "director@northeastern.edu",
        "Phone number": "617.373.4517"
    },
    {
        "Research Interest": "Cooperative Education",
        "Name": "John DiSessa",
        "Position": " Student Services & Data Manager, ",
        "Email": "j.disessa@northeastern.edu",
        "Phone number": "617.373.4122"
    },
    {
        "Research Interest": "Electrical and Computer Engineering",
        "Name": "Jennifer Dy",
        "Position": " Professor, ",
        "Email": "jdy@ece.neu.edu",
        "Phone number": "617.373.3062"
    },
    {
        "Research Interest": "Electrical and Computer Engineering",
        "Name": "Ehsan Elhamifar",
        "Position": " Affiliated Faculty, ",
        "Email": "eelhami@ccs.neu.edu",
        "Phone number": "617.373.6535"
    },
    {
        "Research Interest": "Electrical and Computer Engineering",
        "Name": "Deniz Erdogmus",
        "Position": " Professor and Vice Chair of Research, ",
        "Email": "erdogmus@ece.neu.edu",
        "Phone number": "617.373.3021"
    },
    {
        "Research Interest": "Mechanical and Industrial Engineering",
        "Name": "Ozlem Ergun",
        "Position": " Professor, ",
        "Email": "o.ergun@northeastern.edu",
        "Phone number": "617.373.6254"
    },
    {
        "Research Interest": "Electrical and Computer Engineering",
        "Name": "Hui Fang",
        "Position": " Assistant Professor, ",
        "Email": "h.fang@northeastern.edu",
        "Phone number": "617.373.2060"
    },
    {
        "Research Interest": "Bioengineering",
        "Name": "Qianqian Fang",
        "Position": " Associate Professor, ",
        "Email": "q.fang@northeastern.edu",
        "Phone number": "617.373.3829"
    },
    {
        "Research Interest": "Electrical and Computer Engineering",
        "Name": "Amir Farhat",
        "Position": " Associate Teaching Professor, ",
        "Email": "a.farhat@northeastern.edu",
        "Phone number": "617.373.3024"
    },
    {
        "Research Interest": "Electrical and Computer Engineering",
        "Name": "Yunsi Fei",
        "Position": " Professor, ",
        "Email": "yfei@ece.neu.edu",
        "Phone number": "617.373.2039"
    },
    {
        "Research Interest": "Electrical and Computer Engineering",
        "Name": "Yunume Fitchorova",
        "Position": " Affiliated Faculty, ",
        "Email": "o.obi@northeastern.edu",
        "Phone number": "781.238.8436"
    },
    {
        "Research Interest": "Electrical and Computer Engineering",
        "Name": "Yun Raymond Fu",
        "Position": " Professor, ",
        "Email": "yunfu@ece.neu.edu",
        "Phone number": "617.373.7328"
    },
    {
        "Research Interest": "Electrical and Computer Engineering",
        "Name": "Sandesh Ghimire",
        "Position": " Postdoctoral Research Associate, ",
        "Email": "s.ghimire@northeastern.edu",
        "Phone number": ""
    },
    {
        "Research Interest": "Electrical and Computer Engineering",
        "Name": "Manu Gosain",
        "Position": " Senior Technical Program Director, ",
        "Email": "a.gosain@northeastern.edu",
        "Phone number": ""
    },
    {
        "Research Interest": "Electrical and Computer Engineering",
        "Name": "Vincent G. Harris",
        "Position": " University Distinguished Professor and William Lincoln Smith Chair Professor, ",
        "Email": "harris@ece.neu.edu",
        "Phone number": "617.373.7603"
    },
    {
        "Research Interest": "Institute for the Wireless Internet of Things",
        "Name": "William Hart",
        "Position": " Financial Operations Coordinator, ",
        "Email": "w.hart@northeastern.edu",
        "Phone number": "617.373.4461"
    },
    {
        "Research Interest": "Mechanical and Industrial Engineering",
        "Name": "Casper Harteveld",
        "Position": " Affiliated Faculty, ",
        "Email": "c.harteveld@northeastern.edu",
        "Phone number": "617.373.4027"
    },
    {
        "Research Interest": "Electrical and Computer Engineering",
        "Name": "Abby Hegarty",
        "Position": " Financial Operations Coordinator, ",
        "Email": "a.hegarty@northeastern.edu",
        "Phone number": ""
    },
    {
        "Research Interest": "Electrical and Computer Engineering",
        "Name": "Tales Imbiriba",
        "Position": " Postdoctoral Research Associate, ",
        "Email": "t.imbiriba@northeastern.edu",
        "Phone number": "617.373.4779"
    },
    {
        "Research Interest": "Electrical and Computer Engineering",
        "Name": "Vinay Ingle",
        "Position": " Associate Professor, ",
        "Email": "vingle@ece.neu.edu",
        "Phone number": "617.373.3008"
    },
    {
        "Research Interest": "Electrical and Computer Engineering",
        "Name": "Stephen Intille",
        "Position": " Affiliated Faculty, ",
        "Email": "s.intille@northeastern.edu",
        "Phone number": "617.373.3711"
    },
    {
        "Research Interest": "Electrical and Computer Engineering",
        "Name": "Stratis Ioannidis",
        "Position": " Associate Professor, ",
        "Email": "ioannidis@ece.neu.edu",
        "Phone number": "617 373 6358"
    },
    {
        "Research Interest": "Electrical and Computer Engineering",
        "Name": "Holly Jimison",
        "Position": " Affiliated Faculty, ",
        "Email": "h.jimison@northeastern.edu",
        "Phone number": "617.373.2381"
    },
    {
        "Research Interest": "Electrical and Computer Engineering",
        "Name": "Pedram Johari",
        "Position": " Associate Research Scientist, ",
        "Email": "p.johari@northeastern.edu",
        "Phone number": ""
    },
    {
        "Research Interest": "Cooperative Education",
        "Name": "Steven Johnson",
        "Position": " Assistant Co-op Coordinator, ",
        "Email": "st.johnson@northeastern.edu",
        "Phone number": "617.373.3445"
    },
    {
        "Research Interest": "Electrical and Computer Engineering",
        "Name": "Chelsea Jones",
        "Position": " Administrative Assistant, ",
        "Email": "ch.jones@northeastern.edu",
        "Phone number": ""
    },
    {
        "Research Interest": "Electrical and Computer Engineering",
        "Name": "Josep M Jornet",
        "Position": " Associate Professor, ",
        "Email": "j.jornet@northeastern.edu",
        "Phone number": "617.373.5719"
    },
    {
        "Research Interest": "Cooperative Education",
        "Name": "Jackie Josselyn",
        "Position": " Assistant Co-op Coordinator, ",
        "Email": "j.josselyn@northeastern.edu",
        "Phone number": "617.373.2475"
    },
    {
        "Research Interest": "Cooperative Education",
        "Name": "Alison Joyce",
        "Position": " Assistant Co-op Coordinator, ",
        "Email": "a.joyce@northeastern.edu",
        "Phone number": "617.373.7182"
    },
    {
        "Research Interest": "Electrical and Computer Engineering",
        "Name": "David Kaeli",
        "Position": " COE Distinguished Professor, ",
        "Email": "kaeli@ece.neu.edu",
        "Phone number": "617.373.5413"
    },
    {
        "Research Interest": "Electrical and Computer Engineering",
        "Name": "Edward Kelly",
        "Position": " Lab Technician, ",
        "Email": "e.kelly@northeastern.edu",
        "Phone number": "617.373.2175"
    },
    {
        "Research Interest": "Electrical and Computer Engineering",
        "Name": "Yong-Bin Kim",
        "Position": " Professor, ",
        "Email": "ybk@ece.neu.edu",
        "Phone number": "617.373.2919"
    },
    {
        "Research Interest": "Electrical and Computer Engineering",
        "Name": "John K. Kimani",
        "Position": " Associate Teaching Professor, ",
        "Email": "j.kimani@northeastern.edu",
        "Phone number": "617.373.6398"
    },
    {
        "Research Interest": "Khoury College of Computer Sciences",
        "Name": "Engin Kirda",
        "Position": " Professor, ",
        "Email": "ek@ccs.neu.edu",
        "Phone number": "617.373.7484"
    },
    {
        "Research Interest": "Electrical and Computer Engineering",
        "Name": "Mieczyslaw Kokar",
        "Position": " Professor, ",
        "Email": "mkokar@ece.neu.edu",
        "Phone number": "617.373.4849"
    },
    {
        "Research Interest": "Electrical and Computer Engineering",
        "Name": "Dmitri Krioukov",
        "Position": " Affiliated Faculty, ",
        "Email": "dima@northeastern.edu",
        "Phone number": "617.373.2934"
    },
    {
        "Research Interest": "Global Engineering Co-op",
        "Name": "Kristina Kutsukos",
        "Position": " Assistant Co-op Coordinator, ",
        "Email": "k.kutsukos@northeastern.edu",
        "Phone number": "617.373.3808"
    },
    {
        "Research Interest": "Electrical and Computer Engineering",
        "Name": "Miriam Leeser",
        "Position": " Professor, ",
        "Email": "mel@ece.neu.edu",
        "Phone number": "617.373.3814"
    },
    {
        "Research Interest": "Electrical and Computer Engineering",
        "Name": "Bradley Lehman",
        "Position": " Professor, ",
        "Email": "lehman@ece.neu.edu",
        "Phone number": "617.373.3052"
    },
    {
        "Research Interest": "Mechanical and Industrial Engineering",
        "Name": "Laurent Lessard",
        "Position": " Associate Professor, ",
        "Email": "l.lessard@northeastern.edu",
        "Phone number": ""
    },
    {
        "Research Interest": "Electrical and Computer Engineering",
        "Name": "Hanoch Lev-Ari",
        "Position": " Professor, ",
        "Email": "levari@ece.neu.edu",
        "Phone number": "617.373.3032"
    },
    {
        "Research Interest": "Electrical and Computer Engineering",
        "Name": "Xue \"Shelley\" Lin",
        "Position": " Assistant Professor, ",
        "Email": "xue.lin@northeastern.edu",
        "Phone number": "617.373.4030"
    },
    {
        "Research Interest": "Electrical and Computer Engineering",
        "Name": "Shanshan Liu",
        "Position": " Postdoctoral Research Associate, ",
        "Email": "sha.liu@northeastern.edu",
        "Phone number": "617.373.4854"
    },
    {
        "Research Interest": "Mechanical and Industrial Engineering",
        "Name": "Yongmin Liu",
        "Position": " Associate Professor, ",
        "Email": "y.liu@northeastern.edu",
        "Phone number": "617.373.4457"
    },
    {
        "Research Interest": "Mechanical and Industrial Engineering",
        "Name": "Carol Livermore",
        "Position": " Associate Professor, ",
        "Email": "livermore@northeastern.edu",
        "Phone number": "617.373.4922"
    },
    {
        "Research Interest": "Electrical and Computer Engineering",
        "Name": "Fabrizio Lombardi",
        "Position": " ITC Endowed Professor, ",
        "Email": "lombardi@ece.neu.edu",
        "Phone number": "617.373.4854"
    },
    {
        "Research Interest": "Electrical and Computer Engineering",
        "Name": "Maria LoSurdo",
        "Position": " Director of Administration and Finance, ",
        "Email": "m.losurdo@northeastern.edu",
        "Phone number": "617.373.6992"
    },
    {
        "Research Interest": "First Year Engineering Program and Electrical and Computer Engineering",
        "Name": "Bala Maheswaran",
        "Position": " Teaching Professor, ",
        "Email": "mahes@coe.neu.edu",
        "Phone number": "617.373.5905"
    },
    {
        "Research Interest": "Bioengineering",
        "Name": "Lee Makowski",
        "Position": " Professor and Chair, ",
        "Email": "l.makowski@northeastern.edu",
        "Phone number": "617.373.3006"
    },
    {
        "Research Interest": "Electrical and Computer Engineering",
        "Name": "Edwin Marengo",
        "Position": " Associate Professor, ",
        "Email": "emarengo@ece.neu.edu",
        "Phone number": "617.373.3358"
    },
    {
        "Research Interest": "Electrical and Computer Engineering",
        "Name": "Julius Marpaung",
        "Position": " Associate Teaching Professor, ",
        "Email": "j.marpaung@northeastern.edu",
        "Phone number": ""
    },
    {
        "Research Interest": "Mechanical and Industrial Engineering",
        "Name": "Jose Martinez Lorenzo",
        "Position": " Associate Professor, ",
        "Email": "j.martinez-lorenzo@northeastern.edu",
        "Phone number": "617.373.6835"
    },
    {
        "Research Interest": "Undergraduate Academic Advising",
        "Name": "Lauren McCallick",
        "Position": " First-Year & Electrical and Computer Engineering (A-I) Academic Advisor, ",
        "Email": "l.mccallick@northeastern.edu",
        "Phone number": "617.373.2154"
    },
    {
        "Research Interest": "Electrical and Computer Engineering",
        "Name": "Nicol McGruer",
        "Position": " Professor, ",
        "Email": "mcgruer@ece.neu.edu",
        "Phone number": "617.373.2066"
    },
    {
        "Research Interest": "Electrical and Computer Engineering",
        "Name": "Stephen W. McKnight",
        "Position": " Professor Emeritus, ",
        "Email": "mcknight@ece.neu.edu",
        "Phone number": "617.373.2060"
    },
    {
        "Research Interest": "Cooperative Education",
        "Name": "Iraz Medhi",
        "Position": " Associate Co-op Coordinator, ",
        "Email": "i.medhi@northeastern.edu",
        "Phone number": "617.373.6242"
    },
    {
        "Research Interest": "Office of the Dean",
        "Name": "Waleed Meleis",
        "Position": " Associate Dean for Graduate Education, ",
        "Email": "w.meleis@northeastern.edu",
        "Phone number": "617.373.3023"
    },
    {
        "Research Interest": "Electrical and Computer Engineering",
        "Name": "Tommaso Melodia",
        "Position": " William Lincoln Smith Chair Professor, ",
        "Email": "melodia@ece.neu.edu",
        "Phone number": "617.373.4159"
    },
    {
        "Research Interest": "Electrical and Computer Engineering",
        "Name": "Ningfang Mi",
        "Position": " Associate Professor, ",
        "Email": "ningfang@ece.neu.edu",
        "Phone number": "617.373.3028"
    },
    {
        "Research Interest": "Electrical and Computer Engineering",
        "Name": "Ennio Mingolla",
        "Position": " Affiliated Faculty, ",
        "Email": "e.mingolla@northeastern.edu",
        "Phone number": "617.373.5811"
    },
    {
        "Research Interest": "Institute for the Wireless Internet of Things",
        "Name": "Fiona Morgan",
        "Position": " Program Manager, ",
        "Email": "f.morgan@northeastern.edu",
        "Phone number": "617.373.4897"
    },
    {
        "Research Interest": "Electrical and Computer Engineering",
        "Name": "Hossein Mosallaei",
        "Position": " Professor, ",
        "Email": "hosseinm@ece.neu.edu",
        "Phone number": "617.373.7354"
    },
    {
        "Research Interest": "Cooperative Education",
        "Name": "Lorraine Mountain",
        "Position": " Assistant Dean & Senior Co-op Coordinator, ",
        "Email": "l.mountain@northeastern.edu",
        "Phone number": "617.373.2966"
    },
    {
        "Research Interest": "Civil and Environmental Engineering",
        "Name": "Amy Mueller",
        "Position": " Assistant Professor, ",
        "Email": "a.mueller@northeastern.edu",
        "Phone number": "617.373.8131"
    },
    {
        "Research Interest": "Electrical and Computer Engineering",
        "Name": "Sarma Mulukutla",
        "Position": " Professor Emeritus, ",
        "Email": "mulukutla@ece.neu.edu",
        "Phone number": ""
    },
    {
        "Research Interest": "Electrical and Computer Engineering",
        "Name": "Ufuk Muncuk",
        "Position": " Research Assistant Professor, ",
        "Email": "u.muncuk@northeastern.edu",
        "Phone number": ""
    },
    {
        "Research Interest": "Electrical and Computer Engineering",
        "Name": "Yousof Naderi",
        "Position": " Research Assistant Professor, ",
        "Email": "m.naderi@northeastern.edu",
        "Phone number": ""
    },
    {
        "Research Interest": "Electrical and Computer Engineering",
        "Name": "Guevara Noubir",
        "Position": " Affiliated Faculty, ",
        "Email": "noubir@ccs.neu.edu",
        "Phone number": ""
    },
    {
        "Research Interest": "Electrical and Computer Engineering",
        "Name": "Marvin Onabajo",
        "Position": " Associate Professor, ",
        "Email": "monabajo@ece.neu.edu",
        "Phone number": "617.373.3452"
    },
    {
        "Research Interest": "Electrical and Computer Engineering",
        "Name": "Sarah Ostadabbas",
        "Position": " Assistant Professor, ",
        "Email": "ostadabbas@ece.neu.edu",
        "Phone number": "617.373.4992"
    },
    {
        "Research Interest": "Electrical and Computer Engineering",
        "Name": "Taskin Padir",
        "Position": " Associate Professor, ",
        "Email": "t.padir@northeastern.edu",
        "Phone number": "617.373.8114"
    },
    {
        "Research Interest": "Electrical and Computer Engineering",
        "Name": "Rupal Patel",
        "Position": " Affiliated Faculty, ",
        "Email": "r.patel@northeastern.edu",
        "Phone number": "617.373.5842"
    },
    {
        "Research Interest": "Electrical and Computer Engineering",
        "Name": "Misha Pavel",
        "Position": " Affiliated Faculty, ",
        "Email": "pavelm@ccs.neu.edu",
        "Phone number": "617.373.2462"
    },
    {
        "Research Interest": "Electrical and Computer Engineering",
        "Name": "Aloizio Pereira da Silva",
        "Position": " Technical Project Manager, ",
        "Email": "a.pereiradasilva@northeastern.edu",
        "Phone number": "617.373.6692"
    },
    {
        "Research Interest": "Mechanical and Industrial Engineering",
        "Name": "Robert Platt",
        "Position": " Affiliated Faculty, ",
        "Email": "rplatt@ccs.neu.edu",
        "Phone number": "617.373.7681"
    },
    {
        "Research Interest": "Electrical and Computer Engineering",
        "Name": "Michele Polese",
        "Position": " Associate Research Scientist, ",
        "Email": "m.polese@northeastern.edu",
        "Phone number": ""
    },
    {
        "Research Interest": "Electrical and Computer Engineering",
        "Name": "John G. Proakis",
        "Position": " Professor Emeritus, ",
        "Email": "proakisjg@aol.com",
        "Phone number": ""
    },
    {
        "Research Interest": "Electrical and Computer Engineering",
        "Name": "Yongli Qi",
        "Position": " Postdoctoral Research Associate, ",
        "Email": "y.qi@northeastern.edu",
        "Phone number": ""
    },
    {
        "Research Interest": "Electrical and Computer Engineering",
        "Name": "Zhenyun Qian",
        "Position": " Research Assistant Professor, ",
        "Email": "qian@ece.neu.edu",
        "Phone number": "617.373.2751"
    },
    {
        "Research Interest": "Electrical and Computer Engineering",
        "Name": "Alireza Ramezani",
        "Position": " Assistant Professor, ",
        "Email": "a.ramezani@northeastern.edu",
        "Phone number": "617.373.4027"
    },
    {
        "Research Interest": "Electrical and Computer Engineering",
        "Name": "Sumientra Rampersad",
        "Position": " Research Assistant Professor, ",
        "Email": "s.rampersad@northeastern.edu",
        "Phone number": "617.373.6992"
    },
    {
        "Research Interest": "Electrical and Computer Engineering",
        "Name": "Carey Rappaport",
        "Position": " COE Distinguished Professor, ",
        "Email": "rappaport@ece.neu.edu",
        "Phone number": "617.373.2043"
    },
    {
        "Research Interest": "Electrical and Computer Engineering",
        "Name": "Purnima Ratilal-Makris",
        "Position": " Professor, ",
        "Email": "purnima@ece.neu.edu",
        "Phone number": "617.373.8458"
    },
    {
        "Research Interest": "Electrical and Computer Engineering",
        "Name": "Francesco Restuccia",
        "Position": " Assistant Professor, ",
        "Email": "f.restuccia@northeastern.edu",
        "Phone number": "617.373.3655"
    },
    {
        "Research Interest": "Electrical and Computer Engineering",
        "Name": "Matteo Rinaldi",
        "Position": " Professor, ",
        "Email": "rinaldi@ece.neu.edu",
        "Phone number": "617.373.2751"
    },
    {
        "Research Interest": "Undergraduate Academic Advising",
        "Name": "Krystal Ristaino",
        "Position": " First-Year & Electrical and Computer Engineering (J-Z) Academic Advisor, ",
        "Email": "k.ristaino@northeastern.edu",
        "Phone number": "617.373.2154"
    },
    {
        "Research Interest": "Khoury College of Computer Sciences",
        "Name": "Wil Robertson",
        "Position": " Associate Professor, ",
        "Email": "wkr@ccs.neu.edu",
        "Phone number": "617.373.2136"
    },
    {
        "Research Interest": "Electrical and Computer Engineering",
        "Name": "Debashri Roy",
        "Position": " Postdoctoral Research Fellow, ",
        "Email": "d.roy@northeastern.edu",
        "Phone number": ""
    },
    {
        "Research Interest": "Electrical and Computer Engineering",
        "Name": "Dipanjan Saha",
        "Position": " Postdoctoral Research Fellow, ",
        "Email": "d.saha@northeastern.edu",
        "Phone number": ""
    },
    {
        "Research Interest": "Electrical and Computer Engineering",
        "Name": "Iman Salama",
        "Position": " Associate Teaching Professor, ",
        "Email": "i.salama@northeastern.edu",
        "Phone number": "617.373.5386"
    },
    {
        "Research Interest": "Electrical and Computer Engineering",
        "Name": "Masoud Salehi",
        "Position": " Associate Professor and Associate Chair for Graduate Studies , ",
        "Email": "salehi@ece.neu.edu",
        "Phone number": "617.373.2446"
    },
    {
        "Research Interest": "Electrical and Computer Engineering",
        "Name": "Gunar Schirner",
        "Position": " Associate Professor, ",
        "Email": "schirner@ece.neu.edu",
        "Phone number": "617.373.5707"
    },
    {
        "Research Interest": "Electrical and Computer Engineering",
        "Name": "Magy Seif El-Nasr",
        "Position": " Affiliated Faculty, ",
        "Email": "m.seifel-nasr@northeastern.edu",
        "Phone number": "617.373.3928"
    },
    {
        "Research Interest": "Electrical and Computer Engineering",
        "Name": "Philip Serafim",
        "Position": " Professor Emeritus, ",
        "Email": "serafim@ece.neu.edu",
        "Phone number": "617.373.2063"
    },
    {
        "Research Interest": "Electrical and Computer Engineering",
        "Name": "Bahram Shafai",
        "Position": " Professor, ",
        "Email": "shafai@ece.neu.edu",
        "Phone number": "617.373.2984"
    },
    {
        "Research Interest": "Electrical and Computer Engineering",
        "Name": "Aatmesh Shrivastava",
        "Position": " Assistant Professor, ",
        "Email": "aatmesh@ece.neu.edu",
        "Phone number": "617.373.2063"
    },
    {
        "Research Interest": "Electrical and Computer Engineering",
        "Name": "Milad Siami",
        "Position": " Assistant Professor, ",
        "Email": "m.siami@northeastern.edu",
        "Phone number": ""
    },
    {
        "Research Interest": "Electrical and Computer Engineering",
        "Name": "Eric Sihite",
        "Position": " Postdoctoral Research Associate, ",
        "Email": "e.sihite@northeastern.edu",
        "Phone number": ""
    },
    {
        "Research Interest": "Electrical and Computer Engineering",
        "Name": "Michael B. Silevitch",
        "Position": " Robert D. Black Professor, COE Distinguished Professor, ",
        "Email": "m.silevitch@northeastern.edu",
        "Phone number": "617.373.3033"
    },
    {
        "Research Interest": "Electrical and Computer Engineering",
        "Name": "Hanumant Singh",
        "Position": " Professor, ",
        "Email": "ha.singh@northeastern.edu",
        "Phone number": "617.373.7286"
    },
    {
        "Research Interest": "Electrical and Computer Engineering",
        "Name": "Neko Smith",
        "Position": " Administrative Assistant, ",
        "Email": "k.smith@northeastern.edu",
        "Phone number": ""
    },
    {
        "Research Interest": "Electrical and Computer Engineering",
        "Name": "Eduardo Sontag",
        "Position": " University Distinguished Professor, ",
        "Email": "e.sontag@northeastern.edu",
        "Phone number": ""
    },
    {
        "Research Interest": "Biology",
        "Name": "Dagmar Sternad",
        "Position": " University Distinguished Professor, ",
        "Email": "d.sternad@northeastern.edu",
        "Phone number": "617.373.5093"
    },
    {
        "Research Interest": "Electrical and Computer Engineering",
        "Name": "Milica Stojanovic",
        "Position": " Professor, ",
        "Email": "millitsa@ece.neu.edu",
        "Phone number": "617.373.5112"
    },
    {
        "Research Interest": "Electrical and Computer Engineering",
        "Name": "Yorgos Stratis",
        "Position": " Postdoctoral Research Fellow, ",
        "Email": "g.stratis@northeastern.edu",
        "Phone number": ""
    },
    {
        "Research Interest": "Electrical & Computer Engineering",
        "Name": "Lili Su",
        "Position": " Assistant Professor, ",
        "Email": "l.su@northeastern.edu",
        "Phone number": ""
    },
    {
        "Research Interest": "Electrical and Computer Engineering",
        "Name": "Nian X. Sun",
        "Position": " Professor, ",
        "Email": "nian@ece.neu.edu",
        "Phone number": "617.373.3351"
    },
    {
        "Research Interest": "Electrical and Computer Engineering",
        "Name": "Mario Sznaier",
        "Position": " Dennis Picard Trustee Professor, ",
        "Email": "msznaier@ece.neu.edu",
        "Phone number": "617.373.5364"
    },
    {
        "Research Interest": "Electrical and Computer Engineering",
        "Name": "Srinivas Tadigadapa",
        "Position": " Professor and Chair, ",
        "Email": "srinivas@northeastern.edu",
        "Phone number": ""
    }
]