[
    {
        "Position": "Chair and Professor of Electrical and Computer Engineering",
        "Research Interest": "John A. Dever Professor of Electrical and Computer Engineering",
        "Name": "Randall Berry",
        "Phone number": "Missing"
    },
    {
        "Position": "Assistant Professor of Preventive Medicine and (by courtesy) Computer Science",
        "Research Interest": "Assistant Professor of Preventive Medicine and (by courtesy) Computer Science",
        "Name": "Nabil Alshurafa",
        "Phone number": "Missing"
    },
    {
        "Position": "Associate Professor of Electrical and Computer Engineering",
        "Research Interest": "Associate Professor of Electrical and Computer Engineering",
        "Name": "Koray Aydin",
        "Phone number": "Missing"
    },
    {
        "Position": "Professor of Engineering Sciences and Applied Mathematics",
        "Research Interest": "Professor of Engineering Sciences and Applied Mathematics",
        "Name": "Alvin Bayliss",
        "Phone number": "Missing"
    },
    {
        "Position": "Associate Professor of Electrical and Computer Engineering",
        "Research Interest": "Associate Professor of Electrical and Computer Engineering",
        "Name": "Arthur Butz",
        "Phone number": "Missing"
    },
    {
        "Position": "Assistant Professor of Computer Science and (by courtesy) Electrical and Computer Engineering",
        "Research Interest": "Assistant Professor of Computer Science and (by courtesy) Electrical and Computer Engineering",
        "Name": "Simone Campanoni",
        "Phone number": "Missing"
    },
    {
        "Position": "Professor of Materials Science and Engineering",
        "Research Interest": "Director, Materials Research Institute",
        "Name": "Robert Chang",
        "Phone number": "Missing"
    },
    {
        "Position": "Henry and Isabelle Dever Professor of Electrical and Computer Engineering and (by courtesy) Computer Science",
        "Research Interest": "Henry and Isabelle Dever Professor of Electrical and Computer Engineering and (by courtesy) Computer Science",
        "Name": "Alok Choudhary",
        "Phone number": "Missing"
    },
    {
        "Position": "Associate Professor of Computer Science",
        "Research Interest": "Associate Professor of Electrical and Computer Engineering",
        "Name": "Oliver Cossairt",
        "Phone number": "Missing"
    },
    {
        "Position": "Professor of Computer Science and (by courtesy) Electrical and Computer Engineering",
        "Research Interest": "Professor of Computer Science and (by courtesy) Electrical and Computer Engineering",
        "Name": "Peter Dinda",
        "Phone number": "Missing"
    },
    {
        "Position": "Professor of Electrical and Computer Engineering",
        "Research Interest": "Professor of Electrical and Computer Engineering",
        "Name": "Randy Freeman",
        "Phone number": "Missing"
    },
    {
        "Position": "Professor of Electrical and Computer Engineering",
        "Research Interest": "Professor of Electrical and Computer Engineering",
        "Name": "Matthew Grayson",
        "Phone number": "Missing"
    },
    {
        "Position": "Assistant Professor of Electrical and Computer Engineering",
        "Research Interest": "Assistant Professor of Electrical and Computer Engineering",
        "Name": "Jie Gu",
        "Phone number": "Missing"
    },
    {
        "Position": "Professor of Electrical and Computer Engineering",
        "Research Interest": "Professor of Electrical and Computer Engineering",
        "Name": "Dongning Guo",
        "Phone number": "Missing"
    },
    {
        "Position": "Professor Emeritus",
        "Research Interest": "Professor Emeritus",
        "Name": "Abraham Haddad",
        "Phone number": "Missing"
    },
    {
        "Position": "Associate Professor of Computer Science",
        "Research Interest": "Associate Professor of Electrical and Computer Engineering",
        "Name": "Nikos Hardavellas",
        "Phone number": "Missing"
    },
    {
        "Position": "Assistant Professor of Electrical and Computer Engineering",
        "Research Interest": "Assistant Professor (by courtesy) of Preventive Medicine at Feinberg School of Medicine",
        "Name": "Josiah Hester",
        "Phone number": "Missing"
    },
    {
        "Position": "Professor Emeritus",
        "Research Interest": "Professor Emeritus",
        "Name": "Larry Henschen",
        "Phone number": "Missing"
    },
    {
        "Position": "Walter P. Murphy Professor of Materials Science and Engineering",
        "Research Interest": "Director, Materials Research Science and Engineering (MRSEC)",
        "Name": "Mark Hersam",
        "Phone number": "Missing"
    },
    {
        "Position": "Professor of Electrical and Computer Engineering",
        "Research Interest": "Professor of Electrical and Computer Engineering",
        "Name": "Seng-Tiong Ho",
        "Phone number": "Missing"
    },
    {
        "Position": "Professor of Electrical and Computer Engineering",
        "Research Interest": "Professor of Electrical and Computer Engineering",
        "Name": "Michael Honig",
        "Phone number": "Missing"
    },
    {
        "Position": "Associate Professor of Electrical and Computer Engineering",
        "Research Interest": "Associate Professor of Computer Science",
        "Name": "Russell Joseph",
        "Phone number": "Missing"
    },
    {
        "Position": "Professor of Electrical and Computer Engineering",
        "Research Interest": "Joseph Cummings Professor",
        "Name": "Aggelos Katsaggelos",
        "Phone number": "Missing"
    },
    {
        "Position": "Professor of Electrical and Computer Engineering",
        "Research Interest": "Professor of Electrical and Computer Engineering",
        "Name": "John Ketterson",
        "Phone number": "Missing"
    },
    {
        "Position": "Associate Professor of Electrical and Computer Engineering",
        "Research Interest": "Associate Professor of Electrical and Computer Engineering",
        "Name": "Pedram Khalili",
        "Phone number": "Missing"
    },
    {
        "Position": "Professor of Electrical and Computer Engineering",
        "Research Interest": "Director of Center for Photonic Communication and Computing",
        "Name": "Prem Kumar",
        "Phone number": "Missing"
    },
    {
        "Position": "Professor Emeritus of Electrical and Computer Engineering",
        "Research Interest": "Professor Emeritus of Electrical and Computer Engineering",
        "Name": "Chung-Chieh Lee",
        "Phone number": "Missing"
    },
    {
        "Position": "Professor of Electrical and Computer Engineering",
        "Research Interest": "Professor of Computer Science",
        "Name": "Gokhan Memik",
        "Phone number": "Missing"
    },
    {
        "Position": "Professor of Electrical and Computer Engineering",
        "Research Interest": "Professor of Computer Science",
        "Name": "Seda Memik",
        "Phone number": "Missing"
    },
    {
        "Position": "Assistant Professor of Instruction ",
        "Research Interest": "Assistant Professor of Instruction ",
        "Name": "Ilya Mikhelson",
        "Phone number": "Missing"
    },
    {
        "Position": "Professor of Electrical and Computer Engineering",
        "Research Interest": "AT&amp;T Professor of Information Technology",
        "Name": "Hooman Mohseni",
        "Phone number": "Missing"
    },
    {
        "Position": "Professor Emeritus ",
        "Research Interest": "Professor Emeritus ",
        "Name": "Gordon Murphy",
        "Phone number": "Missing"
    },
    {
        "Position": "Professor of Electrical and Computer Engineering",
        "Research Interest": "Professor of Electrical and Computer Engineering",
        "Name": "Thrasyvoulos (Thrasos) Pappas",
        "Phone number": "Missing"
    },
    {
        "Position": "Professor Emeritus ",
        "Research Interest": "Professor Emeritus ",
        "Name": "Martin Plonus",
        "Phone number": "Missing"
    },
    {
        "Position": "Assistant Professor of Biomedical Engineering and Radiology and (by courtesy) Electrical and Computer Engineering",
        "Research Interest": "Assistant Professor of Biomedical Engineering and Radiology and (by courtesy) Electrical and Computer Engineering",
        "Name": "Laleh Rad",
        "Phone number": "Missing"
    },
    {
        "Position": "Professor Emeritus",
        "Research Interest": "Professor Emeritus",
        "Name": "Morteza Amir Rahimi",
        "Phone number": "Missing"
    },
    {
        "Position": "Walter P. Murphy Professor of Electrical and Computer Engineering",
        "Research Interest": "Director, Center for Quantum Devices",
        "Name": "Manijeh Razeghi",
        "Phone number": "Missing"
    },
    {
        "Position": "Louis Simpson and Kimberly Querrey Professor of Materials Science and Engineering, Biomedical Engineering and Neurological Surgery (and by courtesy Electrical and Computer Engineering, Mechanical Engineering, and Chemistry)",
        "Research Interest": "Louis Simpson and Kimberly Querrey Professor of Materials Science and Engineering, Biomedical Engineering and Neurological Surgery (and by courtesy Electrical and Computer Engineering, Mechanical Engineering, and Chemistry)",
        "Name": "John Rogers",
        "Phone number": "Missing"
    },
    {
        "Position": "Professor of Electrical and Computer Engineering",
        "Research Interest": "Associate Dean",
        "Name": "Alan Sahakian",
        "Phone number": "Missing"
    },
    {
        "Position": "Professor Emeritus",
        "Research Interest": "Professor Emeritus",
        "Name": "Peter Scheuermann",
        "Phone number": "Missing"
    },
    {
        "Position": "Professor of Electrical and Computer Engineering",
        "Research Interest": "Professor of Electrical and Computer Engineering",
        "Name": "Selim Shahriar",
        "Phone number": "Missing"
    },
    {
        "Position": "Professor of Electrical and Computer Engineering",
        "Research Interest": "Professor of Electrical and Computer Engineering",
        "Name": "Allen Taflove",
        "Phone number": "Missing"
    },
    {
        "Position": "Assistant Professor of Instruction ",
        "Research Interest": "Director of TGS MS Programs for CS, CE, and EE",
        "Name": "Stephen Tarzia",
        "Phone number": "Missing"
    },
    {
        "Position": "Assistant Professor of Electrical and Computer Engineering",
        "Research Interest": "Assistant Professor of Industrial Engineering &amp; Management Sciences",
        "Name": "Ermin Wei",
        "Phone number": "Missing"
    },
    {
        "Position": "Associate Professor of Electrical and Computer Engineering",
        "Research Interest": "Associate Professor of Electrical and Computer Engineering",
        "Name": "Chi-Haur Wu",
        "Phone number": "Missing"
    },
    {
        "Position": "Professor of Electrical and Computer Engineering and (by courtesy) Computer Science",
        "Research Interest": "Professor of Electrical and Computer Engineering and (by courtesy) Computer Science",
        "Name": "Ying Wu",
        "Phone number": "Missing"
    },
    {
        "Position": "Professor of Electrical and Computer Engineering",
        "Research Interest": "Professor of Electrical and Computer Engineering",
        "Name": "Horace Yuen",
        "Phone number": "Missing"
    },
    {
        "Position": "Associate Professor of Electrical and Computer Engineering and (by courtesy) Computer Science",
        "Research Interest": "Associate Professor of Electrical and Computer Engineering and (by courtesy) Computer Science",
        "Name": "Hai Zhou",
        "Phone number": "Missing"
    },
    {
        "Position": "Associate Professor of Electrical and Computer Engineering and (by courtesy) Computer Science",
        "Research Interest": "Associate Professor of Electrical and Computer Engineering and (by courtesy) Computer Science",
        "Name": "Qi Zhu",
        "Phone number": "Missing"
    }
]