[
    {
        "Position": "Professor of Electrical Engineering",
        "Research Interest": "  Tags:   Applied Physics  ",
        "Name": "Ravindra N. Bhatt"
    },
    {
        "Position": "Assistant Professor of Electrical Engineering and Andlinger Center for Energy and the Environment",
        "Research Interest": "  Tags:   Applied Physics Energy &amp; Environment Integrated Circuits &amp; Systems Materials &amp; Devices Robotics &amp; Cyberphysical Systems  ",
        "Name": "Minjie Chen"
    },
    {
        "Position": "Assistant Professor of Electrical Engineering",
        "Research Interest": "  Tags:   Data &amp; Information Science  ",
        "Name": "Yuxin Chen"
    },
    {
        "Position": "Joseph C. Elgin Professor of Engineering",
        "Research Interest": "  Tags:   Biological &amp; Biomedical Materials &amp; Devices Photonics  ",
        "Name": "Stephen Chou"
    },
    {
        "Position": "Assistant Professor of Electrical Engineering",
        "Research Interest": "  Tags:   Applied Physics Materials &amp; Devices Photonics Quantum Engineering  ",
        "Name": "Nathalie de Leon"
    },
    {
        "Position": "Assistant Professor of Electrical Engineering",
        "Research Interest": "  Tags:   Robotics &amp; Cyberphysical Systems  ",
        "Name": "Jaime Fern\\xc3\\xa1ndez Fisac"
    },
    {
        "Position": "Professor of Electrical Engineering",
        "Research Interest": "  Tags:   Applied Physics Biological &amp; Biomedical Photonics  ",
        "Name": "Jason W. Fleischer"
    },
    {
        "Position": "Missing",
        "Research Interest": "Missing",
        "Name": "Yasaman Ghasempour"
    },
    {
        "Position": "Missing",
        "Research Interest": "  Tags:   Applied Physics Materials &amp; Devices Photonics  ",
        "Name": "Claire Gmachl"
    },
    {
        "Position": "Missing",
        "Research Interest": "  Tags:   Biological &amp; Biomedical Computing &amp; Networking Data &amp; Information Science Robotics &amp; Cyberphysical Systems  ",
        "Name": "Andrea Goldsmith"
    },
    {
        "Position": "Professor of Electrical Engineering",
        "Research Interest": "  Tags:   Applied Physics Photonics Quantum Engineering  ",
        "Name": "Andrew Houck"
    },
    {
        "Position": "Professor of Electrical Engineering",
        "Research Interest": "  Tags:   Biological &amp; Biomedical Computing &amp; Networking Data &amp; Information Science Integrated Circuits &amp; Systems Robotics &amp; Cyberphysical Systems Security &amp; Privacy  ",
        "Name": "Niraj Jha"
    },
    {
        "Position": "Assistant Professor of Electrical Engineering",
        "Research Interest": "  Tags:   Data &amp; Information Science  ",
        "Name": "Chi Jin"
    },
    {
        "Position": "Missing",
        "Research Interest": "  Tags:   Applied Physics Energy &amp; Environment Materials &amp; Devices  ",
        "Name": "Antoine Kahn"
    },
    {
        "Position": "Missing",
        "Research Interest": "  Tags:   Data &amp; Information Science  ",
        "Name": "Sanjeev R. Kulkarni"
    },
    {
        "Position": "Professor of Electrical Engineering",
        "Research Interest": "  Tags:   Biological &amp; Biomedical Computing &amp; Networking Data &amp; Information Science Security &amp; Privacy  ",
        "Name": "Sun-Yuan Kung"
    },
    {
        "Position": "Assistant Professor of Electrical Engineering",
        "Research Interest": "  Tags:   Data &amp; Information Science  ",
        "Name": "Jason D. Lee"
    },
    {
        "Position": "Forrest G. Hamrick Professor in Engineering",
        "Research Interest": "  Tags:   Computing &amp; Networking Data &amp; Information Science Energy &amp; Environment Security &amp; Privacy  ",
        "Name": "Ruby Lee"
    },
    {
        "Position": "Professor of Electrical Engineering",
        "Research Interest": "  Tags:   Applied Physics Photonics Quantum Engineering  ",
        "Name": "Stephen A. Lyon"
    },
    {
        "Position": "Missing",
        "Research Interest": "  Tags:   Computing &amp; Networking Integrated Circuits &amp; Systems Security &amp; Privacy  ",
        "Name": "Sharad Malik"
    },
    {
        "Position": "Associate Professor of Electrical Engineering",
        "Research Interest": "  Tags:   Computing &amp; Networking Data &amp; Information Science Security &amp; Privacy  ",
        "Name": "Prateek Mittal"
    },
    {
        "Position": "Michael Henry Strater University Professor of Electrical Engineering",
        "Research Interest": "  Tags:   Computing &amp; Networking Data &amp; Information Science Energy &amp; Environment Security &amp; Privacy  ",
        "Name": "H. Vincent Poor"
    },
    {
        "Position": "Missing",
        "Research Interest": "  Tags:   Applied Physics Materials &amp; Devices Photonics Security &amp; Privacy  ",
        "Name": "Paul Prucnal"
    },
    {
        "Position": "Missing",
        "Research Interest": "  Tags:   Biological &amp; Biomedical Data &amp; Information Science Robotics &amp; Cyberphysical Systems  ",
        "Name": "Peter J. Ramadge"
    },
    {
        "Position": "Associate Professor of Electrical Engineering and Andlinger Center for Energy and the Environment",
        "Research Interest": "  Tags:   Applied Physics Energy &amp; Environment Materials &amp; Devices Photonics  ",
        "Name": "Barry P. Rand"
    },
    {
        "Position": "Missing",
        "Research Interest": "  Tags:   Applied Physics Materials &amp; Devices Photonics  ",
        "Name": "Alejandro Rodriguez"
    },
    {
        "Position": "Missing",
        "Research Interest": "  Tags:   Biological &amp; Biomedical Computing &amp; Networking Integrated Circuits &amp; Systems Materials &amp; Devices Photonics Robotics &amp; Cyberphysical Systems  ",
        "Name": "Kaushik Sengupta"
    },
    {
        "Position": "Professor of Electrical Engineering",
        "Research Interest": "  Tags:   Applied Physics Materials &amp; Devices Quantum Engineering  ",
        "Name": "Mansour Shayegan"
    },
    {
        "Position": "Missing",
        "Research Interest": "  Tags:   Biological &amp; Biomedical Energy &amp; Environment Materials &amp; Devices Robotics &amp; Cyberphysical Systems  ",
        "Name": "James Sturm"
    },
    {
        "Position": "Assistant Professor of Electrical Engineering",
        "Research Interest": "  Tags:   Applied Physics Photonics Quantum Engineering  ",
        "Name": "Jeff Thompson"
    },
    {
        "Position": "Associate Professor of Electrical Engineering",
        "Research Interest": "  Tags:   Applied Physics Photonics Quantum Engineering  ",
        "Name": "Hakan T\\xc3\\xbcreci"
    },
    {
        "Position": "Professor of Electrical Engineering",
        "Research Interest": "  Tags:   Biological &amp; Biomedical Computing &amp; Networking Integrated Circuits &amp; Systems Robotics &amp; Cyberphysical Systems  ",
        "Name": "Naveen Verma"
    },
    {
        "Position": "Associate Professor of Electrical Engineering and the Center for Statistics and Machine Learning",
        "Research Interest": "  Tags:   Data &amp; Information Science  ",
        "Name": "Mengdi Wang"
    },
    {
        "Position": "Associate Professor of Electrical Engineering",
        "Research Interest": "  Tags:   Computing &amp; Networking Energy &amp; Environment Integrated Circuits &amp; Systems  ",
        "Name": "David Wentzlaff"
    },
    {
        "Position": "Missing",
        "Research Interest": "  Tags:   Applied Physics Biological &amp; Biomedical Energy &amp; Environment Photonics  ",
        "Name": "Gerard Wysocki"
    },
    {
        "Position": "Missing",
        "Research Interest": "Missing",
        "Name": "Amir Ali Ahmadi"
    },
    {
        "Position": "Missing",
        "Research Interest": "Missing",
        "Name": "Craig Arnold"
    },
    {
        "Position": "Missing",
        "Research Interest": "Missing",
        "Name": "David August"
    },
    {
        "Position": "Missing",
        "Research Interest": "Missing",
        "Name": "Jianqing Fan"
    },
    {
        "Position": "Missing",
        "Research Interest": "Missing",
        "Name": "Gillat Kol"
    },
    {
        "Position": "Missing",
        "Research Interest": "Missing",
        "Name": "Kai Li"
    },
    {
        "Position": "Missing",
        "Research Interest": "Missing",
        "Name": "Lynn Loo"
    },
    {
        "Position": "Missing",
        "Research Interest": "Missing",
        "Name": "Margaret R. Martonosi"
    },
    {
        "Position": "Missing",
        "Research Interest": "Missing",
        "Name": "Jason Petta"
    },
    {
        "Position": "Missing",
        "Research Interest": "Missing",
        "Name": "Jennifer Rexford"
    },
    {
        "Position": "Missing",
        "Research Interest": "Missing",
        "Name": "Stephen Forrest"
    },
    {
        "Position": "Missing",
        "Research Interest": "Missing",
        "Name": "Hisashi Kobayashi"
    },
    {
        "Position": "Missing",
        "Research Interest": "Missing",
        "Name": "Bede Liu"
    },
    {
        "Position": "Missing",
        "Research Interest": "Missing",
        "Name": "Daniel Tsui"
    },
    {
        "Position": "Missing",
        "Research Interest": "Missing",
        "Name": "Sigurd Wagner"
    },
    {
        "Position": "Missing",
        "Research Interest": "Missing",
        "Name": "Emmanuel Abbe"
    },
    {
        "Position": "Missing",
        "Research Interest": "Missing",
        "Name": "Mung Chiang"
    },
    {
        "Position": "Missing",
        "Research Interest": "Missing",
        "Name": "Paul Cuff"
    }
]