[
    {
        "Position": "Baylor College of Medicine",
        "Research Interest": "Missing",
        "Name": "Michael Beauchamp",
        "Email": "michael.beauchamp@bcm.edu",
        "Phone number": "Missing"
    },
    {
        "Position": "Polymathic Consulting",
        "Research Interest": "Missing",
        "Name": "Michael Brogioli",
        "Email": "brogioli@alumni.rice.edu",
        "Phone number": "Missing"
    },
    {
        "Position": "Texas Instruments",
        "Research Interest": "Missing",
        "Name": "Anand Dabak",
        "Email": "anand.dabak@rice.edu",
        "Phone number": "Missing"
    },
    {
        "Position": "Baylor College of Medicine",
        "Research Interest": "Missing",
        "Name": "Clifford Dacso",
        "Email": "cdacso@bcm.edu",
        "Phone number": "Missing"
    },
    {
        "Position": "UT Health",
        "Research Interest": "Missing",
        "Name": "Valentin Dragoi",
        "Email": "Valentin.Dragoi@uth.tmc.edu",
        "Phone number": "Missing"
    },
    {
        "Position": "Duke University",
        "Research Interest": "Missing",
        "Name": "Henry Everitt",
        "Email": "heveritt@duke.edu",
        "Phone number": "Missing"
    },
    {
        "Position": "Baylor College of Medicine",
        "Research Interest": "Missing",
        "Name": "Wayne Goodman",
        "Email": "wgoodman@bcm.edu",
        "Phone number": "Missing"
    },
    {
        "Position": "Ben Gurion University",
        "Research Interest": "Missing",
        "Name": "Omer Hanan Gurewitz",
        "Email": "gurewitz@cse.bgu.ac.il",
        "Phone number": "Missing"
    },
    {
        "Position": "Baylor College of Medicine",
        "Research Interest": "Missing",
        "Name": "Vaishnav Krishnan",
        "Email": "vaishnav.krishnan@bcm.edu",
        "Phone number": "Missing"
    },
    {
        "Position": "University of Oulu",
        "Research Interest": "Missing",
        "Name": "Markku Juntti",
        "Email": "markku.juntti@oulu.fi",
        "Phone number": "Missing"
    },
    {
        "Position": "Baylor College of Medicine",
        "Research Interest": "Missing",
        "Name": "Matthew McGinley",
        "Email": "matthew.mcginley@bcm.edu",
        "Phone number": "Missing"
    },
    {
        "Position": "J.P. Morgan",
        "Research Interest": "Missing",
        "Name": "Tarik Muharemovic",
        "Email": "Missing",
        "Phone number": "Missing"
    },
    {
        "Position": "Baylor College of Medicine",
        "Research Interest": "Missing",
        "Name": "Bijan Najafi",
        "Email": "bijan.najafi@bcm.edu",
        "Phone number": "Missing"
    },
    {
        "Position": "Baylor College of Medicine",
        "Research Interest": "Missing",
        "Name": "Dorina Papageorgiou",
        "Email": "papageor@bcm.edu",
        "Phone number": "Missing"
    },
    {
        "Position": "MD Anderson Cancer Center",
        "Research Interest": "Missing",
        "Name": "Arvind Rao",
        "Email": "arvind.rao@rice.edu",
        "Phone number": "Missing"
    },
    {
        "Position": "Baylor College of Medicine",
        "Research Interest": "Missing",
        "Name": "David Ress",
        "Email": "david.ress@rice.edu",
        "Phone number": "Missing"
    },
    {
        "Position": "OpenStax College",
        "Research Interest": "Missing",
        "Name": "Stephan Schwanauer",
        "Email": "sheafor@ece.rice.edu",
        "Phone number": "Missing"
    },
    {
        "Position": "Baylor College of Medicine",
        "Research Interest": "Missing",
        "Name": "Dora Angelaki",
        "Email": "angelaki@bcm.edu",
        "Phone number": "Missing"
    },
    {
        "Position": "Ambiq Micro / Kozio",
        "Research Interest": "Missing",
        "Name": "Steve Sheafor",
        "Email": "sheafor@ece.rice.edu",
        "Phone number": "Missing"
    },
    {
        "Position": "Cornell University",
        "Research Interest": "Missing",
        "Name": "Christoph Studer",
        "Email": "studer@cornell.edu",
        "Phone number": "Missing"
    },
    {
        "Position": "Memorial Hermann - Texas Medical Center",
        "Research Interest": "Missing",
        "Name": "Nitin Tandon",
        "Email": "adriana.garza@uth.tmc.edu",
        "Phone number": "Missing"
    },
    {
        "Position": "Baylor College of Medicine",
        "Research Interest": "Missing",
        "Name": "Andreas Tolias",
        "Email": "astolias@bcm.edu",
        "Phone number": "Missing"
    },
    {
        "Position": "ARRIS",
        "Research Interest": "Missing",
        "Name": "Venu Vasudevan",
        "Email": "Missing",
        "Phone number": "Missing"
    },
    {
        "Position": "UCLA",
        "Research Interest": "Missing",
        "Name": "Aydin Babakhani",
        "Email": "Aydin.Babakhani@rice.edu",
        "Phone number": "Missing"
    },
    {
        "Position": "Technical University of Munich",
        "Research Interest": "Missing",
        "Name": "Reinhard Heckel",
        "Email": "Reinhard.Heckel@rice.edu",
        "Phone number": "Missing"
    },
    {
        "Position": "University of Oulu",
        "Research Interest": "Missing",
        "Name": "Markku Juntti",
        "Email": "markku.juntti@oulu.fi",
        "Phone number": "Missing"
    },
    {
        "Position": "Baylor College of Medicine",
        "Research Interest": "Missing",
        "Name": "Sameer Sheth",
        "Email": "Sameer.A.Sheth@rice.edu",
        "Phone number": "Missing"
    },
    {
        "Position": "Baylor College of Medicine",
        "Research Interest": "Missing",
        "Name": "Francois St. Pierre",
        "Email": "stpierre@bcm.edu",
        "Phone number": "Missing"
    },
    {
        "Position": "Baylor College of Medicine",
        "Research Interest": "Missing",
        "Name": "James Suliburk",
        "Email": "James.Suliburk@rice.edu",
        "Phone number": "Missing"
    },
    {
        "Position": "Yale University",
        "Research Interest": "Missing",
        "Name": "Lin Zhong",
        "Email": "lzhong@rice.edu",
        "Phone number": "Missing"
    },
    {
        "Position": "MITRE Corporation",
        "Research Interest": "Missing",
        "Name": "Ravindra Athale",
        "Email": "rathale@gmail.com",
        "Phone number": "Missing"
    },
    {
        "Position": "Eindhoven University of Technology",
        "Research Interest": "Missing",
        "Name": "Alexios Balatsiukas-Stimming",
        "Email": "alexios.balatsoukas-stimming@rice.edu",
        "Phone number": "Missing"
    },
    {
        "Position": "Baylor College Medicine",
        "Research Interest": "Missing",
        "Name": "Joo-won Kim",
        "Email": "joo-won.kim@bcm.edu",
        "Phone number": "Missing"
    },
    {
        "Position": "MITRE Corporation, Mait-Optik",
        "Research Interest": "Missing",
        "Name": "Joseph Mait",
        "Email": "josnm8@gmail.com",
        "Phone number": "Missing"
    },
    {
        "Position": "RStudio",
        "Research Interest": "Missing",
        "Name": "Hadley Wickham",
        "Email": "hadley@rstudio.com",
        "Phone number": "Missing"
    }
]