[
    {
        "Research Interest": "Missing",
        "Position": "Associate Professor",
        "Name": "Amin Arbabian",
        "Email": " helen.niu@stanford.edu ",
        "Phone number": "723-8121"
    },
    {
        "Research Interest": "Missing",
        "Position": "Professor",
        "Name": "Nicholas Bambos",
        "Email": " klinej@stanford.edu ",
        "Phone number": "650-723-4539"
    },
    {
        "Research Interest": "Missing",
        "Position": "Professor",
        "Name": "Kwabena Boahen",
        "Email": "Missing",
        "Phone number": "Missing"
    },
    {
        "Research Interest": "Missing",
        "Position": "Professor",
        "Name": "Dan Boneh",
        "Email": " rharris3@stanford.edu ",
        "Phone number": "723-1658"
    },
    {
        "Research Interest": "Missing",
        "Position": "Professor",
        "Name": "Stephen P. Boyd",
        "Email": " suzanne.sims@stanford.edu ",
        "Phone number": ""
    },
    {
        "Research Interest": "Missing",
        "Position": "Associate Professor",
        "Name": "Srabanti Chowdhury",
        "Email": " cffrost@stanford.edu ",
        "Phone number": "723-0983"
    },
    {
        "Research Interest": "Missing",
        "Position": "Assistant Professor",
        "Name": "Daniel Congreve",
        "Email": " fely@ee.stanford.edu ",
        "Phone number": "723-1349"
    },
    {
        "Research Interest": "Missing",
        "Position": "Professor (Research)",
        "Name": "Bill Dally",
        "Email": " mswenson@cs.stanford.edu ",
        "Phone number": "723-0748"
    },
    {
        "Research Interest": "Missing",
        "Position": "Assistant Professor",
        "Name": "John Duchi",
        "Email": " suzanne.sims@stanford.edu ",
        "Phone number": ""
    },
    {
        "Research Interest": "Missing",
        "Position": "Professor",
        "Name": "Robert Dutton",
        "Email": " fely@ee.stanford.edu ",
        "Phone number": "723-1349"
    }
]