[
    {
        "Position": "Professor and Chair",
        "Email": " elmiller@ece.tufts.edu",
        "Research Interest": "Missing",
        "Name": "Eric Miller",
        "Phone number": "617-627-0835"
    },
    {
        "Position": "Associate Professor",
        "Email": " shuchin@ece.tufts.edu",
        "Research Interest": "Missing",
        "Name": "Shuchin Aeron",
        "Phone number": "617-627-4653"
    },
    {
        "Position": "Professor",
        "Email": " mohammed.afsar@tufts.edu",
        "Research Interest": "Missing",
        "Name": "Mohammed Nurul Afsar",
        "Phone number": "617-627-3129"
    },
    {
        "Position": "Lecturer",
        "Email": " brian.aull@tufts.edu",
        "Research Interest": "Missing",
        "Name": "Brian Aull",
        "Phone number": "617-627-3217"
    },
    {
        "Position": "Assistant Teaching Professor",
        "Email": " steven.bell@tufts.edu",
        "Research Interest": "Missing",
        "Name": "Steven Bell",
        "Phone number": "617-627-4867"
    },
    {
        "Position": "Associate Professor",
        "Email": " hchang@ece.tufts.edu",
        "Research Interest": "Missing",
        "Name": "Chorng Hwa Chang",
        "Phone number": "617-627-5178"
    },
    {
        "Position": "Assistant Professor",
        "Email": " marco.donato@tufts.edu",
        "Research Interest": "Missing",
        "Name": "Marco Donato",
        "Phone number": "617-627-3217"
    },
    {
        "Position": "Lecturer",
        "Email": " joel.grodstein@tufts.edu",
        "Research Interest": "Missing",
        "Name": "Joel Grodstein",
        "Phone number": "617-627-0618"
    },
    {
        "Position": "Associate Professor",
        "Email": " mark.hempstead@tufts.edu",
        "Research Interest": "Missing",
        "Name": "Mark Hempstead",
        "Phone number": "617-627-0969"
    },
    {
        "Position": "Professor",
        "Email": " hopwood@ece.tufts.edu",
        "Research Interest": "Missing",
        "Name": "Jeffrey Hopwood",
        "Phone number": "617-627-4358"
    },
    {
        "Position": "Associate Professor",
        "Email": " khan@ece.tufts.edu",
        "Research Interest": "Missing",
        "Name": "Usman Khan",
        "Phone number": "617-627-5299"
    },
    {
        "Position": "Associate Professor",
        "Email": " vkoomson@ece.tufts.edu",
        "Research Interest": "Missing",
        "Name": "Valencia Koomson",
        "Phone number": "617-627-2291"
    },
    {
        "Position": "Professor of the Practice",
        "Email": " rlasser@ece.tufts.edu",
        "Research Interest": "Missing",
        "Name": "Ronald Lasser",
        "Phone number": "617-627-4977"
    },
    {
        "Position": "Visiting Assistant Professor",
        "Email": " aseema.mohanty@tufts.edu",
        "Research Interest": "Missing",
        "Name": "Aseema Mohanty",
        "Phone number": "617-627-3217"
    },
    {
        "Position": "Professor",
        "Email": " karen@ece.tufts.edu",
        "Research Interest": "Missing",
        "Name": "Karen Panetta",
        "Phone number": "617-627-5976"
    },
    {
        "Position": "Professor",
        "Email": " sameer@ece.tufts.edu",
        "Research Interest": "Missing",
        "Name": "Sameer Sonkusale",
        "Phone number": "617-627-5113"
    },
    {
        "Position": "Missing",
        "Email": " astankov@ece.tufts.edu",
        "Research Interest": "Missing",
        "Name": "Aleksandar Stankovi\\xc4\\x87",
        "Phone number": "617-627-5170"
    },
    {
        "Position": "Associate Professor",
        "Email": " tvanderv@ece.tufts.edu",
        "Research Interest": "Missing",
        "Name": "Tom Vandervelde",
        "Phone number": "617-627-5126"
    },
    {
        "Position": "Associate Professor",
        "Email": " maivu@ece.tufts.edu",
        "Research Interest": "Missing",
        "Name": "Mai Vu",
        "Phone number": "617-627-6412"
    },
    {
        "Position": "Associate Professor",
        "Email": " couch@cs.tufts.edu",
        "Research Interest": "Missing",
        "Name": "Alva Couch",
        "Phone number": " 617-627-3674"
    },
    {
        "Position": "Professor",
        "Email": "mark.cronin-golomb@tufts.edu",
        "Research Interest": "Missing",
        "Name": "Mark Cronin-Golomb",
        "Phone number": "617-627-4355"
    },
    {
        "Position": "Professor",
        "Email": "sergio.fantini@tufts.edu",
        "Research Interest": "Missing",
        "Name": "Sergio Fantini",
        "Phone number": "617-627-4356 "
    },
    {
        "Position": "Professor",
        "Email": "soha@cs.tufts.edu",
        "Research Interest": "Missing",
        "Name": "Soha Hassoun",
        "Phone number": "617-627-5177 "
    },
    {
        "Position": "Professor",
        "Email": "fiorenzo.omenetto@tufts.edu",
        "Research Interest": "Missing",
        "Name": "Fiorenzo Omenetto",
        "Phone number": "617-627-4972 "
    },
    {
        "Position": "Associate Professor",
        "Email": "jason.rife@tufts.edu",
        "Research Interest": "Missing",
        "Name": "Jason Rife",
        "Phone number": "617-627-4732 "
    },
    {
        "Position": "Associate Professor Emeritus",
        "Email": "dferment@ece.tufts.edu",
        "Research Interest": "Missing",
        "Name": "Dennis Fermental",
        "Phone number": "617.627.3217"
    },
    {
        "Position": "Professor Emeritus",
        "Email": "bobg@ece.tufts.edu",
        "Research Interest": "Missing",
        "Name": "Robert Gonsalves",
        "Phone number": "617.627.3217"
    },
    {
        "Position": "Professor Emeritus",
        "Email": " dpreis@ece.tufts.edu",
        "Research Interest": "Missing",
        "Name": "Douglas Preis",
        "Phone number": "617-627-2492"
    },
    {
        "Position": "Professor of the Practice Emeritus",
        "Email": "tgi@tufts.edu",
        "Research Interest": "Missing",
        "Name": "Arthur Winston",
        "Phone number": "617.627.3217"
    },
    {
        "Position": "Research Assistant Professor",
        "Email": "dante.demeo@tufts.edu",
        "Research Interest": "Missing",
        "Name": "Dante DeMeo",
        "Phone number": "617-627-3217"
    },
    {
        "Position": "Part-Time Lecturer",
        "Email": "Khaled.ElMahgoub@tufts.edu",
        "Research Interest": "Missing",
        "Name": "Khaled ElMahgoub",
        "Phone number": "617-627-3217"
    },
    {
        "Position": "Part-Time Lecturer",
        "Email": " brian.tracey@tufts.edu",
        "Research Interest": "Missing",
        "Name": "Brian Tracey",
        "Phone number": "617-627-6424"
    }
]