[
    {
        "Research Interest": "Missing",
        "Position": "Professor, Electrical Engineering &amp; Computer Science",
        "Email": "afshari@umich.edu",
        "Name": "Afshari, Ehsan",
        "Phone number": "Phone: 734-763-9305"
    },
    {
        "Research Interest": "Missing",
        "Position": "Assistant Professor, Electrical Engineering and Computer Science",
        "Email": "eahmadi@umich.edu",
        "Name": "Ahmadi, Elaheh",
        "Phone number": "Phone: (734) 647-4976"
    },
    {
        "Research Interest": "Missing",
        "Position": "Assistant Research Scientist",
        "Email": "aktakka@umich.edu",
        "Name": "Aktakka, Ethem Erkan",
        "Phone number": "Phone: 734-272-3170"
    },
    {
        "Research Interest": "Missing",
        "Position": "Associate Professor, Electrical Engineering and Computer Science",
        "Email": "anastas@umich.edu",
        "Name": "Anastasopoulos, Achilleas",
        "Phone number": "Phone: (734) 615-4024"
    },
    {
        "Research Interest": "Missing",
        "Position": "Professor Emeritus, Electrical Engineering and Computer Science",
        "Email": "dja@umich.edu",
        "Name": "Anderson, David J",
        "Phone number": "Missing"
    },
    {
        "Research Interest": "Missing",
        "Position": "Professor, Aerospace Engineering",
        "Email": "ematkins@umich.edu",
        "Name": "Atkins, Ella M.",
        "Phone number": "Phone: (734) 615-7456"
    },
    {
        "Research Interest": "Missing",
        "Position": "S. Jack Hu Collegiate Professor of Computer Science and Engineering",
        "Email": "austin@umich.edu",
        "Name": "Austin, Todd",
        "Phone number": "Phone: (734) 936-0370"
    },
    {
        "Research Interest": "Missing",
        "Position": "Assistant Professor of Electrical Engineering and Computer Science",
        "Email": "avestruz@umich.edu",
        "Name": "Avestruz, Al-Thaddeus",
        "Phone number": "Phone: 734-763-3183"
    },
    {
        "Research Interest": "Missing",
        "Position": "Associate Professor, Electrical Engineering and Computer Science",
        "Email": "girasole@umich.edu",
        "Name": "Balzano, Laura",
        "Phone number": "Video:  https://www.youtube.com/watch?v=HT9zf0yqjV0"
    },
    {
        "Research Interest": "Missing",
        "Position": "Adjunct Professor of Engineering Practice",
        "Email": "sbattel@umich.edu",
        "Name": "Battel, Steven",
        "Phone number": "Missing"
    },
    {
        "Research Interest": "Missing",
        "Position": "Adjunct Faculty",
        "Email": "becher@umich.edu",
        "Name": "Becher, William",
        "Phone number": "Missing"
    },
    {
        "Research Interest": "Missing",
        "Position": "Professor Emeritus, Electrical Engineering and Computer Science",
        "Email": "spence@umich.edu",
        "Name": "Bement, Spencer L.",
        "Phone number": "Missing"
    },
    {
        "Research Interest": "Missing",
        "Position": "Associate Professor, Electrical Engineering &amp; Computer Science",
        "Email": "berenson@eecs.umich.edu",
        "Name": "Berenson, Dmitry",
        "Phone number": "Video:  https://www.youtube.com/watch?v=kBJhFbZbK-c"
    },
    {
        "Research Interest": "Missing",
        "Position": "Professor Emeritus, Electrical Engineering and Computer Science",
        "Email": "fjb@umich.edu",
        "Name": "Beutler, Frederick J.",
        "Phone number": "Missing"
    },
    {
        "Research Interest": "Missing",
        "Position": "Charles M. Vest Distinguished University Professor; James R. Mellor Professor of Engineering",
        "Email": "pkb@umich.edu",
        "Name": "Bhattacharya, Pallab",
        "Phone number": "Phone: (734) 763-6678"
    },
    {
        "Research Interest": "Missing",
        "Position": "Kensall D. Wise Collegiate Professor of Electrical Engineering and Computer Science",
        "Email": "blaauw@umich.edu",
        "Name": "Blaauw, David T.",
        "Phone number": "Video:  https://www.youtube.com/watch/?v=36zkrzIqrZg"
    },
    {
        "Research Interest": "Missing",
        "Position": "Kurt Metzger Collegiate Lecturer",
        "Email": "brehob@umich.edu",
        "Name": "Brehob, Mark",
        "Phone number": "Office: 4632 Beyster Bldg."
    },
    {
        "Research Interest": "Missing",
        "Position": "Professor Emeritus, Electrical Engineering and Computer Science",
        "Email": "calahand@umich.edu",
        "Name": "Calahan, Donald A.",
        "Phone number": "Missing"
    },
    {
        "Research Interest": "Missing",
        "Position": "Professor Emeritus, Electrical Engineering and Computer Science",
        "Email": "none@umich.edu",
        "Name": "Chen, Kan",
        "Phone number": "Missing"
    },
    {
        "Research Interest": "Missing",
        "Position": "Assistant Research Scientist ",
        "Email": "yuchchen@umich.edu",
        "Name": "Chen, Yu-Chih",
        "Phone number": "Office: 2117 EECS"
    },
    {
        "Research Interest": "Missing",
        "Position": "Assistant Professor, Electrical Engineering and Computer Science",
        "Email": "mahdich@umich.edu",
        "Name": "Cheraghchi, Mahdi",
        "Phone number": "Phone: (734) 763-9165"
    },
    {
        "Research Interest": "Missing",
        "Position": "Associate Professor, Biomedical Engineering",
        "Email": "cchestek@umich.edu",
        "Name": "Chestek, Cynthia",
        "Phone number": "Office: B10-A171 NCRC"
    },
    {
        "Research Interest": "Missing",
        "Position": "Assistant Research Scientist",
        "Email": "jycho@umich.edu",
        "Name": "Cho, Jae Yoong",
        "Phone number": "Office: 2227 EECS"
    },
    {
        "Research Interest": "Missing",
        "Position": "Professor Emeritus, Electrical Engineering and Computer Science",
        "Email": "chuang@umich.edu",
        "Name": "Chuang, Kuei",
        "Phone number": "Missing"
    },
    {
        "Research Interest": "Missing",
        "Position": "Professor Emerita, Electrical Engineering and Computer Science",
        "Email": "conway@umich.edu",
        "Name": "Conway, Lynn",
        "Phone number": "Phone: (734) 763-5509"
    },
    {
        "Research Interest": "Missing",
        "Position": "Adjunct Professor",
        "Email": "jeffcook@umich.edu",
        "Name": "Cook, Jeffrey",
        "Phone number": "Missing"
    },
    {
        "Research Interest": "Missing",
        "Position": "Professor, Electrical Engineering and Computer Science",
        "Email": "jjcorso@umich.edu",
        "Name": "Corso, Jason",
        "Phone number": "Phone: (734) 647-8833"
    },
    {
        "Research Interest": "Missing",
        "Position": "Harrison M Randall Collegiate Professor of Physics",
        "Email": "cundiff@umich.edu",
        "Name": "Cundiff, Steven",
        "Phone number": "Missing"
    },
    {
        "Research Interest": "Missing",
        "Position": "Assistant Professor",
        "Email": "pdeotare@umich.edu",
        "Name": "Deotare, Parag",
        "Phone number": "Phone: 734-647-3119"
    },
    {
        "Research Interest": "Missing",
        "Position": "Associate Professor, Electrical Engineering and Computer Science",
        "Email": "dickrp@umich.edu",
        "Name": "Dick, Robert",
        "Phone number": "Phone: (734) 763-3329"
    },
    {
        "Research Interest": "Missing",
        "Position": "Research Scientist Emeritus",
        "Email": "jeast@umich.edu",
        "Name": "East, Jack R.",
        "Phone number": "Missing"
    },
    {
        "Research Interest": "Missing",
        "Position": "Dean, College of Engineering and Computer Science, U-M Dearborn",
        "Email": "england@umich.edu",
        "Name": "England, Anthony W",
        "Phone number": "Phone: (734) 763-4849"
    },
    {
        "Research Interest": "Missing",
        "Position": "Professor, Mechanical Engineering",
        "Email": "epureanu@umich.edu",
        "Name": "Epureanu, Bogdan",
        "Phone number": "Office: 3650 G G Brown"
    },
    {
        "Research Interest": "Missing",
        "Position": "William L. Root Collegiate Professor of Electrical Engineering and Computer Science",
        "Email": "fessler@umich.edu",
        "Name": "Fessler, Jeffrey A.",
        "Phone number": "Video:  https://www.youtube.com/watch/?v=8e-DUMQJWGU"
    },
    {
        "Research Interest": "Missing",
        "Position": "Professor, Electrical Engineering and Computer Science",
        "Email": "cfinelli@umich.edu",
        "Name": "Finelli, Cynthia",
        "Phone number": "Video:  https://www.youtube.com/watch?v=bRZOIf3Kvm8"
    },
    {
        "Research Interest": "Missing",
        "Position": "Professor, Electrical Engineering and Computer Science",
        "Email": "mpflynn@umich.edu",
        "Name": "Flynn, Michael P.",
        "Phone number": "Phone: (734) 936-2966"
    },
    {
        "Research Interest": "Missing",
        "Position": "Peter A. Franken Distinguished University Professor of Electrical Engineering; Paul G. Goebel Professor of Engineering",
        "Email": "stevefor@umich.edu",
        "Name": "Forrest, Stephen R.",
        "Phone number": "Video:  https://www.youtube.com/watch/?v=boD-SS1pnNQ"
    },
    {
        "Research Interest": "Missing",
        "Position": "Professor, Electrical Engineering and Computer Science",
        "Email": "jfr@umich.edu",
        "Name": "Freudenberg, James S.",
        "Phone number": "Video:  https://www.youtube.com/watch?v=DAnRnfD4nLM"
    },
    {
        "Research Interest": "Missing",
        "Position": "Associate Professor, Electrical Engineering and Computer Science",
        "Email": "kevinfu@umich.edu",
        "Name": "Fu, Kevin",
        "Phone number": "Office: 4628 Beyster Bldg."
    },
    {
        "Research Interest": "Missing",
        "Position": "Professor, Electrical Engineering and Computer Science",
        "Email": "almantas@umich.edu",
        "Name": "Galvanauskas, Almantas",
        "Phone number": "Phone: (734) 615-7166"
    },
    {
        "Research Interest": "Missing",
        "Position": "Instructional Laboratories Manager",
        "Email": "ganago@umich.edu",
        "Name": "Ganago, Alexander O.",
        "Phone number": "Missing"
    },
    {
        "Research Interest": "Missing",
        "Position": "Adjunct Associate Professor",
        "Email": "dgarmire@umich.edu",
        "Name": "Garmire, David",
        "Phone number": "Missing"
    },
    {
        "Research Interest": "Missing",
        "Position": "Professor Emeritus, Electrical Engineering and Computer Science",
        "Email": "getty@umich.edu",
        "Name": "Getty, Ward D.",
        "Phone number": "Missing"
    },
    {
        "Research Interest": "Missing",
        "Position": "Professor, Electrical Engineering and Computer Science",
        "Email": "yogesh@umich.edu",
        "Name": "Gianchandani, Yogesh B.",
        "Phone number": "Phone: (734) 615-6407"
    },
    {
        "Research Interest": "Missing",
        "Position": "Director, SPRL/XTRM Labs",
        "Email": "gilchrst@umich.edu",
        "Name": "Gilchrist, Brian E.",
        "Phone number": "Phone: (734) 763-6230"
    },
    {
        "Research Interest": "Missing",
        "Position": "Professor, Materials Science Engineering",
        "Email": "rsgold@umich.edu",
        "Name": "Goldman, Rachel S.",
        "Phone number": "Phone: (734) 647-6821"
    },
    {
        "Research Interest": "Missing",
        "Position": "Professor, Electrical Engineering and Computer Science",
        "Email": "agrbic@umich.edu",
        "Name": "Grbic, Anthony",
        "Phone number": "Video:  https://www.youtube.com/watch/?v=P9NhSSFEqhA"
    },
    {
        "Research Interest": "Missing",
        "Position": "Associate Professor, Electrical Engineering and Computer Science",
        "Email": "rdgregg@umich.edu",
        "Name": "Gregg, Robert",
        "Phone number": "Phone: (734) 763-1156"
    },
    {
        "Research Interest": "Missing",
        "Position": "Assistant Research Scientist",
        "Email": "griffb@umich.edu",
        "Name": "Griffin, Brent",
        "Phone number": "Phone: 734-763-6724"
    },
    {
        "Research Interest": "Missing",
        "Position": "Elmer G. Gilbert Distinguished University Professor; Jerry W. and Carol L. Levin Professor of Engineering",
        "Email": "grizzle@umich.edu",
        "Name": "Grizzle, Jessy W",
        "Phone number": "Video:  https://www.youtube.com/watch/?v=jxfUZ-iNUP4"
    },
    {
        "Research Interest": "Missing",
        "Position": "Professor, Electrical Engineering and Computer Science",
        "Email": "guo@umich.edu",
        "Name": "Guo, L. Jay",
        "Phone number": "Video:  https://www.youtube.com/watch?v=vtJ6r6a9eXI"
    },
    {
        "Research Interest": "Missing",
        "Position": "Robert J. Hiller Professor Emeritus",
        "Email": "gih@umich.edu",
        "Name": "Haddad, George I",
        "Phone number": "Missing"
    },
    {
        "Research Interest": "Missing",
        "Position": "Claude E. Shannon Professor of Engineering Science",
        "Email": "jhayes@umich.edu",
        "Name": "Hayes, John P.",
        "Phone number": "Phone: (734) 763-0386"
    },
    {
        "Research Interest": "Missing",
        "Position": "Assistant Research Scientist",
        "Email": "ghhe@umich.edu",
        "Name": "He, Guohong",
        "Phone number": "Office: 2229 EECS"
    },
    {
        "Research Interest": "Missing",
        "Position": "John H. Holland Distinguished University Professor of EECS; R. Jamison and Betty Williams Professor of Engineering",
        "Email": "hero@umich.edu",
        "Name": "Hero, Alfred O.",
        "Phone number": "Video:  https://www.youtube.com/watch?v=ZNVMbWxaqi4"
    },
    {
        "Research Interest": "Missing",
        "Position": "Vennema Professor of Engineering",
        "Email": "hiskens@umich.edu",
        "Name": "Hiskens, Ian A.",
        "Phone number": "Video:  https://www.youtube.com/watch?v=-bXAk6GiDKM"
    },
    {
        "Research Interest": "Missing",
        "Position": "Professor, Electrical Engineering and Computer Science",
        "Email": "hofmann@umich.edu",
        "Name": "Hofmann, Heath",
        "Phone number": "Video:  https://www.youtube.com/watch?v=pLI3MjvOb7I"
    },
    {
        "Research Interest": "Missing",
        "Position": "Professor, Electrical Engineering and Computer Science",
        "Email": "mni@umich.edu",
        "Name": "Islam, Mohammed N.",
        "Phone number": "Video:  https://www.youtube.com/watch?v=NT-hzPlGeVc&amp;t=8s"
    },
    {
        "Research Interest": "Missing",
        "Position": "Professor Emerita, Electrical Engineering and Computer Science",
        "Email": "jenkins@umich.edu",
        "Name": "Jenkins, Janice M.",
        "Phone number": "Missing"
    },
    {
        "Research Interest": "Missing",
        "Position": "Professor, Electrical Engineering and Computer Science",
        "Email": "kanicki@umich.edu",
        "Name": "Kanicki, Jerzy",
        "Phone number": "Phone: (734) 936-0964"
    },
    {
        "Research Interest": "Missing",
        "Position": "Assistant Research Scientist",
        "Email": "coolkgh@umich.edu",
        "Name": "Kim, Gyouho",
        "Phone number": "Office: 2435 EECS   2670 Beyster"
    },
    {
        "Research Interest": "Missing",
        "Position": "Assistant Professor, Electrical Engineering and Computer Science",
        "Email": "hunseok@umich.edu",
        "Name": "Kim, Hun-Seok",
        "Phone number": "Phone: 734-764-7630"
    },
    {
        "Research Interest": "Missing",
        "Position": "Professor, Electrical Engineering and Computer Science",
        "Email": "mackkira@umich.edu",
        "Name": "Kira, Mackillo",
        "Phone number": "Video:  https://www.youtube.com/watch?v=XZLzAWu6kUw"
    },
    {
        "Research Interest": "Missing",
        "Position": "Professor, Nuclear Engineering &amp; Radiological Science",
        "Email": "kmkr@umich.edu",
        "Name": "Krushelnick, Karl M.",
        "Phone number": "Phone: (734) 763-4877"
    },
    {
        "Research Interest": "Missing",
        "Position": "Associate Chair of Undergraduate ECE Affairs",
        "Email": "peicheng@umich.edu",
        "Name": "Ku, Pei-Cheng",
        "Phone number": "Phone: (734) 764-7134"
    },
    {
        "Research Interest": "Missing",
        "Position": "Associate Professor, Mechanical Engineering",
        "Email": "katsuo@umich.edu",
        "Name": "Kurabayashi, Katsuo",
        "Phone number": "Phone: (734) 615-5211"
    },
    {
        "Research Interest": "Missing",
        "Position": "George I. Haddad Professor of Electrical Engineering and Computer Science",
        "Email": "mjkush@umich.edu",
        "Name": "Kushner, Mark J.",
        "Phone number": "Video:  https://www.youtube.com/watch?v=0qDtkYCLcYA"
    },
    {
        "Research Interest": "Missing",
        "Position": "N. Harris McClamroch Professor of Electrical Engineering and Computer Science",
        "Email": "stephane@umich.edu",
        "Name": "Lafortune, Stephane",
        "Phone number": "Video:  https://www.youtube.com/watch?v=RjcAG5zcKC4"
    },
    {
        "Research Interest": "Missing",
        "Position": "Intermittent Lecturer",
        "Email": "celand@umich.edu",
        "Name": "Landwehr, Carl",
        "Phone number": "Missing"
    },
    {
        "Research Interest": "Missing",
        "Position": "Assistant Professor, Electrical Engineering and Computer Science",
        "Email": "sleee@umich.edu",
        "Name": "Lee, Somin Eunice",
        "Phone number": "Phone: 734-764-7054"
    },
    {
        "Research Interest": "Missing",
        "Position": "Assistant Research Scientist",
        "Email": "yongxili@umich.edu",
        "Name": "Li, Yongxi",
        "Phone number": "Office: 2225 EECS"
    },
    {
        "Research Interest": "Missing",
        "Position": "Research Scientist Emeritus",
        "Email": "liepa@umich.edu",
        "Name": "Liepa, Valdis V.",
        "Phone number": "Missing"
    },
    {
        "Research Interest": "Missing",
        "Position": "Assistant Research Scientist",
        "Email": "jaechan@umich.edu",
        "Name": "Lim, Jaechan",
        "Phone number": "Missing"
    },
    {
        "Research Interest": "Missing",
        "Position": "Peter and Evelyn Fuss Chair of Electrical and Computer Engineering",
        "Email": "mingyan@umich.edu",
        "Name": "Liu, Mingyan",
        "Phone number": "Video:  https://www.youtube.com/watch?v=u6gwZdaOZXY"
    },
    {
        "Research Interest": "Missing",
        "Position": "Associate Professor, Electrical Engineering &amp; Computer Science",
        "Email": "zmliu@umich.edu",
        "Name": "Liu, Zhongming",
        "Phone number": "Missing"
    },
    {
        "Research Interest": "Missing",
        "Position": "Professor Emeritus, Electrical Engineering and Computer Science",
        "Email": "rjl@umich.edu",
        "Name": "Lomax, Ronald J.",
        "Phone number": "Missing"
    },
    {
        "Research Interest": "Missing",
        "Position": "Professor, Electrical Engineering and Computer Science",
        "Email": "wluee@umich.edu",
        "Name": "Lu, Wei",
        "Phone number": "Video:  https://www.youtube.com/watch/?v=zP9usFntUvQ"
    },
    {
        "Research Interest": "Missing",
        "Position": "Professor and Chair, Civil and Environmental Engineering",
        "Email": "jerlynch@umich.edu",
        "Name": "Lynch, Jerome P.",
        "Phone number": "Phone: (734) 615-5290"
    },
    {
        "Research Interest": "Missing",
        "Position": "Assistant Professor, Electrical Engineering &amp; Computer Science",
        "Email": "hessam@umich.edu",
        "Name": "Mahdavifar, Hessam",
        "Phone number": "Phone: 734-647-8634"
    },
    {
        "Research Interest": "Missing",
        "Position": "Research Scientist",
        "Email": "tolya@umich.edu",
        "Name": "Maksimchuk, Anatoly M.",
        "Phone number": "Office: 1010 ERB I"
    },
    {
        "Research Interest": "Missing",
        "Position": "Associate Professor, Electrical Engineering and Computer Science",
        "Email": "jlmath@umich.edu",
        "Name": "Mathieu, Johanna",
        "Phone number": "Phone: (734) 936-3875"
    },
    {
        "Research Interest": "Missing",
        "Position": "Professor, Electrical Engineering and Computer Science",
        "Email": "mazum@umich.edu",
        "Name": "Mazumder, Pinaki",
        "Phone number": "Phone: (734) 763-2107"
    },
    {
        "Research Interest": "Missing",
        "Position": " Associate Professor Emeritus, Electrical Engineering and Computer Science",
        "Email": "lcm@umich.edu",
        "Name": "McAfee, Leo C.",
        "Phone number": "Missing"
    },
    {
        "Research Interest": "Missing",
        "Position": "Professor, Electrical Engineering and Computer Science",
        "Email": "smm@umich.edu",
        "Name": "Meerkov, Semyon M.",
        "Phone number": "Office: 4230C EECS"
    },
    {
        "Research Interest": "Missing",
        "Position": "Peter A. Franken Collegiate Professor of Physics",
        "Email": "merlin@umich.edu",
        "Name": "Merlin, Roberto",
        "Phone number": "Phone: (734) 763-9759"
    },
    {
        "Research Interest": "Missing",
        "Position": "Associate Research Scientist Emeritus",
        "Email": "metzger@umich.edu",
        "Name": "Metzger, Kurt",
        "Phone number": "Missing"
    },
    {
        "Research Interest": "Missing",
        "Position": "Professor, Electrical Engineering and Computer Science",
        "Email": "ztmi@umich.edu",
        "Name": "Mi, Zetian",
        "Phone number": "Phone: 734-764-3963"
    },
    {
        "Research Interest": "Missing",
        "Position": "Associate Dean for Research, College of Engineering",
        "Email": "emichiel@umich.edu",
        "Name": "Michielssen, Eric",
        "Phone number": "Phone: (734) 647-1793"
    },
    {
        "Research Interest": "Missing",
        "Position": "Professor, Electrical Engineering and Computer Science",
        "Email": "amirm@umich.edu",
        "Name": "Mortazawi, Amir",
        "Phone number": "Video:  https://www.youtube.com/watch/?v=94apQSomtu0"
    },
    {
        "Research Interest": "Missing",
        "Position": "A. D. Moore Distinguished University Professor Emeritus",
        "Email": "mourou@umich.edu",
        "Name": "Mourou, Gerard A.",
        "Phone number": "Missing"
    },
    {
        "Research Interest": "Missing",
        "Position": "Bredt Family Professor of Engineering",
        "Email": "tnm@umich.edu",
        "Name": "Mudge, Trevor",
        "Phone number": "Phone: (734) 764-0203"
    },
    {
        "Research Interest": "Missing",
        "Position": "Associate Professor, Electrical Engineering and Computer Science",
        "Email": "rajnrao@umich.edu",
        "Name": "Nadakuditi, Rajesh Rao",
        "Phone number": "Video:  https://www.youtube.com/watch?v=87noMJ39_kU"
    },
    {
        "Research Interest": "Missing",
        "Position": "Schlumberger Professor of Engineering; Arthur F. Thurnau Professor",
        "Email": "najafi@umich.edu",
        "Name": "Najafi, Khalil",
        "Phone number": "Video:  https://www.youtube.com/watch?v=iKsp1GuMrt0"
    },
    {
        "Research Interest": "Missing",
        "Position": "Associate Research Scientist",
        "Email": "nuha@umich.edu",
        "Name": "Nashashibi, Adib Y.",
        "Phone number": "Phone: (734) 764-1091"
    },
    {
        "Research Interest": "Missing",
        "Position": "Research Scientist",
        "Email": "nees@umich.edu",
        "Name": "Nees, John A.",
        "Phone number": "Office: 1012 Gerstaker"
    },
    {
        "Research Interest": "Missing",
        "Position": "Joseph E. and Anne P. Rowe Professor Emeritus of Electrical Engineering",
        "Email": "neuhoff@umich.edu",
        "Name": "Neuhoff, David L.",
        "Phone number": "Missing"
    },
    {
        "Research Interest": "Missing",
        "Position": "Gerard A. Mourou Professor of Electrical Engineering and Computer Science",
        "Email": "tnorris@umich.edu",
        "Name": "Norris, Theodore B.",
        "Phone number": "Video:  https://www.youtube.com/watch/?v=7hppJHZ66JY"
    },
    {
        "Research Interest": "Missing",
        "Position": "Professor Emeritus, Electrical Engineering and Computer Science",
        "Email": "olte@umich.edu",
        "Name": "Olte, Andrejs",
        "Phone number": "Missing"
    },
    {
        "Research Interest": "Missing",
        "Position": "Assistant Professor, Electrical Engineering and Computer Science",
        "Email": "ahowens@umich.edu",
        "Name": "Owens, Andrew",
        "Phone number": "Phone: 734-615-7130"
    },
    {
        "Research Interest": "Missing",
        "Position": "Associate Professor, Electrical Engineering and Computer Science",
        "Email": "necmiye@umich.edu",
        "Name": "Ozay, Necmiye",
        "Phone number": "Phone: 734-936-0269"
    },
    {
        "Research Interest": "Missing",
        "Position": "Assistant Research Scientist",
        "Email": "palr@umich.edu",
        "Name": "Pal, Ranjan",
        "Phone number": "Phone: 734-764-9849"
    },
    {
        "Research Interest": "Missing",
        "Position": "Professor Emerita, Electrical Engineering and Computer Science",
        "Email": "pang@umich.edu",
        "Name": "Pang, Stella W.",
        "Phone number": "Missing"
    },
    {
        "Research Interest": "Missing",
        "Position": "Adjunct Professor",
        "Email": "pavlidis@umich.edu",
        "Name": "Pavlidis, Dimitris",
        "Phone number": "Missing"
    },
    {
        "Research Interest": "Missing",
        "Position": "Associate Professor, Electrical Engineering and Computer Science",
        "Email": "blpeters@umich.edu",
        "Name": "Peterson, Becky (R.L.)",
        "Phone number": "Phone: (734)615-3105"
    },
    {
        "Research Interest": "Missing",
        "Position": "Adjunct Professor, Electrical Engineering and Computer Science",
        "Email": "jphilli@umich.edu",
        "Name": "Phillips, Jamie D.",
        "Phone number": "Video:  https://www.youtube.com/watch?v=xbt2ShpQZ60"
    },
    {
        "Research Interest": "Missing",
        "Position": "Associate Research Scientist",
        "Email": "lep@umich.edu",
        "Name": "Pierce, Leland E.",
        "Phone number": "Phone: (734) 763-3157"
    },
    {
        "Research Interest": "Missing",
        "Position": "Associate Professor, Mechanical Engineering",
        "Email": "pipe@umich.edu",
        "Name": "Pipe, Kevin Patrick",
        "Phone number": "Phone: (734) 763-6624"
    },
    {
        "Research Interest": "Missing",
        "Position": "Professor, Electrical Engineering and Computer Science",
        "Email": "pradhanv@umich.edu",
        "Name": "Pradhan, S. Sandeep",
        "Phone number": "Phone: (734) 764-5215"
    },
    {
        "Research Interest": "Missing",
        "Position": "Assistant Research Scientist",
        "Email": "yutaoqin@umich.edu",
        "Name": "Qin, Yutao",
        "Phone number": "Office: 2213 EECS"
    },
    {
        "Research Interest": "Missing",
        "Position": "Visiting Assistant Professor ",
        "Email": "qingqu@umich.edu",
        "Name": "Qu, Qing",
        "Phone number": "Missing"
    },
    {
        "Research Interest": "Missing",
        "Position": "Adjunct Associate Professor, Electrical Engineering and Computer Science",
        "Email": "minar@umich.edu",
        "Name": "Rais-Zadeh, Mina",
        "Phone number": "Video:  https://www.youtube.com/watch?v=_A7eds-U0Zg"
    },
    {
        "Research Interest": "Missing",
        "Position": "Director, Center for Dynamic Magneto-Optics (DYNAMO)",
        "Email": "scr@umich.edu",
        "Name": "Rand, Stephen",
        "Phone number": "Phone: (734) 763-6810"
    },
    {
        "Research Interest": "Missing",
        "Position": "Associate Professor, Electrical Engineering and Computer Science",
        "Email": "shrevzen@umich.edu",
        "Name": "Revzen, Shai",
        "Phone number": "Video:  https://www.youtube.com/watch/?v=5sbs9eJ7ERE"
    },
    {
        "Research Interest": "Missing",
        "Position": "Professor Emeritus, Electrical Engineering and Computer Science",
        "Email": "ribbens@umich.edu",
        "Name": "Ribbens, William B.",
        "Phone number": "Missing"
    },
    {
        "Research Interest": "Missing",
        "Position": "Professor, Climate and Space Sciences and Engineering",
        "Email": "cruf@umich.edu",
        "Name": "Ruf, Christopher S.",
        "Phone number": "Phone: (734) 764-6561"
    },
    {
        "Research Interest": "Missing",
        "Position": "Professor, Electrical Engineering and Computer Science",
        "Email": "karem@umich.edu",
        "Name": "Sakallah, Karem A.",
        "Phone number": "Phone: (734) 936-1350"
    },
    {
        "Research Interest": "Missing",
        "Position": "Associate Professor, Electrical Engineering &amp; Computer Science",
        "Email": "apsample@umich.edu",
        "Name": "Sample, Alanson",
        "Phone number": "Phone: (253) 642-7287"
    },
    {
        "Research Interest": "Missing",
        "Position": "Professor, Mechanical Engineering",
        "Email": "pramodr@umich.edu",
        "Name": "Sangi Reddy, Pramod",
        "Phone number": "Missing"
    },
    {
        "Research Interest": "Missing",
        "Position": "Rufus S. Teesdale Professor of Engineering; Director, Radiation Laboratory",
        "Email": "saraband@umich.edu",
        "Name": "Sarabandi, Kamal",
        "Phone number": "Video:  https://www.youtube.com/watch?v=CY2wTTVb-FU"
    },
    {
        "Research Interest": "Missing",
        "Position": "Assistant Research Scientist",
        "Email": "arsarabi@umich.edu",
        "Name": "Sarabi, Armin",
        "Phone number": "Phone: (734) 647-1813"
    },
    {
        "Research Interest": "Missing",
        "Position": "Professor, Electrical Engineering and Computer Science",
        "Email": "clayscot@umich.edu",
        "Name": "Scott, Clayton D",
        "Phone number": "Phone: (734) 615-3656"
    },
    {
        "Research Interest": "Missing",
        "Position": "Associate Professor of Civil and Environmental Engineering",
        "Email": "jscruggs@umich.edu",
        "Name": "Scruggs, Jeffrey",
        "Phone number": "Missing"
    },
    {
        "Research Interest": "Missing",
        "Position": "Associate Professor, Electrical Engineering and Computer Science",
        "Email": "pseiler@umich.edu",
        "Name": "Seiler, Peter",
        "Phone number": "Office: 4223 EECS"
    },
    {
        "Research Interest": "Missing",
        "Position": "Kevin and Nancy O\u2019Connor Professor of Computer Science",
        "Email": "kgshin@umich.edu",
        "Name": "Shin, Kang G.",
        "Phone number": "Phone: (734) 763-0391"
    },
    {
        "Research Interest": "Missing",
        "Position": "Professor Emeritus, Electrical Engineering and Computer Science",
        "Email": "singh@umich.edu",
        "Name": "Singh, Jasprit",
        "Phone number": "Missing"
    },
    {
        "Research Interest": "Missing",
        "Position": "Assistant Research Scientist",
        "Email": "ziyou@umich.edu",
        "Name": "Song, Ziyou",
        "Phone number": "Phone: (734) 764-4110"
    },
    {
        "Research Interest": "Missing",
        "Position": "Professor, Electrical Engineering and Computer Science",
        "Email": "stark@umich.edu",
        "Name": "Stark, Wayne E.",
        "Phone number": "Phone: (734) 763-0390"
    },
    {
        "Research Interest": "Missing",
        "Position": "Robert J. Hiller Professor",
        "Email": "dst@umich.edu",
        "Name": "Steel, Duncan",
        "Phone number": "Video:  https://www.youtube.com/watch/?v=8M7xc0nMeD8"
    },
    {
        "Research Interest": "Missing",
        "Position": "Professor of Mechanical Engineering",
        "Email": "annastef@umich.edu",
        "Name": "Stefanopoulou, Anna",
        "Phone number": "Missing"
    },
    {
        "Research Interest": "Missing",
        "Position": "Associate Professor, Electrical Engineering and Computer Science",
        "Email": "vgsubram@umich.edu",
        "Name": "Subramanian, Vijay",
        "Phone number": "Phone: 734-615-1915"
    },
    {
        "Research Interest": "Missing",
        "Position": "Professor and Chair, Naval Architecture and Marine Engineering",
        "Email": "jingsun@umich.edu",
        "Name": "Sun, Jing",
        "Phone number": "Phone: (734) 615-8061"
    },
    {
        "Research Interest": "Missing",
        "Position": "Senior Associate Chair, Electrical and Computer Engineering",
        "Email": "dmcs@umich.edu",
        "Name": "Sylvester, Dennis",
        "Phone number": "Video:  https://www.youtube.com/watch?v=VjLRNkNgJGU"
    },
    {
        "Research Interest": "Missing",
        "Position": "Professor Emeritus, Electrical Engineering and Computer Science",
        "Email": "teneket@umich.edu",
        "Name": "Teneketzis, Demosthenis",
        "Phone number": "Phone: (734) 763-0598"
    },
    {
        "Research Interest": "Missing",
        "Position": "Director, College of Engineering First Year Programs",
        "Email": "fredty@umich.edu",
        "Name": "Terry, Fred",
        "Phone number": "Video:  https://www.youtube.com/watch?v=zvFoXzurM7E"
    },
    {
        "Research Interest": "Missing",
        "Position": "Professor, Nuclear Engineering and Radiological Sciences",
        "Email": "agrt@umich.edu",
        "Name": "Thomas, Alexander",
        "Phone number": "Office: 6107 ERB I"
    },
    {
        "Research Interest": "Missing",
        "Position": "Professor, Mechanical Engineering",
        "Email": "tilbury@umich.edu",
        "Name": "Tilbury, Dawn",
        "Phone number": "Phone: (734) 936-2129"
    },
    {
        "Research Interest": "Missing",
        "Position": "Professor, Electrical Engineering and Computer Science",
        "Email": "leutsang@umich.edu",
        "Name": "Tsang, Leung",
        "Phone number": "Phone: 734-764-7651"
    },
    {
        "Research Interest": "Missing",
        "Position": "Emmett Leith Distinguished University Professor of Electrical Engineering and Computer Science; Arthur F. Thurnau Professor",
        "Email": "ulaby@umich.edu",
        "Name": "Ulaby, Fawwaz T.",
        "Phone number": "Phone: (734) 647-1789"
    },
    {
        "Research Interest": "Missing",
        "Position": "Research Fellow",
        "Email": "wadden@umich.edu",
        "Name": "Wadden, Jack",
        "Phone number": "Missing"
    },
    {
        "Research Interest": "Missing",
        "Position": "Associate Professor, Electrical Engineering and Computer Science",
        "Email": "ghw@umich.edu",
        "Name": "Wakefield, Gregory H.",
        "Phone number": "Office: 3637 Beyster"
    },
    {
        "Research Interest": "Missing",
        "Position": "Professor, Electrical Engineering and Computer Science",
        "Email": "wentzlof@umich.edu",
        "Name": "Wentzloff, David D.",
        "Phone number": "Video:  https://www.youtube.com/watch?v=6SI0grAUMkM"
    },
    {
        "Research Interest": "Missing",
        "Position": "Professor Emeritus, Electrical Engineering and Computer Science",
        "Email": "wjw@umich.edu",
        "Name": "Williams, William J.",
        "Phone number": "Missing"
    },
    {
        "Research Interest": "Missing",
        "Position": "Assistant Professor, Electrical Engineering and Computer Science",
        "Email": "wlouise@umich.edu",
        "Name": "Willingale, Louise",
        "Phone number": "Phone: (734) 647-9543"
    },
    {
        "Research Interest": "Missing",
        "Position": "Joseph E. and Anne P. Rowe Professor of Electrical Engineering",
        "Email": "arrays@umich.edu",
        "Name": "Winful, Herbert",
        "Phone number": "Video:  https://www.youtube.com/watch?v=37606-0izgg"
    },
    {
        "Research Interest": "Missing",
        "Position": "Professor Emeritus, Electrical Engineering and Computer Science",
        "Email": "winick@umich.edu",
        "Name": "Winick, Kim A.",
        "Phone number": "Missing"
    },
    {
        "Research Interest": "Missing",
        "Position": "Departmental Computing Organization Coordinator",
        "Email": "don@umich.edu",
        "Name": "Winsor, Donald C.",
        "Phone number": "Office: 4403 EECS"
    },
    {
        "Research Interest": "Missing",
        "Position": "William Gould Dow Distinguished University Professor Emeritus",
        "Email": "wise@umich.edu",
        "Name": "Wise, Kensall D.",
        "Phone number": "Missing"
    },
    {
        "Research Interest": "Missing",
        "Position": "Assistant Research Scientist",
        "Email": "jkwoo@umich.edu",
        "Name": "Woo, Jong-Kwan",
        "Phone number": "Office: 2407 EECS"
    },
    {
        "Research Interest": "Missing",
        "Position": "Professor Emeritus, Electrical Engineering and Computer Science",
        "Email": "aey@umich.edu",
        "Name": "Yagle, Andrew E",
        "Phone number": "Missing"
    },
    {
        "Research Interest": "Missing",
        "Position": "Professor, Electrical Engineering and Computer Science",
        "Email": "leiying@umich.edu",
        "Name": "Ying, Lei",
        "Phone number": "Phone: 734-647-4031"
    },
    {
        "Research Interest": "Missing",
        "Position": "Professor, Electrical Engineering and Computer Science",
        "Email": "esyoon@umich.edu",
        "Name": "Yoon, Euisik",
        "Phone number": "Video:  https://www.youtube.com/watch?v=6kzaJ-yuf8Y"
    },
    {
        "Research Interest": "Missing",
        "Position": "Associate Professor, Electrical Engineering and Computer Science",
        "Email": "zhengya@umich.edu",
        "Name": "Zhang, Zhengya",
        "Phone number": "Phone: (734) 647-3837"
    },
    {
        "Research Interest": "Missing",
        "Position": "Associate Professor, Electrical Engineering and Computer Science",
        "Email": "zzhong@umich.edu",
        "Name": "Zhong, Zhaohui",
        "Phone number": "Phone: (734) 647-1953"
    }
]