[
    {
        "Position": "Professor of Biomedical Engineering Professor of Electrical and Computer Engineering",
        "Research Interest": "Missing",
        "Name": "Dalecki, Diane",
        "Email": "diane.dalecki@rochester.edu",
        "Phone number": " | (585) 275-7378"
    },
    {
        "Position": "Associate Professor of Dermatology Associate Professor of Biomedical Engineering Associate Professor of Electrical and Computer Engineering",
        "Research Interest": "Missing",
        "Name": "DeLouise, Lisa A.",
        "Email": "lisa_delouise@urmc.rochester.edu",
        "Phone number": " | (585) 275-1810"
    },
    {
        "Position": "Professor of Electrical and Computer Engineering",
        "Research Interest": "Semiconductor spin electronics",
        "Name": "Dery, Hanan",
        "Email": "hanan.dery@rochester.edu",
        "Phone number": " | (585) 275-3870"
    },
    {
        "Position": "Senior Scientist, Laboratory for Laser Energetics Professor, Electrical and Computer Engineering",
        "Research Interest": "physics of photoconductive switches; streak-camera development; he optical response of high temperature superconductors; optical semiconductor diagnostics,; florescence of biological molecules",
        "Name": "Donaldson, William R. ",
        "Email": " billd@lle.rochester.edu ",
        "Phone number": " | (585) 275-5347"
    },
    {
        "Position": "Professor of Electrical and Computer Engineering, Biomedical Engineering, and of Imaging Sciences (Radiology)",
        "Research Interest": "Missing",
        "Name": "Doyley, Marvin",
        "Email": "m.doyley@rochester.edu",
        "Phone number": " | (585) 275-3774"
    },
    {
        "Position": "Associate Professor of Electrical and Computer Engineering and of Computer Science",
        "Research Interest": "Missing",
        "Name": "Duan, Zhiyao",
        "Email": "zhiyao.duan@rochester.edu",
        "Phone number": " | (585) 275-5302"
    },
    {
        "Position": "Professor of Computer Science Professor of Electrical and Computer Engineering",
        "Research Interest": "Missing",
        "Name": "Dwarkadas, Sandhya",
        "Email": "sandhya.dwarkadas@rochester.edu",
        "Phone number": " | (585) 275-5647"
    },
    {
        "Position": "Marylou Ingram Professor of Biomedical Engineering Professor of Neuroscience Professor of Electrical and Computer Engineering",
        "Research Interest": "Missing",
        "Name": "Carney, Laurel H.",
        "Email": "laurel.carney@rochester.edu",
        "Phone number": " | (585) 275-7378"
    },
    {
        "Position": "Professor of Electrical and Computer Engineering Robin and Tim Wentworth Director, Goergen Institute for Data Science",
        "Research Interest": "computational sensing and imaging as applied to radar and biomedical imaging; probabilistic methods for image and video analysis as applied to biomedical image analysis, microscopic neuroimaging, and computer vision; signal processing and machine learning for brain-computer/machine interfaces, with applications for alternative communication and rehabilitation for patients and monitoring of cognitive states",
        "Name": "Cetin, Mujdat",
        "Email": "mujdat.cetin@rochester.edu",
        "Phone number": " | (585) 276-5061"
    },
    {
        "Position": "Assistant Professor of Biomedical Engineering Assistant Professor of Electrical and Computer Engineering",
        "Research Interest": "Missing",
        "Name": "Choe, Regine",
        "Email": "regine_choe@urmc.rochester.edu",
        "Phone number": " | (585) 273-4374"
    },
    {
        "Position": "Research Associate Professor, Electrical and Computer Engineering Research Associate Professor, Medicine-Cardiology",
        "Research Interest": "Missing",
        "Name": "Couderc, Jean-Philippe",
        "Email": "Jean-philippe.couderc@heart.rochester.edu",
        "Phone number": " | (585) 275-1096"
    },
    {
        "Position": "Assistant Professor of Electrical and Computer Engineering (Instructional Faculty)",
        "Research Interest": "Missing",
        "Name": "Heilemann, Michael",
        "Email": "mheilema@ur.rochester.edu",
        "Phone number": " | (585) 273-5753"
    },
    {
        "Position": "Professor",
        "Research Interest": "Missing",
        "Name": "Heinzelman, Wendi",
        "Email": "wendi.heinzelman@rochester.edu",
        "Phone number": " | (585) 273-3958"
    },
    {
        "Position": "Wilmot Assistant Professor Assistant Professor of Electrical and Computer Engineering",
        "Research Interest": "Missing",
        "Name": "Howard, Thomas M.",
        "Email": "thoward@ece.rochester.edu",
        "Phone number": " | (585) 275-3755"
    },
    {
        "Position": "Professor of Electrical and Computer Engineering and of Computer Science",
        "Research Interest": "Missing",
        "Name": "Huang, Michael",
        "Email": "michael.huang@rochester.edu",
        "Phone number": " | (585) 275-2111"
    },
    {
        "Position": "Senior Lecturer, Electrical and Computer Engineering",
        "Research Interest": "Missing",
        "Name": "LaVaque, Robert J.",
        "Email": "r.lavaque@rochester.edu",
        "Phone number": " | (585) 275-3539"
    },
    {
        "Position": "Assistant Professor of Electrical &amp; Computer Engineering (Instructional Faculty)",
        "Research Interest": "Audio Programming; Programming for Interactive Multi-media Performance; Audio Preservation ; The Computational Analysis of Musical Performances and Recordings; Benjamin Britten&#146;s Recorded Legacy; The Art of Classical Recording Production",
        "Name": "Lee, Ming-Lun",
        "Email": "minglunlee@rochester.edu",
        "Phone number": " | (585) 275-2120"
    },
    {
        "Position": "Professor Professor, Optics",
        "Research Interest": "Missing",
        "Name": "Lin, Qiang",
        "Email": "qiang.lin@rochester.edu",
        "Phone number": " | (585) 275-3799"
    },
    {
        "Position": "Professor of Computer Science Professor of Electrical and Computer Engineering",
        "Research Interest": "Missing",
        "Name": "Luo, Jiebo",
        "Email": "jluo@cs.rochester.edu",
        "Phone number": " | (585) 276-5784"
    },
    {
        "Position": "Professor of Electrical and Computer Engineering Professor of Computer Science Professor of Biostatistics and Computational Biology",
        "Research Interest": "Missing",
        "Name": "Sharma, Gaurav",
        "Email": "gaurav.sharma@rochester.edu",
        "Phone number": " | (585) 275-7313"
    },
    {
        "Position": "Assistant Professor of Electrical and Computer Engineering (Instructional Faculty)",
        "Research Interest": "Audio Signal Processing; Musical Instrument Acoustics; Analysis and Processing of Reverberant Signals",
        "Name": "Smith, Sarah",
        "Email": "sarahsmith@rochester.edu",
        "Phone number": " | (585) 275-8661"
    },
    {
        "Position": "Professor of Electrical and Computer Engineering and of Physics Senior Scientist in the Laboratory for Laser Energetics",
        "Research Interest": "Missing",
        "Name": "Sobolewski, Roman",
        "Email": "roman.sobolewski@rochester.edu",
        "Phone number": " | (585) 275-1551"
    },
    {
        "Position": "Professor of Imaging Sciences, of Biomedical Engineering, and of Electrical and Computer Engineering",
        "Research Interest": "Missing",
        "Name": "Wismueller, Axel",
        "Email": "Axel_Wismueller@urmc.rochester.edu",
        "Phone number": " | (585) 613-2399"
    },
    {
        "Position": "Professor of Electrical and Computer Engineering",
        "Research Interest": "Missing",
        "Name": "Wu, Hui",
        "Email": "hui.wu@rochester.edu",
        "Phone number": " | (585) 275-2112"
    },
    {
        "Position": "Assistant Professor of Electrical and Computer Engineering Assistant Professor of Physics",
        "Research Interest": "Missing",
        "Name": "Wu, Stephen",
        "Email": "stephen.wu@rochester.edu",
        "Phone number": " | (585) 275-3497"
    },
    {
        "Position": "Associate Professor of Electrical and Computer Engineering",
        "Research Interest": "Missing",
        "Name": "Mateos, Gonzalo",
        "Email": "gmateosb@ece.rochester.edu",
        "Phone number": " | (585) 275-5930"
    },
    {
        "Position": "Associate Professor of Biomedical Engineering and of Electrical and Computer Engineering",
        "Research Interest": "Missing",
        "Name": "McAleavey, Stephen",
        "Email": "stephenm@bme.rochester.edu",
        "Phone number": " | (585) 275-7768"
    },
    {
        "Position": "Associate Professor of Electrical and Computer Engineering and of Biomedical Engineering",
        "Research Interest": "Missing",
        "Name": "Mottley, Jack G.",
        "Email": "jack.mottley@rochester.edu",
        "Phone number": " | (585) 275-4308"
    },
    {
        "Position": "Robert E. Hopkins Professor of Optics Professor in the Center for Visual Sciences and of Electrical and Computer Engineering Senior Scientist in the Laboratory for Laser Energetics",
        "Research Interest": "Missing",
        "Name": "Fienup, James R.",
        "Email": "fienup@optics.rochester.edu",
        "Phone number": " | (585) 275-8009"
    },
    {
        "Position": "Distinguished Professor of Electrical and Computer Engineering",
        "Research Interest": "Missing",
        "Name": "Friedman, Eby G.",
        "Email": "eby.friedman@rochester.edu",
        "Phone number": " | (585) 275-1022"
    }
]