[
    {
        "Name": "David Arnold",
        "Position": "Missing",
        "Research Interest": ""
    },
    {
        "Name": "Navid Asadi",
        "Position": "Missing",
        "Research Interest": ""
    },
    {
        "Name": "Swarup Bhunia",
        "Position": "Semmoto Endowed Professor Director, Warren B. Nelms Institute for the Connected World",
        "Research Interest": "Missing"
    },
    {
        "Name": "Zoleika Biron",
        "Position": "Missing",
        "Research Interest": ""
    },
    {
        "Name": "Christophe Bobda",
        "Position": "Missing",
        "Research Interest": ""
    },
    {
        "Name": "Arturo Bretas",
        "Position": "Professor",
        "Research Interest": " Cyber-physical systems security, power systems operation, control and protection"
    },
    {
        "Name": "Najme Ebrahimi",
        "Position": "Missing",
        "Research Interest": ""
    },
    {
        "Name": "William Eisenstadt",
        "Position": "Professor",
        "Research Interest": " IC Test, analog/mixed signal design, RF/microwave circuits"
    },
    {
        "Name": "Yuguang &#8220;Michael&#8221; Fang",
        "Position": "Distinguished Professor",
        "Research Interest": " Cybersecurity, wireless networks, cognitive radio networks, mobile computing, mobile health, smart grid"
    },
    {
        "Name": "Farimah Farahmandi",
        "Position": "Missing",
        "Research Interest": ""
    },
    {
        "Name": "Philip Feng",
        "Position": "Missing",
        "Research Interest": ""
    },
    {
        "Name": "Renato Figueiredo",
        "Position": "Professor",
        "Research Interest": " Virtualization in distributed systems, virtual networks, virtual machines, overlay networks, cloud computing"
    },
    {
        "Name": "Domenic Forte",
        "Position": "Associate Professor",
        "Research Interest": " Hardware security and trust, digital VLSI/CAD, and biometrics"
    },
    {
        "Name": "Jose A. B. Fortes",
        "Position": "Professor and AT&amp;T Eminent Scholar",
        "Research Interest": " Distributed information processing systems, cloud computing, autonomic computing, software-defined systems, resilient computing, human-machine cooperative intelligence, biodiversity informatics"
    },
    {
        "Name": "Robert M. Fox",
        "Position": "Associate Professor and ECE Associate Chair",
        "Research Interest": " Analog integrated circuit design"
    },
    {
        "Name": "Kent Fuchs",
        "Position": "Missing",
        "Research Interest": ""
    },
    {
        "Name": "James Goetten",
        "Position": "Engineer",
        "Research Interest": "Missing"
    },
    {
        "Name": "Karl Gugel",
        "Position": "Lecturer and Researcher",
        "Research Interest": " Low-power microcontrollers &amp; DSPs"
    },
    {
        "Name": "Jing Guo",
        "Position": "Professor",
        "Research Interest": " Modeling and simulation of nanoelectronic devices and materials, modeling quantum gates and processors for quantum computing"
    },
    {
        "Name": "Jacob Hammer",
        "Position": "Professor",
        "Research Interest": " Control, system theory, automata theory"
    },
    {
        "Name": "Joel B. Harley",
        "Position": "Assistant Professor",
        "Research Interest": " Signal processing, data science, acoustics, non-destructive evaluation, structural health monitoring, speech processing"
    },
    {
        "Name": "John Gregory Harris",
        "Position": "Professor &amp; Chair",
        "Research Interest": " Bio-inspired computation, speech/natural language processing"
    },
    {
        "Name": "Yier Jin",
        "Position": "Associate Professor and IoT Term Professor",
        "Research Interest": " Embedded systems, IoT design and security, high-performance computing security"
    },
    {
        "Name": "Jack W. Judy",
        "Position": "Professor, Director of the Nanoscience Institute for Medical and Engineering",
        "Research Interest": " The development of novel micro/nanoscale systems and their use in a wide variety of engineering and biomedical applications"
    },
    {
        "Name": "Sanjeev J. Koppal",
        "Position": "Assistant Professor",
        "Research Interest": " Computer vision, computational photography, sensors, optics, image/video processing"
    },
    {
        "Name": "Herman Lam",
        "Position": "Associate Professor, Director of Undergraduate Computer Engineering Program",
        "Research Interest": " Computer engineering, database management and computer architecture"
    },
    {
        "Name": "Haniph A. Latchman",
        "Position": "Professor",
        "Research Interest": " Mathematical systems theory, control systems, communication theory, data communication networks, multimedia information systems"
    },
    {
        "Name": "Mark Law",
        "Position": "Distinguished Professor and Director of the UF Honors Program",
        "Research Interest": " Design and modeling of IC fabrication process, computer modeling of semiconductor process and device behavior"
    },
    {
        "Name": "Jian Li",
        "Position": "Professor",
        "Research Interest": " Signal processing for wireless communications and RADAR"
    },
    {
        "Name": "Tao Li",
        "Position": "Professor",
        "Research Interest": " Computer and digital system architecture; interaction of computer architecture, emerging applications, operating systems"
    },
    {
        "Name": "Jenshan Lin",
        "Position": "Professor",
        "Research Interest": " RF circuits, systems, and applications in sensors, biology, medicine, energy; vital sign/vibration RADAR; wireless power transfer"
    },
    {
        "Name": "Janise McNair",
        "Position": "Associate Professor",
        "Research Interest": " Wireless and mobile networking, next generation wireless systems, medium access control protocols"
    },
    {
        "Name": "Nima Maghari",
        "Position": "Associate Professor",
        "Research Interest": " High performance data converters, delta-sigma modulators, synthesizable analog to digital converters, biomedical applications"
    },
    {
        "Name": "Soumyajit Mandal",
        "Position": "Associate Professor",
        "Research Interest": "Missing"
    },
    {
        "Name": "Sean Meyn",
        "Position": "Professor and Robert C. Pittman Eminent Scholar Chair",
        "Research Interest": " Markov processes (with or without control), spectral theory and large deviations; Stochastic approximation, reinforcement learning"
    },
    {
        "Name": "Kamran Mohseni",
        "Position": "Bushnell Endowed Chair",
        "Research Interest": " Aerial and underwater vehicle control, autonomous systems, cooperative control, mobile wireless sensor networks"
    },
    {
        "Name": "Robert Moore",
        "Position": "Professor",
        "Research Interest": " Electromagnetic waves, non-linear energetic interactions in the ionosphere, remote-sensing applications of ELF/VLF propagation"
    },
    {
        "Name": "Nicholas Napoli",
        "Position": "Assistant Professor",
        "Research Interest": " Signal processing; complexity analysis and entropic methods; machine learning and data fusion; uncertainty modeling; human systems and human performance; system engineering; human physiology"
    },
    {
        "Name": "Toshikazu Nishida",
        "Position": "Professor and Associate Dean for Academic Affairs",
        "Research Interest": " Multi-functional semiconductor devices, (Sensors, logic, actuators, memory, MEMS), design, characterization, and reliability"
    },
    {
        "Name": "Daniela Oliveira",
        "Position": "IOT Term Professor Associate Professor",
        "Research Interest": " Interdisciplinary computer security and operating systems"
    },
    {
        "Name": "Karim Oweiss",
        "Position": "Professor",
        "Research Interest": " Sensorimotor integration, computational and systems neuroscience, brain-machine interfaces"
    },
    {
        "Name": "Erin Patrick",
        "Position": "Assistant Research Professor",
        "Research Interest": " Biophysical modeling of electric-field effects on cells (non-excitable and excitable), semiconductor-device\\xc2\\xa0modeling and simulation,\\xc2\\xa0neural interfaces"
    },
    {
        "Name": "Jos\\xc3\\xa9 C. Pr\\xc3\\xadncipe",
        "Position": "Distinguished Professor",
        "Research Interest": " adaptive systems, learning theory"
    },
    {
        "Name": "Vladimir Rakov",
        "Position": "Professor",
        "Research Interest": " Lightning, atmospheric electricity, lightning protection"
    },
    {
        "Name": "Keith J. Rambo",
        "Position": "Engineer",
        "Research Interest": " Lightning and electromagnets, devices and semiconductor device manufacturing"
    },
    {
        "Name": "Ann Ramirez",
        "Position": "Associate Professor",
        "Research Interest": " Low-power design, reconfigurable computing, platform design, dynamic optimizations, hardware design, real-time systems"
    },
    {
        "Name": "Sandip Ray",
        "Position": "Professor",
        "Research Interest": " Trustworthy computing; reconfigurable platforms; automotives and IoT; post-silicon validation; formal methods"
    },
    {
        "Name": "Shreya Saxena",
        "Position": "Missing",
        "Research Interest": ""
    },
    {
        "Name": "Eric M. Schwartz",
        "Position": "Master Lecturer / MIL Director",
        "Research Interest": " Robotics, embedded systems, controls, autonomous mobile agents"
    },
    {
        "Name": "John M. Shea",
        "Position": "Professor",
        "Research Interest": " Wireless communication &amp; networking, military &amp; secure communication, cross-layer design, networked autonomous vehicles"
    },
    {
        "Name": "Mark Sheplak",
        "Position": "Professor",
        "Research Interest": " Micromachined transducers, MEMS, electroacoustics, aeroacoustics, and fluid mechanics"
    },
    {
        "Name": "Catia S. Silva",
        "Position": "Missing",
        "Research Interest": ""
    },
    {
        "Name": "Greg Stitt",
        "Position": "Associate Professor",
        "Research Interest": " Embedded systems with an emphasis in synthesis, compilers, reconfigurable computing, hardware/software co-design"
    },
    {
        "Name": "Roozbeh Tabrizian",
        "Position": "Assistant Professor Alan Hastings Faculty Fellow",
        "Research Interest": " RF micro- and nano-electro-mechanical systems (RF N/MEMS), Nonlinear, nonreciprocal, and hybrid NEMS for sensing and information processing; Emerging ferroelectric materials and devices"
    },
    {
        "Name": "Mark M. Tehranipoor",
        "Position": "Intel Charles E. Young Endowed Chair Professor in Cybersecurity",
        "Research Interest": " Hardware security and trust, IoT security, electronics supply chain security, and reliable and testable VLSI design"
    },
    {
        "Name": "Scott Thompson",
        "Position": "Professor",
        "Research Interest": " Solid state electronics and nano technology, new materials and devices to extend Moore&#8217;s law. Electrical measurements and modeling"
    },
    {
        "Name": "Allen Turner",
        "Position": "Lecturer",
        "Research Interest": "Missing"
    },
    {
        "Name": "Martin A. Uman",
        "Position": "Distinguished Professor",
        "Research Interest": " Lightning physics, lightning protection, electromagnetic field theory"
    },
    {
        "Name": "Ant Ural",
        "Position": "Associate Professor",
        "Research Interest": " Carbon nanotubes, semiconductor nanowires, and related nanostructures. Integration of nanotechnology with silicon microfabrication"
    },
    {
        "Name": "Shuo Wang",
        "Position": "Professor",
        "Research Interest": " Power electronics, electrical power, electromagnetic interference, electric vehicles, green energy conversion and grid integration"
    },
    {
        "Name": "Tan Wong",
        "Position": "Professor",
        "Research Interest": " Wireless communications, physical-layer security, software-defined radios"
    },
    {
        "Name": "Damon L. Woodard",
        "Position": "Associate Professor",
        "Research Interest": " Biometrics, artificial intelligence, applied machine learning, computer vision, and natural language processing"
    },
    {
        "Name": "Dapeng Oliver Wu",
        "Position": "Professor",
        "Research Interest": " Machine learning, natural Language processing, multimedia communication, computer and communication networks, network security"
    },
    {
        "Name": "Wenhsing Wu",
        "Position": "Lecturer",
        "Research Interest": "Missing"
    },
    {
        "Name": "Tuba Yavuz",
        "Position": "Assistant Professor",
        "Research Interest": " Automated verification, model checking, and automated model extraction"
    },
    {
        "Name": "Yong-Kyu Yoon",
        "Position": "Professor &amp; Graduate Coordinator",
        "Research Interest": " 3-D MEMS technology; micromachined metamaterials for radio frequency and microwave applications; millimeter-wave antennas"
    },
    {
        "Name": "Alina Zare",
        "Position": "Professor &amp; Graduate Admissions Coordinator",
        "Research Interest": " Machine learning, pattern recognition, remote sensing, artificial intelligence, image processing"
    },
    {
        "Name": "Henry Zmuda",
        "Position": "Associate Professor",
        "Research Interest": " Photonics, Lasers, electromagnetics"
    }
]