[
    {
        "Name": "",
        "Position": "Teaching Assistant Professor",
        "Phone number": "704-687-5241",
        "Email": "yhameng1@uncc.edu",
        "Research Interest": "Missing"
    },
    {
        "Name": "",
        "Position": "Assistant Professor",
        "Phone number": "704-687-7480",
        "Email": "aarafa@uncc.edu",
        "Research Interest": "Missing"
    },
    {
        "Name": "",
        "Position": "Lecturer",
        "Phone number": "704-687-7029",
        "Email": "nbousaba@uncc.edu",
        "Research Interest": "Missing"
    },
    {
        "Name": "",
        "Position": "Associate Professor and Graduate Program Director",
        "Phone number": "704-687-8730",
        "Email": "vcecchi@uncc.edu",
        "Research Interest": "Missing"
    },
    {
        "Name": "",
        "Position": "Assistant Professor",
        "Phone number": "704-687-8416",
        "Email": "chen.chen@uncc.edu",
        "Research Interest": "Missing"
    },
    {
        "Name": "",
        "Position": "Professor",
        "Phone number": "704-687-1960",
        "Email": "b.chowdhury@uncc.edu",
        "Research Interest": "Missing"
    },
    {
        "Name": "",
        "Position": "Professor, CpE Associate Chair and Director of Assessment",
        "Phone number": "704-687-8597",
        "Email": "jmconrad@uncc.edu",
        "Research Interest": "Missing"
    },
    {
        "Name": "",
        "Position": "Associate Professor &amp; EPIC Associate Director",
        "Phone number": "704-687-8402",
        "Email": "rcox3@uncc.edu",
        "Research Interest": "Missing"
    },
    {
        "Name": "",
        "Position": "Teaching Assistant Professor",
        "Phone number": "704-687-5885",
        "Email": "mcutitar@uncc.edu",
        "Research Interest": "Missing"
    },
    {
        "Name": "",
        "Position": "Professor ",
        "Phone number": "704-687-0307",
        "Email": "aebong1@uncc.edu",
        "Research Interest": "Missing"
    },
    {
        "Name": "",
        "Position": "Professor",
        "Phone number": "704-687-8594",
        "Email": "mafiddy@uncc.edu",
        "Research Interest": "Missing"
    },
    {
        "Name": "",
        "Position": "Lecturer/Lab Manager",
        "Phone number": "704-687-5589",
        "Email": "wgao3@uncc.edu",
        "Research Interest": "Missing"
    },
    {
        "Name": "",
        "Position": "Assistant Professor",
        "Phone number": "704-687-8406",
        "Email": "than3@uncc.edu",
        "Research Interest": "Missing"
    },
    {
        "Name": "",
        "Position": "Associate Professor",
        "Phone number": "704-687-8589",
        "Email": "mhasan@uncc.edu",
        "Research Interest": "Missing"
    },
    {
        "Name": "",
        "Position": "Associate Professor",
        "Phone number": "704-687-8407",
        "Email": "jhollem3@uncc.edu",
        "Research Interest": "Missing"
    },
    {
        "Name": "",
        "Position": "Professor",
        "Phone number": "704-687-8408",
        "Email": "kakad@uncc.edu",
        "Research Interest": "Missing"
    },
    {
        "Name": "",
        "Position": "Duke Distinguished Professor",
        "Phone number": "704-687-7099",
        "Email": "skamalas@uncc.edu",
        "Research Interest": "Missing"
    },
    {
        "Name": "",
        "Position": "Assistant Professor",
        "Phone number": "Missing",
        "Email": "dmaity@uncc.edu",
        "Research Interest": "Missing"
    },
    {
        "Name": "",
        "Position": "Associate Professor",
        "Phone number": "704-687-1003",
        "Email": "mmanjrek@uncc.edu",
        "Research Interest": "Missing"
    },
    {
        "Name": "",
        "Position": "Duke Energy Distinguished Professor and EPIC Director",
        "Phone number": "704-687-7851",
        "Email": "mmazzola@uncc.edu",
        "Research Interest": "Missing"
    },
    {
        "Name": "",
        "Position": "Assistant Professor",
        "Phone number": "704-687-8411",
        "Email": "mmencagl@uncc.edu",
        "Research Interest": "Missing"
    },
    {
        "Name": "",
        "Position": "Associate Professor",
        "Phone number": "704-687-8417",
        "Email": "amukherj@uncc.edu",
        "Research Interest": "Missing"
    },
    {
        "Name": "",
        "Position": "Professor and Chair",
        "Phone number": "704-687-8418",
        "Email": "anasipur@uncc.edu",
        "Research Interest": "Missing"
    },
    {
        "Name": "",
        "Position": "Associate Professor",
        "Phone number": "704-687-1959",
        "Email": "bparkhid@uncc.edu",
        "Research Interest": "Missing"
    },
    {
        "Name": "",
        "Position": "Associate Professor",
        "Phone number": "704-687-8427",
        "Email": "aravindr@uncc.edu",
        "Research Interest": "Missing"
    },
    {
        "Name": "",
        "Position": "Lab Manager and Lecturer",
        "Phone number": "704-687-8142",
        "Email": "BRodriguez-Medina@uncc.edu",
        "Research Interest": "Missing"
    },
    {
        "Name": "",
        "Position": "Assistant Professor",
        "Phone number": "704-687-8098",
        "Email": "fsaqib@uncc.edu",
        "Research Interest": "Missing"
    },
    {
        "Name": "",
        "Position": "Professor",
        "Phone number": "704-687-8196",
        "Email": "rsass@uncc.edu",
        "Research Interest": "Missing"
    },
    {
        "Name": "",
        "Position": "Teaching Assistant Professor ",
        "Phone number": "704-687-7334",
        "Email": "csmit530@uncc.edu",
        "Research Interest": "Missing"
    },
    {
        "Name": "",
        "Position": "Assistant Professor",
        "Phone number": "704-687-8595",
        "Email": "kathryn.smith@uncc.edu",
        "Research Interest": "Missing"
    },
    {
        "Name": "",
        "Position": "Professor",
        "Phone number": "704-687-8425",
        "Email": "ebstokes@uncc.edu",
        "Research Interest": "Missing"
    },
    {
        "Name": "",
        "Position": "Assistant Professor",
        "Phone number": "704-687-0291",
        "Email": "htabkhiv@uncc.edu",
        "Research Interest": "Missing"
    },
    {
        "Name": "",
        "Position": "Professor",
        "Phone number": "704-687-8429",
        "Email": "tranjan@uncc.edu",
        "Research Interest": "Missing"
    },
    {
        "Name": "",
        "Position": "Associate Professor",
        "Phone number": "704-687-8432",
        "Email": "tpweldon@uncc.edu",
        "Research Interest": "Missing"
    },
    {
        "Name": "",
        "Position": "Associate Professor, EE Associate Chair and Director of Undergraduate Programs",
        "Phone number": "704-687-8420",
        "Email": "arwillis@uncc.edu",
        "Research Interest": "Missing"
    },
    {
        "Name": "",
        "Position": "Professor",
        "Phone number": "704-687-8413",
        "Email": "jxie1@uncc.edu",
        "Research Interest": "Missing"
    },
    {
        "Name": "",
        "Position": "Bissell Distinguished Professor",
        "Phone number": "704-687-8652",
        "Email": "yong.zhang@uncc.edu",
        "Research Interest": "Missing"
    },
    {
        "Name": "",
        "Position": "Assistant Professor",
        "Phone number": "704-687-0939",
        "Email": "Tiefu.Zhao@uncc.edu",
        "Research Interest": "Missing"
    },
    {
        "Name": "",
        "Position": "Professor Emeritus",
        "Phone number": "704-687-8433",
        "Email": "lcaspers@uncc.edu",
        "Research Interest": "Missing"
    },
    {
        "Name": "",
        "Position": "Professor Emeritus",
        "Phone number": "704-687-8438",
        "Email": "tsu@uncc.edu",
        "Research Interest": "Missing"
    },
    {
        "Name": "",
        "Position": "Adjunct Faculty",
        "Phone number": "704-687-5209",
        "Email": "chalsted@uncc.edu",
        "Research Interest": "Missing"
    },
    {
        "Name": "",
        "Position": "Adjunct Professor &amp; Research Engineer",
        "Phone number": "704-687-0073",
        "Email": "eshoubak@uncc.edu",
        "Research Interest": "Missing"
    }
]