[
    {
        "Research Interest": "Virginia Image and Video Analysis Laboratory",
        "Email": "acton@virginia.edu",
        "Position": "Professor",
        "Name": "Acton, Scott T.",
        "Phone number": "Missing"
    },
    {
        "Research Interest": "Website",
        "Email": "alemzadeh@virginia.edu",
        "Position": "Assistant Professor, Electrical and Computer Engineering, Assistant Professor, Computer Science (by Courtesy)",
        "Name": "Alemzadeh, Homa",
        "Phone number": "Missing"
    },
    {
        "Research Interest": "Virginia Microfabrication Laboratories ",
        "Email": "barker@virginia.edu",
        "Position": "Professor and Associate Dean for Academic Affairs, Fellow, IEEE, Chair, IEEE MTT-S Publications Committee, Co-Founder and CEO, Dominion MicroProbes Inc.",
        "Name": "Barker, N. Scott",
        "Phone number": "Missing"
    },
    {
        "Research Interest": "Missing",
        "Email": "ab6uy@virginia.edu",
        "Position": "Senior Lecturer",
        "Name": "Barnes, Adam",
        "Phone number": "Missing"
    },
    {
        "Research Interest": "Optoelectronic Device Group",
        "Email": "andreas@virginia.edu",
        "Position": "Associate Professor",
        "Name": "Beling, Andreas",
        "Phone number": "Missing"
    },
    {
        "Research Interest": "Missing",
        "Email": "tb6n@virginia.edu",
        "Position": "Professor",
        "Name": "Berger, Toby",
        "Phone number": "Missing"
    },
    {
        "Research Interest": "Website",
        "Email": "nbezzo@virginia.edu",
        "Position": "Assistant Professor",
        "Name": "Bezzo, Nicola",
        "Phone number": "Missing"
    },
    {
        "Research Interest": "Integrated Electromagnetics, Circuits, and Systems (IECS) Lab",
        "Email": "sbowers@virginia.edu",
        "Position": "Assistant Professor",
        "Name": "Bowers, Steven M.",
        "Phone number": "Missing"
    },
    {
        "Research Interest": "Optical Multiuser/Multichannel Communications Lab",
        "Email": "mb-p@virginia.edu",
        "Position": "UVA Vice Provost for Faculty Affairs, Professor of Electrical Engineering",
        "Name": "Brandt-Pearce, Maite, Ph.D.",
        "Phone number": "Missing"
    },
    {
        "Research Interest": "Link Lab",
        "Email": "bcalhoun@virginia.edu",
        "Position": "Professor",
        "Name": "Calhoun, Benton H.",
        "Phone number": "Missing"
    }
]