[
    {
        "Research Interest": "Missing",
        "Position": "Teaching Assistant Professor",
        "Name": "Anu Aggarwal",
        "Phone number": "Missing",
        "Email": "Missing"
    },
    {
        "Research Interest": "Missing",
        "Position": "Research Professor",
        "Name": "Narendra Ahuja",
        "Phone number": "Missing",
        "Email": "Missing"
    },
    {
        "Research Interest": "Missing",
        "Position": "Assistant Professor",
        "Name": "Haitham Al-Hassanieh",
        "Phone number": "Missing",
        "Email": "Missing"
    },
    {
        "Research Interest": "Missing",
        "Position": "Professor",
        "Name": "Jont Allen",
        "Phone number": "Missing",
        "Email": "Missing"
    },
    {
        "Research Interest": "Missing",
        "Position": "Teaching Assistant Professor",
        "Name": "Juan Alvarez",
        "Phone number": "Missing",
        "Email": "Missing"
    },
    {
        "Research Interest": "Missing",
        "Position": "Professor",
        "Name": "Tamer Ba&#351;ar",
        "Phone number": "Missing",
        "Email": "Missing"
    },
    {
        "Research Interest": "Missing",
        "Position": "Professor",
        "Name": "Michael Bailey",
        "Phone number": "Missing",
        "Email": "Missing"
    },
    {
        "Research Interest": "Missing",
        "Position": "Assistant Professor",
        "Name": "Arijit Banerjee",
        "Phone number": "Missing",
        "Email": "Missing"
    },
    {
        "Research Interest": "Missing",
        "Position": "Professor",
        "Name": "Yuliy Baryshnikov",
        "Phone number": "Missing",
        "Email": "Missing"
    },
    {
        "Research Interest": "Missing",
        "Position": "Senior Lecturer, Retired",
        "Name": "Tangul Basar",
        "Phone number": "Missing",
        "Email": "Missing"
    },
    {
        "Research Interest": "Missing",
        "Position": "Associate Professor",
        "Name": "Can Bayram",
        "Phone number": "Missing",
        "Email": "Missing"
    },
    {
        "Research Interest": "Missing",
        "Position": "Research Professor",
        "Name": "James W. Beauchamp",
        "Phone number": "Missing",
        "Email": "Missing"
    },
    {
        "Research Interest": "Missing",
        "Position": "Associate Professor",
        "Name": "Mohamed Ali Belabbas",
        "Phone number": "Missing",
        "Email": "Missing"
    },
    {
        "Research Interest": "Missing",
        "Position": "Professor",
        "Name": "Jennifer Bernhard",
        "Phone number": "Missing",
        "Email": "Missing"
    },
    {
        "Research Interest": "Missing",
        "Position": "Assistant Professor",
        "Name": "Suma Bhat",
        "Phone number": "Missing",
        "Email": "Missing"
    },
    {
        "Research Interest": "Missing",
        "Position": "Teaching Assistant Professor",
        "Name": "Ujjal Kumar Bhowmik",
        "Phone number": "Missing",
        "Email": "Missing"
    },
    {
        "Research Interest": "Missing",
        "Position": "Assistant Professor",
        "Name": "Simeon Bogdanov",
        "Phone number": "Missing",
        "Email": "Missing"
    },
    {
        "Research Interest": "Missing",
        "Position": "Professor",
        "Name": "Stephen Allen Boppart",
        "Phone number": "Missing",
        "Email": "Missing"
    },
    {
        "Research Interest": "Missing",
        "Position": "Professor",
        "Name": "Nikita Borisov",
        "Phone number": "Missing",
        "Email": "Missing"
    },
    {
        "Research Interest": "Missing",
        "Position": "Assistant Professor",
        "Name": "Subhonmesh Bose",
        "Phone number": "Missing",
        "Email": "Missing"
    },
    {
        "Research Interest": "Missing",
        "Position": "Professor",
        "Name": "Yoram Bresler",
        "Phone number": "Missing",
        "Email": "Missing"
    },
    {
        "Research Interest": "Missing",
        "Position": "Associate Professor Emerita",
        "Name": "Donna Brown",
        "Phone number": "Missing",
        "Email": "Missing"
    },
    {
        "Research Interest": "Missing",
        "Position": "Professor",
        "Name": "Andreas C. Cangellaris",
        "Phone number": "Missing",
        "Email": "Missing"
    },
    {
        "Research Interest": "Missing",
        "Position": "Professor",
        "Name": "Deming Chen",
        "Phone number": "Missing",
        "Email": "Missing"
    },
    {
        "Research Interest": "Missing",
        "Position": "Teaching Assistant Professor",
        "Name": "Xu Chen",
        "Phone number": "Missing",
        "Email": "Missing"
    },
    {
        "Research Interest": "Missing",
        "Position": "Research Assistant Professor",
        "Name": "Yun-Sheng Chen",
        "Phone number": "Missing",
        "Email": "Missing"
    },
    {
        "Research Interest": "Missing",
        "Position": "Teaching Assistant Professor",
        "Name": "Yuting Chen",
        "Phone number": "Missing",
        "Email": "Missing"
    },
    {
        "Research Interest": "Missing",
        "Position": "Teaching Assistant Professor",
        "Name": "Zuofu Cheng",
        "Phone number": "Missing",
        "Email": "Missing"
    },
    {
        "Research Interest": "Missing",
        "Position": "George and Ann Fisher Distinguished Professor Emeritus",
        "Name": "Weng Cho Chew",
        "Phone number": "Missing",
        "Email": "Missing"
    },
    {
        "Research Interest": "Missing",
        "Position": "Associate Professor",
        "Name": "Eric Chitambar",
        "Phone number": "Missing",
        "Email": "Missing"
    },
    {
        "Research Interest": "Missing",
        "Position": "Lecturer",
        "Name": "Hyungsoo Choi",
        "Phone number": "Missing",
        "Email": "Missing"
    },
    {
        "Research Interest": "Missing",
        "Position": "Professor",
        "Name": "Kent D. Choquette",
        "Phone number": "Missing",
        "Email": "Missing"
    },
    {
        "Research Interest": "Missing",
        "Position": "Professor",
        "Name": "Brian T. Cunningham",
        "Phone number": "Missing",
        "Email": "Missing"
    },
    {
        "Research Interest": "Missing",
        "Position": "Professor",
        "Name": "John Dallesasse",
        "Phone number": "Missing",
        "Email": "Missing"
    },
    {
        "Research Interest": "Missing",
        "Position": "Professor",
        "Name": "Minh N. Do",
        "Phone number": "Missing",
        "Email": "Missing"
    },
    {
        "Research Interest": "Missing",
        "Position": "Professor",
        "Name": "Alejandro Dominguez-Garcia",
        "Phone number": "Missing",
        "Email": "Missing"
    },
    {
        "Research Interest": "Missing",
        "Position": "Research Assistant Professor ",
        "Name": "Roy Dong",
        "Phone number": "Missing",
        "Email": "Missing"
    },
    {
        "Research Interest": "Missing",
        "Position": "Assistant Professor",
        "Name": "Peter D. Dragic",
        "Phone number": "Missing",
        "Email": "Missing"
    },
    {
        "Research Interest": "Missing",
        "Position": "Assistant Professor",
        "Name": "Katherine Rose Driggs-Campbell",
        "Phone number": "Missing",
        "Email": "Missing"
    },
    {
        "Research Interest": "Missing",
        "Position": "Intel Alumni Endowed Chair Emeritus Professor",
        "Name": "J. Gary Eden",
        "Phone number": "Missing",
        "Email": "Missing"
    },
    {
        "Research Interest": "Missing",
        "Position": "Assistant Professor ",
        "Name": "Kejie Fang",
        "Phone number": "Missing",
        "Email": "Missing"
    },
    {
        "Research Interest": "Missing",
        "Position": "Research Professor",
        "Name": "Milton Feng",
        "Phone number": "Missing",
        "Email": "Missing"
    },
    {
        "Research Interest": "Missing",
        "Position": "Lecturer",
        "Name": "Arne Fliflet",
        "Phone number": "Missing",
        "Email": "Missing"
    },
    {
        "Research Interest": "Missing",
        "Position": "Professor Emeritus",
        "Name": "Steven J. Franke",
        "Phone number": "Missing",
        "Email": "Missing"
    },
    {
        "Research Interest": "Missing",
        "Position": "Research Professor",
        "Name": "Chester S. Gardner",
        "Phone number": "Missing",
        "Email": "Missing"
    },
    {
        "Research Interest": "Missing",
        "Position": "Associate Professor",
        "Name": "Matthew Gilbert",
        "Phone number": "Missing",
        "Email": "Missing"
    },
    {
        "Research Interest": "Missing",
        "Position": "Professor",
        "Name": "Lynford L. Goddard",
        "Phone number": "Missing",
        "Email": "Missing"
    },
    {
        "Research Interest": "Missing",
        "Position": "Associate Professor",
        "Name": "Songbin Gong",
        "Phone number": "Missing",
        "Email": "Missing"
    },
    {
        "Research Interest": "Missing",
        "Position": "Professor",
        "Name": "George Gross",
        "Phone number": "Missing",
        "Email": "Missing"
    },
    {
        "Research Interest": "Missing",
        "Position": "Professor",
        "Name": "Viktor Gruev",
        "Phone number": "Missing",
        "Email": "Missing"
    },
    {
        "Research Interest": "Missing",
        "Position": "Assistant Professor ",
        "Name": "Saurabh Gupta",
        "Phone number": "Missing",
        "Email": "Missing"
    },
    {
        "Research Interest": "Missing",
        "Position": "Professor",
        "Name": "Bruce Hajek",
        "Phone number": "Missing",
        "Email": "Missing"
    },
    {
        "Research Interest": "Missing",
        "Position": "Professor Emeritus",
        "Name": "Ibrahim N. Hajj",
        "Phone number": "Missing",
        "Email": "Missing"
    },
    {
        "Research Interest": "Missing",
        "Position": "Teaching Professor",
        "Name": "Lippold Haken",
        "Phone number": "Missing",
        "Email": "Missing"
    },
    {
        "Research Interest": "Missing",
        "Position": "Research Assistant Professor",
        "Name": "Aiguo Han",
        "Phone number": "Missing",
        "Email": "Missing"
    },
    {
        "Research Interest": "Missing",
        "Position": "Professor",
        "Name": "Pavan Kumar Hanumolu",
        "Phone number": "Missing",
        "Email": "Missing"
    },
    {
        "Research Interest": "Missing",
        "Position": "Professor",
        "Name": "Kiruba Sivasubramaniam Haran",
        "Phone number": "Missing",
        "Email": "Missing"
    },
    {
        "Research Interest": "Missing",
        "Position": "Professor",
        "Name": "Mark Hasegawa-Johnson",
        "Phone number": "Missing",
        "Email": "Missing"
    },
    {
        "Research Interest": "Missing",
        "Position": "Teaching Assistant Professor",
        "Name": "Wei He",
        "Phone number": "Missing",
        "Email": "Missing"
    },
    {
        "Research Interest": "Missing",
        "Position": "Lecturer",
        "Name": "Philip Hillmer",
        "Phone number": "Missing",
        "Email": "Missing"
    },
    {
        "Research Interest": "Missing",
        "Position": "John Bardeen Endowed Chair Emeritus",
        "Name": "Nick Holonyak, Jr",
        "Phone number": "Missing",
        "Email": "Missing"
    },
    {
        "Research Interest": "Missing",
        "Position": "Assistant Professor",
        "Name": "Bin Hu",
        "Phone number": "Missing",
        "Email": "Missing"
    },
    {
        "Research Interest": "Missing",
        "Position": "Associate Professor",
        "Name": "Yih-Chun Hu",
        "Phone number": "Missing",
        "Email": "Missing"
    },
    {
        "Research Interest": "Missing",
        "Position": "Assistant Professor ",
        "Name": "Jian Huang",
        "Phone number": "Missing",
        "Email": "Missing"
    },
    {
        "Research Interest": "Missing",
        "Position": "Professor",
        "Name": "Wen-mei Hwu",
        "Phone number": "Missing",
        "Email": "Missing"
    },
    {
        "Research Interest": "Missing",
        "Position": "Assistant Professor",
        "Name": "Raluca Ilie",
        "Phone number": "Missing",
        "Email": "Missing"
    },
    {
        "Research Interest": "Missing",
        "Position": "Professor",
        "Name": "Ravishankar K. Iyer",
        "Phone number": "Missing",
        "Email": "Missing"
    },
    {
        "Research Interest": "Missing",
        "Position": "Lecturer",
        "Name": "Jing Jiang",
        "Phone number": "Missing",
        "Email": "Missing"
    },
    {
        "Research Interest": "Missing",
        "Position": "Professor",
        "Name": "Jianming Jin",
        "Phone number": "Missing",
        "Email": "Missing"
    },
    {
        "Research Interest": "Missing",
        "Position": "Professor",
        "Name": "Douglas L. Jones",
        "Phone number": "Missing",
        "Email": "Missing"
    },
    {
        "Research Interest": "Missing",
        "Position": "Research Professor",
        "Name": "Zbigniew T. Kalbarczyk",
        "Phone number": "Missing",
        "Email": "Missing"
    },
    {
        "Research Interest": "Missing",
        "Position": "Professor",
        "Name": "Farzad Kamalabadi",
        "Phone number": "Missing",
        "Email": "Missing"
    },
    {
        "Research Interest": "Missing",
        "Position": "Research Assistant Professor",
        "Name": "Nickvash Kani",
        "Phone number": "Missing",
        "Email": "Missing"
    },
    {
        "Research Interest": "Missing",
        "Position": "Teaching Assistant Professor",
        "Name": "Dimitrios Katselis",
        "Phone number": "Missing",
        "Email": "Missing"
    },
    {
        "Research Interest": "Missing",
        "Position": "Research Associate Professor",
        "Name": "Daniel S. Katz",
        "Phone number": "Missing",
        "Email": "Missing"
    },
    {
        "Research Interest": "Missing",
        "Position": "Professor",
        "Name": "Timothy L. Killeen",
        "Phone number": "Missing",
        "Email": "Missing"
    },
    {
        "Research Interest": "Missing",
        "Position": "Associate Professor",
        "Name": "Joohyung Kim",
        "Phone number": "Missing",
        "Email": "Missing"
    },
    {
        "Research Interest": "Missing",
        "Position": "Professor",
        "Name": "Kyekyoon Kim",
        "Phone number": "Missing",
        "Email": "Missing"
    },
    {
        "Research Interest": "Missing",
        "Position": "Research Professor",
        "Name": "Philip T. Krein",
        "Phone number": "Missing",
        "Email": "Missing"
    },
    {
        "Research Interest": "Missing",
        "Position": "Professor Emeritus",
        "Name": "Herman Krier",
        "Phone number": "Missing",
        "Email": "Missing"
    },
    {
        "Research Interest": "Missing",
        "Position": "Professor",
        "Name": "Erhan Kudeki",
        "Phone number": "Missing",
        "Email": "Missing"
    },
    {
        "Research Interest": "Missing",
        "Position": "Professor",
        "Name": "Rakesh Kumar",
        "Phone number": "Missing",
        "Email": "Missing"
    },
    {
        "Research Interest": "Missing",
        "Position": "Professor",
        "Name": "Jean-Pierre Leburton",
        "Phone number": "Missing",
        "Email": "Missing"
    },
    {
        "Research Interest": "Missing",
        "Position": "Associate Professor",
        "Name": "Minjoo Lawrence Lee",
        "Phone number": "Missing",
        "Email": "Missing"
    },
    {
        "Research Interest": "Missing",
        "Position": "Associate Professor",
        "Name": "Kirill Levchenko",
        "Phone number": "Missing",
        "Email": "Missing"
    },
    {
        "Research Interest": "Missing",
        "Position": "Professor Emeritus",
        "Name": "Stephen E. Levinson",
        "Phone number": "Missing",
        "Email": "Missing"
    },
    {
        "Research Interest": "Missing",
        "Position": "Professor",
        "Name": "Xiuling Li",
        "Phone number": "Missing",
        "Email": "Missing"
    },
    {
        "Research Interest": "Missing",
        "Position": "Professor",
        "Name": "Zhi-Pei Liang",
        "Phone number": "Missing",
        "Email": "Missing"
    },
    {
        "Research Interest": "Missing",
        "Position": "Professor",
        "Name": "Daniel M. Liberzon",
        "Phone number": "Missing",
        "Email": "Missing"
    },
    {
        "Research Interest": "Missing",
        "Position": "Professor Emeritus",
        "Name": "Michael C. Loui",
        "Phone number": "Missing",
        "Email": "Missing"
    },
    {
        "Research Interest": "Missing",
        "Position": "Associate Professor ",
        "Name": "Yi Lu",
        "Phone number": "Missing",
        "Email": "Missing"
    },
    {
        "Research Interest": "Missing",
        "Position": "Associate Professor",
        "Name": "Steven Lumetta",
        "Phone number": "Missing",
        "Email": "Missing"
    },
    {
        "Research Interest": "Missing",
        "Position": "Professor",
        "Name": "Joseph W. Lyding",
        "Phone number": "Missing",
        "Email": "Missing"
    },
    {
        "Research Interest": "Missing",
        "Position": "Professor",
        "Name": "Jonathan J. Makela",
        "Phone number": "Missing",
        "Email": "Missing"
    },
    {
        "Research Interest": "Missing",
        "Position": "Professor",
        "Name": "Olgica Milenkovic",
        "Phone number": "Missing",
        "Email": "Missing"
    },
    {
        "Research Interest": "Missing",
        "Position": "Assistant Professor",
        "Name": "Andrew Miller",
        "Phone number": "Missing",
        "Email": "Missing"
    },
    {
        "Research Interest": "Missing",
        "Position": "Teaching Assistant Professor ",
        "Name": "Olga Mironenko",
        "Phone number": "Missing",
        "Email": "Missing"
    },
    {
        "Research Interest": "Missing",
        "Position": "Professor",
        "Name": "Sayan Mitra",
        "Phone number": "Missing",
        "Email": "Missing"
    },
    {
        "Research Interest": "Missing",
        "Position": "Assistant Professor",
        "Name": "Radhika Mittal",
        "Phone number": "Missing",
        "Email": "Missing"
    },
    {
        "Research Interest": "Missing",
        "Position": "Research Assistant Professor",
        "Name": "Sibin Mohan",
        "Phone number": "Missing",
        "Email": "Missing"
    },
    {
        "Research Interest": "Missing",
        "Position": "Teaching Assistant Professor",
        "Name": "Thomas Moon",
        "Phone number": "Missing",
        "Email": "Missing"
    },
    {
        "Research Interest": "Missing",
        "Position": "Professor",
        "Name": "Pierre Moulin",
        "Phone number": "Missing",
        "Email": "Missing"
    },
    {
        "Research Interest": "Missing",
        "Position": "Professor",
        "Name": "David M. Nicol",
        "Phone number": "Missing",
        "Email": "Missing"
    },
    {
        "Research Interest": "Missing",
        "Position": "Donald Biggar Willett Professor Emeritus",
        "Name": "Bill O\\'Brien, Jr.",
        "Phone number": "Missing",
        "Email": "Missing"
    },
    {
        "Research Interest": "Missing",
        "Position": "Assistant Professor ",
        "Name": "Idoia Ochoa",
        "Phone number": "Missing",
        "Email": "Missing"
    },
    {
        "Research Interest": "Missing",
        "Position": "Professor",
        "Name": "Michael L. Oelze",
        "Phone number": "Missing",
        "Email": "Missing"
    },
    {
        "Research Interest": "Missing",
        "Position": "Donald Biggar Willett Professor Emeritus ",
        "Name": "Janak H. Patel",
        "Phone number": "Missing",
        "Email": "Missing"
    },
    {
        "Research Interest": "Missing",
        "Position": "Professor",
        "Name": "Sanjay Patel",
        "Phone number": "Missing",
        "Email": "Missing"
    },
    {
        "Research Interest": "Missing",
        "Position": "Associate Professor",
        "Name": "Zhen Peng",
        "Phone number": "Missing",
        "Email": "Missing"
    },
    {
        "Research Interest": "Missing",
        "Position": "Professor",
        "Name": "Gabriel Popescu",
        "Phone number": "Missing",
        "Email": "Missing"
    },
    {
        "Research Interest": "Missing",
        "Position": "Teaching Assistant Professor",
        "Name": "Chandrasekhar Radhakrishnan",
        "Phone number": "Missing",
        "Email": "Missing"
    },
    {
        "Research Interest": "Missing",
        "Position": "Associate Professor",
        "Name": "Maxim Raginsky",
        "Phone number": "Missing",
        "Email": "Missing"
    },
    {
        "Research Interest": "Missing",
        "Position": "Assistant Professor",
        "Name": "Shaloo Rakheja",
        "Phone number": "Missing",
        "Email": "Missing"
    },
    {
        "Research Interest": "Missing",
        "Position": "Professor",
        "Name": "Umberto Ravaioli",
        "Phone number": "Missing",
        "Email": "Missing"
    },
    {
        "Research Interest": "Missing",
        "Position": "Professor",
        "Name": "Elyse Rosenbaum",
        "Phone number": "Missing",
        "Email": "Missing"
    },
    {
        "Research Interest": "Missing",
        "Position": "Professor",
        "Name": "Romit Roy Choudhury",
        "Phone number": "Missing",
        "Email": "Missing"
    },
    {
        "Research Interest": "Missing",
        "Position": "Herman M. Dieckamp Endowed Chair Emeritus in Engineering",
        "Name": "William H. Sanders",
        "Phone number": "Missing",
        "Email": "Missing"
    },
    {
        "Research Interest": "Missing",
        "Position": "Grainger Chair Emeritus Professor of Electrical Engineering",
        "Name": "Peter Sauer",
        "Phone number": "Missing",
        "Email": "Missing"
    },
    {
        "Research Interest": "Missing",
        "Position": "Teaching Associate Professor",
        "Name": "Christopher Schmitz",
        "Phone number": "Missing",
        "Email": "Missing"
    },
    {
        "Research Interest": "Missing",
        "Position": "Teaching Assistant Professor",
        "Name": "Jonathon Kenneth Schuh",
        "Phone number": "Missing",
        "Email": "Missing"
    },
    {
        "Research Interest": "Missing",
        "Position": "Professor",
        "Name": "Jose E. Schutt-Aine",
        "Phone number": "Missing",
        "Email": "Missing"
    },
    {
        "Research Interest": "Missing",
        "Position": "Assistant Professor",
        "Name": "Alexander Schwing",
        "Phone number": "Missing",
        "Email": "Missing"
    },
    {
        "Research Interest": "Missing",
        "Position": "Professor",
        "Name": "Naresh R. Shanbhag",
        "Phone number": "Missing",
        "Email": "Missing"
    },
    {
        "Research Interest": "Missing",
        "Position": "Teaching Assistant Professor",
        "Name": "Yang Victoria Shao",
        "Phone number": "Missing",
        "Email": "Missing"
    },
    {
        "Research Interest": "Missing",
        "Position": "Assistant Professor",
        "Name": "Ilan Shomorony",
        "Phone number": "Missing",
        "Email": "Missing"
    },
    {
        "Research Interest": "Missing",
        "Position": "Professor",
        "Name": "Andrew Singer",
        "Phone number": "Missing",
        "Email": "Missing"
    },
    {
        "Research Interest": "Missing",
        "Position": "Assistant Professor",
        "Name": "Pengfei Song",
        "Phone number": "Missing",
        "Email": "Missing"
    },
    {
        "Research Interest": "Missing",
        "Position": "Professor",
        "Name": "Rayadurgam Srikant",
        "Phone number": "Missing",
        "Email": "Missing"
    },
    {
        "Research Interest": "Missing",
        "Position": "Professor Emeritus",
        "Name": "Donald Scott Stewart",
        "Phone number": "Missing",
        "Email": "Missing"
    },
    {
        "Research Interest": "Missing",
        "Position": "Assistant Professor",
        "Name": "Andrew R. Stillwell",
        "Phone number": "Missing",
        "Email": "Missing"
    },
    {
        "Research Interest": "Missing",
        "Position": "Research Professor",
        "Name": "Gary R. Swenson",
        "Phone number": "Missing",
        "Email": "Missing"
    },
    {
        "Research Interest": "Missing",
        "Position": "Professor Emeritus",
        "Name": "Timothy N. Trick",
        "Phone number": "Missing",
        "Email": "Missing"
    },
    {
        "Research Interest": "Missing",
        "Position": "Associate Professor",
        "Name": "Lav R. Varshney",
        "Phone number": "Missing",
        "Email": "Missing"
    },
    {
        "Research Interest": "Missing",
        "Position": "Associate Professor",
        "Name": "Shobha Vasudevan",
        "Phone number": "Missing",
        "Email": "Missing"
    },
    {
        "Research Interest": "Missing",
        "Position": "Professor",
        "Name": "Venugopal V. Veeravalli",
        "Phone number": "Missing",
        "Email": "Missing"
    },
    {
        "Research Interest": "Missing",
        "Position": "Professor",
        "Name": "Pramod Viswanath",
        "Phone number": "Missing",
        "Email": "Missing"
    },
    {
        "Research Interest": "Missing",
        "Position": "Professor",
        "Name": "Yurii Vlasov",
        "Phone number": "Missing",
        "Email": "Missing"
    },
    {
        "Research Interest": "Missing",
        "Position": "Assistant Professor",
        "Name": "Lara Waldrop",
        "Phone number": "Missing",
        "Email": "Missing"
    },
    {
        "Research Interest": "Missing",
        "Position": "Professor Emeritus",
        "Name": "Matthew Alan Wallig",
        "Phone number": "Missing",
        "Email": "Missing"
    },
    {
        "Research Interest": "Missing",
        "Position": "Professor",
        "Name": "Martin D F Wong",
        "Phone number": "Missing",
        "Email": "Missing"
    },
    {
        "Research Interest": "Missing",
        "Position": "Assistant Professor ",
        "Name": "Richard Y. Zhang",
        "Phone number": "Missing",
        "Email": "Missing"
    },
    {
        "Research Interest": "Missing",
        "Position": "Assistant Professor",
        "Name": "Yang Zhao",
        "Phone number": "Missing",
        "Email": "Missing"
    },
    {
        "Research Interest": "Missing",
        "Position": "Assistant Professor",
        "Name": "Zhizhen Zhao",
        "Phone number": "Missing",
        "Email": "Missing"
    },
    {
        "Research Interest": "Missing",
        "Position": "Assistant Professor",
        "Name": "Jin Zhou",
        "Phone number": "Missing",
        "Email": "Missing"
    },
    {
        "Research Interest": "Missing",
        "Position": "Associate Professor",
        "Name": "Wenjuan Zhu",
        "Phone number": "Missing",
        "Email": "Missing"
    }
]