[
    {
        "Research Interest": " Department of Electrical and Computer Engineering ",
        "Name": " Abu Salah, Lo\\xe2\\x80\\x99ay ",
        "Email": " labusa1@uic.edu ",
        "Phone number": " (312) 413-0030 ",
        "Position": " Clinical Associate Professor "
    },
    {
        "Research Interest": " Department of Electrical and Computer Engineering ",
        "Name": " Ansari, Rashid ",
        "Email": " ransari@uic.edu ",
        "Phone number": " (312) 996-5489 ",
        "Position": " Professor "
    },
    {
        "Research Interest": " Department of Electrical and Computer Engineering ",
        "Name": " Caliskan, Vahe ",
        "Email": " vahe@uic.edu ",
        "Phone number": " (312) 996-6013 ",
        "Position": " Clinical Associate Professor, Interim Director of Undergraduate Studies "
    },
    {
        "Research Interest": " Department of Electrical and Computer Engineering ",
        "Name": " Cetin, Ahmet Enis ",
        "Email": " aecyy@uic.edu ",
        "Phone number": " (312) 996-4971 ",
        "Position": " Research Professor "
    },
    {
        "Research Interest": " Department of Electrical and Computer Engineering ",
        "Name": " Chen, Pai-Yen ",
        "Email": " pychen@uic.edu ",
        "Phone number": " (312) 996-2648 ",
        "Position": " Associate Professor "
    },
    {
        "Research Interest": " Department of Electrical and Computer Engineering ",
        "Name": " Devroye, Natasha ",
        "Email": " devroye@uic.edu ",
        "Phone number": " (312) 996-1013 ",
        "Position": " Professor, Director of Undergraduate Studies "
    },
    {
        "Research Interest": " Department of Electrical and Computer Engineering ",
        "Name": " Dutt, Shantanu ",
        "Email": " dutt@uic.edu ",
        "Phone number": " (312) 355-1314 ",
        "Position": " Professor "
    },
    {
        "Research Interest": " Department of Electrical and Computer Engineering ",
        "Name": " Dutta, Mitra ",
        "Email": " dutta@uic.edu ",
        "Phone number": " (312) 355-3221 ",
        "Position": " Distinguished Professor "
    },
    {
        "Research Interest": " Department of Electrical and Computer Engineering ",
        "Name": " Erricolo, Danilo ",
        "Email": " derric1@uic.edu ",
        "Phone number": " (312) 996-5771 ",
        "Position": " Professor, Director of Graduate Studies "
    },
    {
        "Research Interest": " Department of Electrical and Computer Engineering ",
        "Name": " Feinerman, Alan ",
        "Email": " feinerma@uic.edu ",
        "Phone number": " (312) 996-2313 ",
        "Position": " Associate Professor "
    },
    {
        "Research Interest": " Department of Electrical and Computer Engineering ",
        "Name": " Fitzgerald, Kimberly ",
        "Email": " kimfitz@uic.edu ",
        "Phone number": " (312) 996-5453 ",
        "Position": " Lecturer "
    },
    {
        "Research Interest": " Department of Electrical and Computer Engineering ",
        "Name": " Goncharoff, Vladimir ",
        "Email": " volodia@uic.edu ",
        "Phone number": " (312) 996-3421 ",
        "Position": " Lecturer "
    },
    {
        "Research Interest": " Department of Electrical and Computer Engineering ",
        "Name": " Han, Shuo ",
        "Email": " hanshuo@uic.edu ",
        "Phone number": " (312) 996-5289 ",
        "Position": " Assistant Professor "
    },
    {
        "Research Interest": " Department of Electrical and Computer Engineering ",
        "Name": " He, Lina ",
        "Email": " lhe@uic.edu ",
        "Phone number": " (312) 996-3085 ",
        "Position": " Assistant Professor "
    },
    {
        "Research Interest": " Department of Electrical and Computer Engineering ",
        "Name": " Jin, Ning ",
        "Email": " njin@uic.edu ",
        "Phone number": " (312) 355-1053 ",
        "Position": " Clinical Assistant Professor "
    },
    {
        "Research Interest": " Department of Electrical and Computer Engineering ",
        "Name": " Killeen, Timothy L ",
        "Email": " tkilleen@illinois.edu ",
        "Phone number": " (312) 413-9097 ",
        "Position": " Professor and President - University of Illinois system "
    },
    {
        "Research Interest": " Department of Electrical and Computer Engineering ",
        "Name": " Kosmach, Jim ",
        "Email": " kosmach@uic.edu ",
        "Phone number": " (312) 413-9460 ",
        "Position": " Clinical Associate Professor "
    },
    {
        "Research Interest": " Department of Electrical and Computer Engineering ",
        "Name": " Koyuncu, Erdem ",
        "Email": " ekoyuncu@uic.edu ",
        "Phone number": " (312) 355-3437 ",
        "Position": " Assistant Professor "
    },
    {
        "Research Interest": " Department of Electrical and Computer Engineering ",
        "Name": " Liu, Derong ",
        "Email": " derong@uic.edu ",
        "Phone number": " (312) 355-4475 ",
        "Position": " Professor "
    },
    {
        "Research Interest": " Department of Electrical and Computer Engineering ",
        "Name": " Mazumder, Sudip K ",
        "Email": " mazumder@uic.edu ",
        "Phone number": " (312) 355-1315 ",
        "Position": " Professor "
    },
    {
        "Research Interest": " Department of Electrical and Computer Engineering ",
        "Name": " Metlushko, Vitali ",
        "Email": " vmetlush@uic.edu ",
        "Phone number": " (312) 413-7574 ",
        "Position": " Professor "
    },
    {
        "Research Interest": " Department of Electrical and Computer Engineering ",
        "Name": " Ohannessian, Mesrob ",
        "Email": " mesrob@uic.edu ",
        "Phone number": "Missing",
        "Position": " Assistant Professor "
    },
    {
        "Research Interest": " Department of Electrical and Computer Engineering ",
        "Name": " Paprotny, Igor ",
        "Email": " paprotny@uic.edu ",
        "Phone number": " (312) 996-1924 ",
        "Position": " Associate Professor "
    },
    {
        "Research Interest": " Department of Electrical and Computer Engineering ",
        "Name": " Partin-Vaisband, Inna ",
        "Email": " vaisband@uic.edu ",
        "Phone number": " (312) 355-2877 ",
        "Position": " Assistant Professor "
    },
    {
        "Research Interest": " Department of Electrical and Computer Engineering ",
        "Name": " Rao, Wenjing ",
        "Email": " wenjing@uic.edu ",
        "Phone number": " (312) 355-0311 ",
        "Position": " Associate Professor "
    },
    {
        "Research Interest": " Department of Electrical and Computer Engineering ",
        "Name": " Revelo, Renata A. ",
        "Email": " revelo@uic.edu ",
        "Phone number": " (312) 996-0839 ",
        "Position": " Clinical Assistant Professor "
    },
    {
        "Research Interest": " Department of Electrical and Computer Engineering ",
        "Name": " Schonfeld, Dan ",
        "Email": " dans@uic.edu ",
        "Phone number": " (312) 996-5847 ",
        "Position": " Professor "
    },
    {
        "Research Interest": " Department of Electrical and Computer Engineering ",
        "Name": " Seferoglu, Hulya ",
        "Email": " hulya@uic.edu ",
        "Phone number": " (312) 413-7573 ",
        "Position": " Associate Professor "
    },
    {
        "Research Interest": " Electrical and Computer Engineering ",
        "Name": " Shadmand, Mohammad B ",
        "Email": " shadmand@uic.edu ",
        "Phone number": "Missing",
        "Position": " Assistant Professor "
    },
    {
        "Research Interest": " Department of Electrical and Computer Engineering ",
        "Name": " Shi, J. Lucy ",
        "Email": " lucyshi@uic.edu ",
        "Phone number": " (312) 355-5557 ",
        "Position": " Associate Professor "
    },
    {
        "Research Interest": " Department of Electrical and Computer Engineering ",
        "Name": " Smida, Besma ",
        "Email": " smida@uic.edu ",
        "Phone number": " (312) 996-0514 ",
        "Position": " Associate Professor "
    },
    {
        "Research Interest": " Department of Electrical and Computer Engineering ",
        "Name": " Soltanalian, Mojtaba ",
        "Email": " msol@uic.edu ",
        "Phone number": " (312) 413-5958 ",
        "Position": " Assistant Professor "
    },
    {
        "Research Interest": " Department of Electrical and Computer Engineering ",
        "Name": " Stroscio, Michael ",
        "Email": " stroscio@uic.edu ",
        "Phone number": " (312) 413-2283 ",
        "Position": " Richard and Loan Hill &amp; Distinguished Professor "
    },
    {
        "Research Interest": " Department of Electrical and Computer Engineering ",
        "Name": " Trivedi, Amit Ranjan ",
        "Email": " amitrt@uic.edu ",
        "Phone number": " (312) 996-5256 ",
        "Position": " Assistant Professor "
    },
    {
        "Research Interest": " Department of Electrical and Computer Engineering ",
        "Name": " Tuninetti, Daniela ",
        "Email": " danielat@uic.edu ",
        "Phone number": " (312) 413-7431 ",
        "Position": " Professor, and Interim Department Head "
    },
    {
        "Research Interest": " Department of Electrical and Computer Engineering ",
        "Name": " \\xc5\\xbdefran, Milo\\xc5\\xa1 ",
        "Email": " mzefran@uic.edu ",
        "Phone number": " (312) 996-6495 ",
        "Position": " Professor "
    },
    {
        "Research Interest": " Department of Electrical and Computer Engineering ",
        "Name": " Zhang, Zhao ",
        "Email": " zhangz@uic.edu ",
        "Phone number": " (312) 996-3420 ",
        "Position": " Associate Professor "
    },
    {
        "Research Interest": " Department of Electrical and Computer Engineering ",
        "Name": " Zhu, Zhichun ",
        "Email": " zzhu@uic.edu ",
        "Phone number": " (312) 355-0441 ",
        "Position": " Associate Professor, Director of Graduate Admission and Recruitment "
    }
]