[
    {
        "Research Interest": "Electrical Engineering and Computer Science",
        "Name": "Hamidreza Aghasi",
        "Position": " Assistant Professor ",
        "Phone number": " ",
        "Email": " haghasi@uci.edu "
    },
    {
        "Research Interest": "Electrical Engineering and Computer Science",
        "Name": "Mohammad Al Faruque",
        "Position": " Associate Professor ",
        "Phone number": " (949) 824-1909 ",
        "Email": " alfaruqu@uci.edu "
    },
    {
        "Research Interest": "Electrical Engineering and Computer Science",
        "Name": "Nicolaos Alexopoulos",
        "Position": " Professor Emeritus ",
        "Phone number": " (949) 824-6002 ",
        "Email": " alfios@uci.edu "
    },
    {
        "Research Interest": "Electrical Engineering and Computer Science",
        "Name": "Ender Ayanoglu",
        "Position": " Professor ",
        "Phone number": " (949) 824-1341 ",
        "Email": " ayanoglu@uci.edu "
    },
    {
        "Research Interest": "Electrical Engineering and Computer Science",
        "Name": "Nader Bagherzadeh",
        "Position": " Professor ",
        "Phone number": " (949) 824-8720 ",
        "Email": " nader@uci.edu "
    },
    {
        "Research Interest": "Electrical Engineering and Computer Science",
        "Name": "Neil Bershad",
        "Position": " Professor Emeritus ",
        "Phone number": " ",
        "Email": " bershad@uci.edu "
    },
    {
        "Research Interest": "Electrical Engineering and Computer Science",
        "Name": "Ozdal Boyraz",
        "Position": " Professor ",
        "Phone number": " (949) 824-1979 ",
        "Email": " oboyraz@uci.edu "
    },
    {
        "Research Interest": "Electrical Engineering and Computer Science",
        "Name": "Peter Burke",
        "Position": " Professor ",
        "Phone number": " (949) 824-9326 (949) 824-7683 Lab ",
        "Email": " pburke@uci.edu "
    },
    {
        "Research Interest": "Sociology",
        "Name": "Carter Butts",
        "Position": " Professor ",
        "Phone number": " (949) 824-8591 ",
        "Email": " buttsc@uci.edu "
    },
    {
        "Research Interest": "Electrical Engineering and Computer Science",
        "Name": "Hung Cao",
        "Position": " Assistant Professor ",
        "Phone number": " (949) 824-8478 ",
        "Email": " hungcao@uci.edu "
    },
    {
        "Research Interest": "Electrical Engineering and Computer Science",
        "Name": "Filippo Capolino",
        "Position": " Professor ",
        "Phone number": " (949) 824-2164 ",
        "Email": " f.capolino@uci.edu "
    },
    {
        "Research Interest": "Electrical Engineering and Computer Science",
        "Name": "Aparna Chandramowlishwaran",
        "Position": " Assistant Professor ",
        "Phone number": " (949) 824-9447 ",
        "Email": " amowli@uci.edu "
    },
    {
        "Research Interest": "Electrical Engineering and Computer Science",
        "Name": "Pai Chou",
        "Position": " Professor Emeritus ",
        "Phone number": " (949) 824-3229 (949) 824-1421 Lab ",
        "Email": " phchou@uci.edu "
    },
    {
        "Research Interest": "Electrical Engineering and Computer Science",
        "Name": "Quoc-Viet Dang",
        "Position": " Assistant Professor of Teaching ",
        "Phone number": " (949) 824-9013 ",
        "Email": " qpdang@uci.edu "
    },
    {
        "Research Interest": "Electrical Engineering and Computer Science",
        "Name": "Franco De Flaviis",
        "Position": " Professor ",
        "Phone number": " (949) 824-6181 Lab (949) 824-5631 Office ",
        "Email": " franco@uci.edu "
    },
    {
        "Research Interest": "Electrical Engineering and Computer Science",
        "Name": "Rainer Doemer",
        "Position": " Professor ",
        "Phone number": " (949) 824-9007 ",
        "Email": " doemer@uci.edu "
    },
    {
        "Research Interest": "Donald Bren School of Information and Computer Science",
        "Name": "Nikil Dutt",
        "Position": " Professor ",
        "Phone number": " (949) 824-7219 Office ",
        "Email": " dutt@uci.edu "
    },
    {
        "Research Interest": "Electrical Engineering and Computer Science",
        "Name": "Paniz Ebrahimi",
        "Position": " Lecturer ",
        "Phone number": " ",
        "Email": " paniz@uci.edu "
    },
    {
        "Research Interest": "Electrical Engineering and Computer Science",
        "Name": "Salma Elmalaki",
        "Position": " Assistant Professor of Teaching ",
        "Phone number": " (949) 824-8066 ",
        "Email": " salma.elmalaki@uci.edu "
    },
    {
        "Research Interest": "Electrical Engineering and Computer Science",
        "Name": "Ahmed Eltawil",
        "Position": " Professor &amp; Samueli Faculty Fellow ",
        "Phone number": " (949) 824-0125 Office ",
        "Email": " aeltawil@uci.edu "
    },
    {
        "Research Interest": "Electrical Engineering and Computer Science",
        "Name": "Rahim Esfandyarpour",
        "Position": " Assistant Professor ",
        "Phone number": " (949) 824-5980 ",
        "Email": " rahimes@uci.edu "
    },
    {
        "Research Interest": "Donald Bren School of Information and Computer Science",
        "Name": "Charless C. Fowlkes",
        "Position": " Associate Professor ",
        "Phone number": " (949) 824-6945 ",
        "Email": " fowlkes@uci.edu "
    },
    {
        "Research Interest": "Donald Bren School of Information and Computer Science",
        "Name": "Michael Franz",
        "Position": " Professor ",
        "Phone number": " (949) 824-1546 ",
        "Email": " franz@uci.edu "
    },
    {
        "Research Interest": "Electrical Engineering and Computer Science",
        "Name": "Daniel Gajski",
        "Position": " The Henry Samueli &quot;Turing&quot; Endowed Chair in Computer Systems Design, Professor Emeritus ",
        "Phone number": " (949) 824-4155 Office ",
        "Email": " gajski@uci.edu "
    },
    {
        "Research Interest": "Electrical Engineering and Computer Science",
        "Name": "Jean-Luc Gaudiot",
        "Position": " Distinguished Professor ",
        "Phone number": " (949) 824-9748 ",
        "Email": " gaudiot@uci.edu "
    },
    {
        "Research Interest": "Electrical Engineering and Computer Science",
        "Name": "Ramon Gomez",
        "Position": " Assistant Adjunct Professor ",
        "Phone number": " ",
        "Email": " ragomez1@uci.edu "
    },
    {
        "Research Interest": "Dean\\'s Office",
        "Name": "Michael Green",
        "Position": " Interim Dean ",
        "Phone number": " (949) 824-4333 (Dean&#039;s Office) (949) 824-1656 ",
        "Email": " mgreen@uci.edu "
    },
    {
        "Research Interest": "Electrical Engineering and Computer Science",
        "Name": "Glenn Healey",
        "Position": " Professor ",
        "Phone number": " (949) 824-7104 ",
        "Email": " ghealey@uci.edu "
    },
    {
        "Research Interest": "Electrical Engineering and Computer Science",
        "Name": "Payam Heydari",
        "Position": " Professor ",
        "Phone number": " (949) 824-7824 Lab (949) 824-9324 Office ",
        "Email": " payam@uci.edu "
    },
    {
        "Research Interest": "Electrical Engineering and Computer Science",
        "Name": "Syed Jafar",
        "Position": " Professor ",
        "Phone number": " (949) 824-1684 ",
        "Email": " syed@uci.edu "
    },
    {
        "Research Interest": "Electrical Engineering and Computer Science",
        "Name": "Hamid Jafarkhani",
        "Position": " Chancellor&#039;s Professor ",
        "Phone number": " (949) 824-1755 Office ",
        "Email": " hamidj@uci.edu "
    },
    {
        "Research Interest": "Donald Bren School of Information and Computer Science",
        "Name": "Scott Jordan",
        "Position": " Professor ",
        "Phone number": " (949) 824-2177 Office ",
        "Email": " sjordan@uci.edu "
    },
    {
        "Research Interest": "Mechanical and Aerospace Engineering",
        "Name": "Zak Kassas",
        "Position": " Associate Professor ",
        "Phone number": " (949) 824-5855 ",
        "Email": " zkassas@uci.edu "
    },
    {
        "Research Interest": "Electrical Engineering and Computer Science",
        "Name": "Pramod Khargonekar",
        "Position": " Distinguished Professor ",
        "Phone number": " (949) 824-5796 ",
        "Email": " pramod.khargonekar@uci.edu "
    },
    {
        "Research Interest": "Electrical Engineering and Computer Science",
        "Name": "Stuart Kleinfelder",
        "Position": " Professor ",
        "Phone number": " (949) 824-9430 ",
        "Email": " stuartk@uci.edu "
    },
    {
        "Research Interest": "Dean\\'s Office",
        "Name": "Fadi Kurdahi",
        "Position": " Associate Dean for Graduate and Professional Studies ",
        "Phone number": " (949) 824-8104 Office ",
        "Email": " kurdahi@uci.edu "
    },
    {
        "Research Interest": "Electrical Engineering and Computer Science",
        "Name": "Tomas Lang",
        "Position": " Professor Emeritus ",
        "Phone number": " (949) 824-3450 ",
        "Email": " tlang@uci.edu "
    },
    {
        "Research Interest": "Electrical Engineering and Computer Science",
        "Name": "Chin Lee",
        "Position": " Professor ",
        "Phone number": " (949) 824-4833 Lab (949) 824-7462 Office ",
        "Email": " cclee@uci.edu "
    },
    {
        "Research Interest": "Electrical Engineering and Computer Science",
        "Name": "Henry Lee",
        "Position": " Professor ",
        "Phone number": " (949) 824-4861 Lab (949) 824-3148 Office ",
        "Email": " hplee@uci.edu "
    },
    {
        "Research Interest": "Electrical Engineering and Computer Science",
        "Name": "Marco Levorato",
        "Position": " Assistant Professor (Joint Appointment) ",
        "Phone number": " (949) 824-2175 ",
        "Email": " levorato@uci.edu "
    },
    {
        "Research Interest": "Electrical Engineering and Computer Science",
        "Name": "G.P. Li",
        "Position": " Professor ",
        "Phone number": " (949) 824-9073 Office 1 (949) 824-4194 Office 2 (949) 824-2047 Office 2 (949) 824-4019 Lab ",
        "Email": " gpli@uci.edu "
    },
    {
        "Research Interest": "Electrical Engineering and Computer Science",
        "Name": "Zhou Li",
        "Position": " Assistant Professor ",
        "Phone number": " (949) 824-9724 ",
        "Email": " zhou.li@uci.edu "
    },
    {
        "Research Interest": "Electrical Engineering and Computer Science",
        "Name": "Kwei-Jay Lin",
        "Position": " Professor ",
        "Phone number": " (949) 824-7943 Lab (949) 824-7839 Office ",
        "Email": " klin@uci.edu "
    },
    {
        "Research Interest": "Donald Bren School of Information and Computer Science",
        "Name": "Aditi Majumder",
        "Position": " Assistant Professor ",
        "Phone number": " (949) 824-8877 ",
        "Email": " majumder@ics.uci.edu "
    },
    {
        "Research Interest": "Electrical Engineering and Computer Science",
        "Name": "Athina Markopoulou",
        "Position": " Nicolaos G. and Sue Curtis Alexopoulos Presidential Chair ",
        "Phone number": " (949) 824-2213 Chair&#039;s Office (949) 824-0357 Lab ",
        "Email": " athina@uci.edu "
    },
    {
        "Research Interest": "Radiological Sciences",
        "Name": "Sabee Molloi",
        "Position": " Professor ",
        "Phone number": " (949) 824-5904 Office ",
        "Email": " symolloi@uci.edu "
    },
    {
        "Research Interest": "Biomedical Engineering",
        "Name": "Zoran Nenadic",
        "Position": " William J. Link Chair and Professor ",
        "Phone number": " (949) 824-1548 ",
        "Email": " znenadic@uci.edu "
    },
    {
        "Research Interest": "Electrical Engineering and Computer Science",
        "Name": "Eric Potma",
        "Position": " Professor (Joint Appointment) ",
        "Phone number": " (949) 824-9942 ",
        "Email": " epotma@uci.edu "
    },
    {
        "Research Interest": "Electrical Engineering and Computer Science",
        "Name": "Henry Samueli",
        "Position": " Distinguished Adjunct Professor ",
        "Phone number": " (949) 824-4333 Dean&#039;s Office ",
        "Email": " "
    },
    {
        "Research Interest": "Electrical Engineering and Computer Science",
        "Name": "Terry Sanger",
        "Position": " Professor ",
        "Phone number": " ",
        "Email": " tsanger@uci.edu "
    }
]