[
    {
        "Research Interest": "Missing",
        "Position": "Associate Professor",
        "Name": "Firooz Aflatouni"
    },
    {
        "Research Interest": "Missing",
        "Position": "Alfred Fitler Moore Professor",
        "Name": "Mark G. Allen"
    },
    {
        "Research Interest": "Missing",
        "Position": "Director of the Jerome Fisher Program in Management &amp; Technology, The Wharton School; Jeffrey A. Keswin Professor of Operations, Information and Decisions,",
        "Name": "Gad Allon"
    },
    {
        "Research Interest": "Missing",
        "Position": "J. Peter Skirkanich Professor",
        "Name": "Danielle S. Bassett"
    },
    {
        "Research Interest": "Missing",
        "Position": "Associate Professor ",
        "Name": "Lee Bassett"
    },
    {
        "Research Interest": "Missing",
        "Position": "Adjunct Professor",
        "Name": "Richard Blahut"
    },
    {
        "Research Interest": "Missing",
        "Position": "Assistant Professor",
        "Name": "Pratik Chaudhari"
    },
    {
        "Research Interest": "Missing",
        "Position": "Wallace T. Miller, Sr. Professor of Radiology and",
        "Name": "Christos Davatzikos"
    },
    {
        "Research Interest": "Missing",
        "Position": "Professor",
        "Name": "Andre DeHon"
    },
    {
        "Research Interest": "Missing",
        "Position": "H. Nedwill Ramsey Professor",
        "Name": "Nader Engheta"
    },
    {
        "Research Interest": "Missing",
        "Position": "Professor Emeritus",
        "Name": "Nabil Farhat"
    },
    {
        "Research Interest": "Missing",
        "Position": "Senior Lecturer",
        "Name": "Thomas Farmer"
    },
    {
        "Research Interest": "Missing",
        "Position": "Associate Professor",
        "Name": "Liang Feng"
    },
    {
        "Research Interest": "Missing",
        "Position": "Andrea Mitchell University Professor and Professor",
        "Name": "Robert Ghrist"
    },
    {
        "Research Interest": "Missing",
        "Position": "Assistant Professor",
        "Name": "Hamed Hassani"
    },
    {
        "Research Interest": "Missing",
        "Position": "Associate Professor",
        "Name": "David Issadore"
    },
    {
        "Research Interest": "Missing",
        "Position": "Adjunct Professor",
        "Name": "Ali Jadbabaie"
    },
    {
        "Research Interest": "Missing",
        "Position": "Professor",
        "Name": "Dwight L. Jaggard"
    },
    {
        "Research Interest": "Missing",
        "Position": "Assistant Professor",
        "Name": "Deep Jariwala"
    },
    {
        "Research Interest": "Missing",
        "Position": "Assistant Professor",
        "Name": "Dinesh Jayaraman"
    },
    {
        "Research Interest": "Missing",
        "Position": "Professor of Physics and ",
        "Name": "A. T. Charlie Johnson"
    },
    {
        "Research Interest": "Missing",
        "Position": "Stephen J. Angello Professor",
        "Name": "Cherie Kagan"
    },
    {
        "Research Interest": "Missing",
        "Position": "Solomon and Sylvia Charp Professor Emeritus",
        "Name": "Saleem A. Kassam"
    },
    {
        "Research Interest": "Missing",
        "Position": "Professor Emeritus",
        "Name": "John D. Keenan"
    },
    {
        "Research Interest": "Missing",
        "Position": "Senior Lecturer",
        "Name": "Tania Khanna"
    },
    {
        "Research Interest": "Missing",
        "Position": "Director, PERCH and Alfred Fitler Moore Professor",
        "Name": "Daniel E. Koditschek"
    },
    {
        "Research Interest": "Missing",
        "Position": "Nemirovsky Family Dean, Penn Engineering and Professor",
        "Name": "Vijay Kumar"
    },
    {
        "Research Interest": "Missing",
        "Position": "Professor Emeritus",
        "Name": "Kenneth R. Laker"
    },
    {
        "Research Interest": "Missing",
        "Position": "Adjunct Professor",
        "Name": "Daniel D. Lee"
    },
    {
        "Research Interest": "Missing",
        "Position": "Cecilia Fitler Moore Professor ",
        "Name": "Insup Lee"
    },
    {
        "Research Interest": "Missing",
        "Position": "Professor",
        "Name": "Benjamin C. Lee"
    },
    {
        "Research Interest": "Missing",
        "Position": "Eduardo D. Glandt Faculty Fellow and Associate Professor",
        "Name": "Jing (Jane) Li"
    },
    {
        "Research Interest": "Missing",
        "Position": "RCA Professor of Artificial Intelligence; Associate Dean (Graduate Programs)",
        "Name": "Boon Thau Loo"
    },
    {
        "Research Interest": "Missing",
        "Position": "Associate Professor",
        "Name": "Rahul Mangharam"
    },
    {
        "Research Interest": "Missing",
        "Position": "Assistant Professor",
        "Name": "Nikolai Matni"
    },
    {
        "Research Interest": "Missing",
        "Position": "Lecturer",
        "Name": "Nick McGill"
    },
    {
        "Research Interest": "Missing",
        "Position": "Assistant Professor",
        "Name": "Marc Miskin"
    },
    {
        "Research Interest": "Missing",
        "Position": "Practice Professor",
        "Name": "Manfred Morari"
    },
    {
        "Research Interest": "Missing",
        "Position": "Assistant Professor",
        "Name": "Troy Olsson"
    },
    {
        "Research Interest": "Missing",
        "Position": "UPS Foundation Professor of Transportation and Chair",
        "Name": "George J. Pappas"
    },
    {
        "Research Interest": "Missing",
        "Position": "Assistant Professor",
        "Name": "Michael Posa"
    },
    {
        "Research Interest": "Missing",
        "Position": "Associate Professor and Graduate Chair",
        "Name": "Victor Preciado"
    },
    {
        "Research Interest": "Missing",
        "Position": "Professor",
        "Name": "Alejandro Ribeiro"
    },
    {
        "Research Interest": "Missing",
        "Position": "Assistant Professor of City &amp; Regional Planning and",
        "Name": "Megan S. Ryerson"
    },
    {
        "Research Interest": "Missing",
        "Position": "Assistant Professor",
        "Name": "Shirin Saeedi-Bidokhti"
    },
    {
        "Research Interest": "Missing",
        "Position": "Associate Professor Emeritus",
        "Name": "Jorge J. Santiago-Aviles"
    },
    {
        "Research Interest": "Missing",
        "Position": "Professor",
        "Name": "Saswati Sarkar"
    },
    {
        "Research Interest": "Missing",
        "Position": "Professor Emeritus",
        "Name": "Tony E. Smith"
    },
    {
        "Research Interest": "Missing",
        "Position": "Professor Emeritus",
        "Name": "Jan Van der Spiegel"
    },
    {
        "Research Interest": "Missing",
        "Position": "Professor ",
        "Name": "Santosh S. Venkatesh"
    },
    {
        "Research Interest": "Missing",
        "Position": "George A. Weiss and Lydia Bravo Weiss University Professor and Professor",
        "Name": "Rakesh Vohra"
    },
    {
        "Research Interest": "Missing",
        "Position": "Professor Emeritus",
        "Name": "Vukan R. Vuchic"
    },
    {
        "Research Interest": "Missing",
        "Position": "Part-Time Lecturer",
        "Name": "James Won"
    },
    {
        "Research Interest": "Missing",
        "Position": "Asa Whitney Professor of Mechanical Engineering And Director General Robotics, Automation, Sensing and Perception (GRASP) Laboratory",
        "Name": "Mark Yim"
    },
    {
        "Research Interest": "Missing",
        "Position": "National Center Professor Emeritus of Resource Management and Technology",
        "Name": "Iraj Zandi"
    }
]