[
    {
        "Name": "Jacob Abraham",
        "Position": "Professor",
        "Research Interest": "Cockrell Family Regents Chair in Engineering #8",
        "Phone number": "512-471-8983"
    },
    {
        "Name": "Deji Akinwande",
        "Position": "Professor",
        "Research Interest": "Temple Foundation Endowed Professorship No. 1",
        "Phone number": "512-471-4345, 512-471-6936"
    },
    {
        "Name": "Andrea Al\\xc3\\xb9",
        "Position": "Senior Research Scientist",
        "Research Interest": "Adjunct Professor",
        "Phone number": "Missing"
    },
    {
        "Name": "Jeffrey Andrews",
        "Position": "Professor",
        "Research Interest": "Cockrell Family Chair in Engineering #17",
        "Phone number": "512-471-6500"
    },
    {
        "Name": "Ari Arapostathis",
        "Position": "Professor",
        "Research Interest": "Texas Atomic Energy Research Foundation Centennial Fellow in Electrical Engineering",
        "Phone number": "512-471-3265"
    },
    {
        "Name": "Fran\\xc3\\xa7ois Baccelli",
        "Position": "Professor",
        "Research Interest": "Simons Chair in Mathematics and Electrical and Computer Engineering",
        "Phone number": "Missing"
    },
    {
        "Name": "Sanjay Banerjee",
        "Position": "Professor",
        "Research Interest": "Cockrell Family Regents Chair in Engineering #4",
        "Phone number": "512-471-6730"
    },
    {
        "Name": "Seth Bank",
        "Position": "Professor",
        "Research Interest": "Cullen Trust for Higher Education Endowed Professorship in Engineering #6",
        "Phone number": "512-471-9669"
    },
    {
        "Name": "Suzanne Barber",
        "Position": "Professor",
        "Research Interest": "AT&amp;T Foundation Endowed Professor in Engineering",
        "Phone number": "512-471-6152"
    },
    {
        "Name": "Mikhail Belkin",
        "Position": "Senior Research Scientist",
        "Research Interest": "Adjunct Professor",
        "Phone number": "512-471-4424"
    },
    {
        "Name": "Alan Bovik",
        "Position": "Professor",
        "Research Interest": "Cockrell Family Regents Endowed Chair in Engineering #3",
        "Phone number": "512-471-5370"
    },
    {
        "Name": "Kristin Canfield",
        "Position": "Lecturer",
        "Research Interest": "",
        "Phone number": "Missing"
    },
    {
        "Name": "Constantine Caramanis",
        "Position": "Professor",
        "Research Interest": "William H. Hartwig Fellowship in Electrical Engineering",
        "Phone number": "512-471-9269"
    },
    {
        "Name": "Ray Chen",
        "Position": "Professor",
        "Research Interest": "Keys and Joan Curry/Cullen Trust Endowed Chair",
        "Phone number": "512-471-7035"
    },
    {
        "Name": "Sandeep Chinchali ",
        "Position": "Assistant Professor",
        "Research Interest": "Beginning 2021",
        "Phone number": "Missing"
    },
    {
        "Name": "Derek Chiou",
        "Position": "Research Scientist",
        "Research Interest": "Adjunct Associate Professor",
        "Phone number": "512-232-7722"
    },
    {
        "Name": "Shwetadwip Chowdhury",
        "Position": "Assistant Professor",
        "Research Interest": "Beginning 2021",
        "Phone number": "Missing"
    },
    {
        "Name": "Demetrios Christodoulides",
        "Position": "Professor",
        "Research Interest": "Beginning 2021",
        "Phone number": "Missing"
    },
    {
        "Name": "Al Cuevas",
        "Position": "Associate Professor of Instruction",
        "Research Interest": "",
        "Phone number": "Missing"
    },
    {
        "Name": "Gustavo de Veciana",
        "Position": "Professor",
        "Research Interest": "Cockrell Family Regents Chair in Engineering # 7, Associate Chair for Faculty Affairs",
        "Phone number": "512-471-1573"
    },
    {
        "Name": "Alex Dimakis",
        "Position": "Professor",
        "Research Interest": "Archie W. Straiton Endowed Faculty Fellowship in Engineering",
        "Phone number": "512-471-3068"
    },
    {
        "Name": "Ananth Dodabalapur",
        "Position": "Professor",
        "Research Interest": "Motorola Regents Chair in Electrical and Computer Engineering #1",
        "Phone number": "512-232-1890"
    },
    {
        "Name": "Mary Eberlein",
        "Position": "Associate Professor of Instruction",
        "Research Interest": "",
        "Phone number": "Missing"
    },
    {
        "Name": "Mattan Erez",
        "Position": "Professor",
        "Research Interest": "Temple Foundation Faculty Fellowship #4",
        "Phone number": "512-471-7846"
    },
    {
        "Name": "Brian Evans",
        "Position": "Professor",
        "Research Interest": "Engineering Foundation Professorship in Engineering",
        "Phone number": "512-232-1457"
    },
    {
        "Name": "William Fagelson",
        "Position": "Associate Professor of Instruction",
        "Research Interest": "",
        "Phone number": "512-475-8864"
    },
    {
        "Name": "Mark Flynn",
        "Position": "Assistant Professor of Instruction",
        "Research Interest": "",
        "Phone number": "512-835-3027"
    },
    {
        "Name": "Vijay Garg",
        "Position": "Professor",
        "Research Interest": "Cullen Trust for Higher Education Endowed Professor in Engineering #5",
        "Phone number": "512-471-9424"
    },
    {
        "Name": "Andreas Gerstlauer",
        "Position": "Professor",
        "Research Interest": "Engineering Foundation Endowed Faculty Fellowship in Engineering, Associate Chair for Academic Affairs",
        "Phone number": "512-232-8294"
    },
    {
        "Name": "Ranjit Gharpurey",
        "Position": "Professor",
        "Research Interest": "Temple Foundation Fellowship #7",
        "Phone number": "512-232-7940"
    },
    {
        "Name": "Joydeep Ghosh",
        "Position": "Professor",
        "Research Interest": "Schlumberger Centennial Chair in Electrical Engineering",
        "Phone number": "512-471-8980"
    },
    {
        "Name": "Milos Gligoric",
        "Position": "Assistant Professor",
        "Research Interest": "",
        "Phone number": "Missing"
    },
    {
        "Name": "John Goodenough",
        "Position": "Professor",
        "Research Interest": "Virginia H. Cockrell Centennial Chair in Engineering",
        "Phone number": "512-471-1646"
    },
    {
        "Name": "Neal Hall",
        "Position": "Associate Professor",
        "Research Interest": "Temple Foundation Endowed Faculty Fellowship No. 5",
        "Phone number": "512-471-2349"
    },
    {
        "Name": "Gary Hallock",
        "Position": "Adjunct Professor",
        "Research Interest": "Archie W. Straiton Endowed Faculty Fellowship in Engineering",
        "Phone number": "512-471-4965"
    },
    {
        "Name": "Alex J. Hanson",
        "Position": "Assistant Professor",
        "Research Interest": "",
        "Phone number": "512-232-8110"
    },
    {
        "Name": "Robert Heath",
        "Position": "Adjunct Professor",
        "Research Interest": "Senior Research Scientist",
        "Phone number": "512-686-8225"
    },
    {
        "Name": "Archie L. Holmes Jr.",
        "Position": "Professor",
        "Research Interest": "Executive Vice Chancellor of Academic Affairs, UT System",
        "Phone number": "Missing"
    },
    {
        "Name": "Alex Q. Huang",
        "Position": "Professor",
        "Research Interest": "Dula D. Cockrell Centennial Chair in Engineering Director, Semiconductor Power Electronics Center",
        "Phone number": "512-232-6647, 512-232-1645"
    },
    {
        "Name": "Jean Anne Incorvia",
        "Position": "Assistant Professor",
        "Research Interest": "Fellow of Advanced Micro Devices (AMD) Chair in Computer Engineering",
        "Phone number": "737-808-4124"
    },
    {
        "Name": "Vijay Janapa Reddi",
        "Position": "Adjunct Faculty",
        "Research Interest": "",
        "Phone number": "Missing"
    },
    {
        "Name": "Lizy John",
        "Position": "Professor",
        "Research Interest": "Cullen Trust for Higher Education Endowed Professorship in Engineering #3",
        "Phone number": "512-232-1455"
    },
    {
        "Name": "Christine Julien",
        "Position": "Professor",
        "Research Interest": "Annis &amp; Jack Bowen Professorship in Engineering, Assistant Dean for Diversity, Equity and Inclusion",
        "Phone number": "512-232-5671"
    },
    {
        "Name": "Sarfraz Khurshid",
        "Position": "Professor",
        "Research Interest": "",
        "Phone number": "512-471-8244"
    },
    {
        "Name": "Hyeji Kim",
        "Position": "Assistant Professor",
        "Research Interest": "",
        "Phone number": "512-232-8117"
    },
    {
        "Name": "Jaydeep Kulkarni",
        "Position": "Assistant Professor",
        "Research Interest": "Fellow of Silicon Laboratories Endowed Chair in Electrical Engineering, Fellow of AMD Chair in Computer Engineering",
        "Phone number": "512-471-4802"
    },
    {
        "Name": "Jack Lee",
        "Position": "Professor",
        "Research Interest": "Cullen Trust for Higher Education Endowed Professorship in Engineering #4",
        "Phone number": "512-471-8423"
    },
    {
        "Name": "Ruochen Lu",
        "Position": "Assistant Professor",
        "Research Interest": "Beginning 2021",
        "Phone number": "Missing"
    },
    {
        "Name": "Diana Marculescu",
        "Position": "Professor",
        "Research Interest": "Motorola Regents Chair in Electrical and Computer Engineering #2, Cockrell Family Chair for Departmental Leadership #5",
        "Phone number": "512-471-6179, 512-232-8118"
    },
    {
        "Name": "Radu Marculescu",
        "Position": "Professor",
        "Research Interest": "Laura Jennings Turner Chair in Engineering",
        "Phone number": "512-232-8132"
    },
    {
        "Name": "Mark McDermott",
        "Position": "Professor of Practice",
        "Research Interest": "Entrepreneur in Residence",
        "Phone number": "512-471-3253"
    },
    {
        "Name": "Robert Metcalfe",
        "Position": "Professor",
        "Research Interest": "Professor of Innovation, Murchison Fellow of Free Enterprise",
        "Phone number": "Missing"
    },
    {
        "Name": "Jos\\xc3\\xa9 del R. Mill\\xc3\\xa1n",
        "Position": "Professor",
        "Research Interest": "Carol Cockrell Curran Endowed Chair",
        "Phone number": "512-232-8111"
    },
    {
        "Name": "Aryan Mokhtari",
        "Position": "Assistant Professor",
        "Research Interest": "",
        "Phone number": "512-232-8112"
    },
    {
        "Name": "Vallath Nandakumar",
        "Position": "Assistant Professor of Instruction",
        "Research Interest": "",
        "Phone number": "Missing"
    },
    {
        "Name": "Dean Neikirk",
        "Position": "Professor",
        "Research Interest": "Cullen Trust for Higher Education Endowed Professorship in Engineering #7, Associate Dean of Graduate Studies",
        "Phone number": "512-471-4669"
    },
    {
        "Name": "Evdokia Nikolova",
        "Position": "Assistant Professor",
        "Research Interest": "",
        "Phone number": "Missing"
    },
    {
        "Name": "Michael Orshansky",
        "Position": "Professor",
        "Research Interest": "John E. Kasch Endowed Faculty Fellowship in Engineering",
        "Phone number": "512-471-1082"
    },
    {
        "Name": "David Z. Pan",
        "Position": "Professor",
        "Research Interest": "Silicon Laboratories Endowed Chair in Electrical Engineering",
        "Phone number": "512-471-1436"
    },
    {
        "Name": "Yale Patt",
        "Position": "Professor",
        "Research Interest": "Ernest Cockrell, Jr. Centennial Chair in Engineering",
        "Phone number": "512-471-4085"
    },
    {
        "Name": "Emily Porter",
        "Position": "Assistant Professor",
        "Research Interest": "",
        "Phone number": "512-232-8114"
    },
    {
        "Name": "Mitchell Pryor",
        "Position": "Lecturer",
        "Research Interest": "",
        "Phone number": "512-471-5182"
    },
    {
        "Name": "L. Frank Register",
        "Position": "Professor",
        "Research Interest": "Herring Professorship",
        "Phone number": "512-232-1868"
    },
    {
        "Name": "Sujay Sanghavi",
        "Position": "Associate Professor",
        "Research Interest": "Fluor Centennial Teaching Fellowship in Engineering # 2",
        "Phone number": "512-475-9798"
    },
    {
        "Name": "Pedro Santacruz",
        "Position": "Assistant Professor of Instruction",
        "Research Interest": "",
        "Phone number": "512-471-3434"
    },
    {
        "Name": "Surya Santoso",
        "Position": "Professor",
        "Research Interest": "Engineering Foundation Centennial Teaching Fellowship in Electrical Engineering No. 2",
        "Phone number": "512-471-3371"
    },
    {
        "Name": "Sanjay Shakkottai",
        "Position": "Professor",
        "Research Interest": "Temple Foundation Endowed Professorship No. 4",
        "Phone number": "512-471-5376"
    },
    {
        "Name": "Shyam Shankar",
        "Position": "Assistant Professor",
        "Research Interest": "",
        "Phone number": "512-232-8115, 512-232-6123"
    },
    {
        "Name": "August Shi",
        "Position": "Assistant Professor",
        "Research Interest": "",
        "Phone number": "Missing"
    },
    {
        "Name": "Mark J.T. Smith",
        "Position": "Professor",
        "Research Interest": "Dean of the Graduate School, Senior Vice Provost for Academic Affairs",
        "Phone number": "512-232-3601"
    },
    {
        "Name": "David Soloveichik",
        "Position": "Assistant Professor",
        "Research Interest": "",
        "Phone number": "Missing"
    },
    {
        "Name": "Nan Sun",
        "Position": "Associate Professor",
        "Research Interest": "Fellow of Silicon Laboratories Endowed Chair in Electrical Engineering",
        "Phone number": "512-232-2051, 512-471-9565"
    },
    {
        "Name": "Dam Sunwoo",
        "Position": "Lecturer",
        "Research Interest": "",
        "Phone number": "Missing"
    },
    {
        "Name": "Earl Swartzlander",
        "Position": "Professor",
        "Research Interest": "",
        "Phone number": "512-471-5923"
    },
    {
        "Name": "Jon Tamir",
        "Position": "Assistant Professor",
        "Research Interest": "",
        "Phone number": "512-232-8116"
    },
    {
        "Name": "Nina Telang",
        "Position": "Associate Professor of Instruction",
        "Research Interest": "Kilby Fellow",
        "Phone number": "512-471-1363"
    },
    {
        "Name": "Vivek Telang",
        "Position": "Lecturer",
        "Research Interest": "",
        "Phone number": "Missing"
    },
    {
        "Name": "Ahmed Tewfik",
        "Position": "Professor",
        "Research Interest": "Cockrell Family Regents Chair in Engineering #1",
        "Phone number": "512-232-7920"
    },
    {
        "Name": "Andrea Thomaz",
        "Position": "Associate Professor",
        "Research Interest": "William J. Murray, Jr. Fellowship in Engineering #3",
        "Phone number": "512-471-6616"
    },
    {
        "Name": "Edison Thomaz",
        "Position": "Assistant Professor",
        "Research Interest": "",
        "Phone number": "512-471-6640"
    },
    {
        "Name": "Mohit Tiwari",
        "Position": "Associate Professor",
        "Research Interest": "",
        "Phone number": "512-471-6798"
    },
    {
        "Name": "Nur Touba",
        "Position": "Professor",
        "Research Interest": "General Motors Foundation Centennial Teaching Fellowship in Electrical Engineering",
        "Phone number": "512-232-1456"
    },
    {
        "Name": "Emanuel Tutuc",
        "Position": "Professor",
        "Research Interest": "B. N. Gafford Professorship in Electrical Engineering",
        "Phone number": "512-471-4960, 512-471-4313"
    },
    {
        "Name": "Jonathan Valvano",
        "Position": "Professor",
        "Research Interest": "Engineering Foundation Centennial Teaching Fellow in Electrical Engineering #1",
        "Phone number": "512-471-5141"
    },
    {
        "Name": "Haris Vikalo",
        "Position": "Professor",
        "Research Interest": "Jack Kilby / Texas Instruments Endowed Faculty Fellowship in Computer Engineering",
        "Phone number": "512-232-7922"
    },
    {
        "Name": "Sriram Vishwanath",
        "Position": "Professor",
        "Research Interest": "Raytheon Fellowship",
        "Phone number": "512-471-1190"
    },
    {
        "Name": "Atlas Wang",
        "Position": "Assistant Professor",
        "Research Interest": "",
        "Phone number": "Missing"
    },
    {
        "Name": "Daniel Wasserman",
        "Position": "Associate Professor",
        "Research Interest": "Mr. N. Doug Williams Memorial Centennial Fellowship in Engineering",
        "Phone number": "512-471-9818"
    },
    {
        "Name": "Ramesh Yerraballi",
        "Position": "Professor of Instruction",
        "Research Interest": "",
        "Phone number": "512-471-2080"
    },
    {
        "Name": "Ali Yilmaz",
        "Position": "Professor",
        "Research Interest": "",
        "Phone number": "512-471-2054"
    },
    {
        "Name": "Edward Yu",
        "Position": "Professor",
        "Research Interest": "Judson S. Swearingen Regents Chair in Engineering",
        "Phone number": "512-232-5167"
    },
    {
        "Name": "Ramin Zanbaghi",
        "Position": "Lecturer",
        "Research Interest": "",
        "Phone number": "Missing"
    },
    {
        "Name": "Hao Zhu",
        "Position": "Assistant Professor",
        "Research Interest": "",
        "Phone number": "512-471-1722"
    }
]