[
    {
        "Research Interest": "Also:   Biomedical Engineering",
        "Name": "Susan C. Hagness",
        "Position": "Philip Dunham Reed Professor",
        "Email": "susan.hagness@wisc.edu",
        "Phone number": ", (608) 265-5739"
    },
    {
        "Research Interest": "Research interests:  Applications of signal processing, probability, and statistics to finance, communications, and information theory.",
        "Name": "John A. Gubner",
        "Position": "Associate Chair for Operations, Professor",
        "Email": "John.Gubner@wisc.edu",
        "Phone number": ", (608) 263-1471"
    },
    {
        "Research Interest": "",
        "Name": "Bernard Lesieutre",
        "Position": "Associate Chair for Undergraduate Studies, Professor",
        "Email": "lesieutre@engr.wisc.edu",
        "Phone number": ", (608) 890-1883"
    },
    {
        "Research Interest": "Also:   Biomedical Engineering",
        "Name": "Barry Van Veen",
        "Position": "Associate Chair for Graduate and Online Studies, Lynn H. Matthias Professor",
        "Email": "vanveen@engr.wisc.edu",
        "Phone number": ", (608) 265-2488"
    },
    {
        "Research Interest": "Also:   College of Engineering",
        "Name": "Mark C. Allie",
        "Position": "Faculty Associate",
        "Email": "allie@engr.wisc.edu",
        "Phone number": ", (608) 262-3618"
    },
    {
        "Research Interest": "Research interests:  Plasmas and controlled fusion, electromagnetic fields and waves, magnet design, plasma transport and heating in torodial systems",
        "Name": "David T. Anderson",
        "Position": "Jim and Anne Sorden Professor",
        "Email": "dtanders@facstaff.wisc.edu",
        "Phone number": ", (608) 262-0172"
    },
    {
        "Research Interest": "Research interests:  Printed and flexible electronics, Electronically transduced biosensors, Print process control systems, Electronics from nanomaterials, Sensor design and validation, Distributed sensing arrays",
        "Name": "Joseph Andrews",
        "Position": "Assistant Professor",
        "Email": "joseph.andrews@wisc.edu",
        "Phone number": ", (608) 262-5343"
    },
    {
        "Research Interest": "Courses:   Click to see my courses",
        "Name": "Eduardo R. Arvelo",
        "Position": "Faculty Associate",
        "Email": "romeroarvelo@wisc.edu",
        "Phone number": ", (608) 265-3383"
    },
    {
        "Research Interest": "Research interests:  Mechanically-Tunable Antennas and Periodic Structures Origami electromagnetic structures, Foldable electromagnetic devices, Using stretching, deformation, or flexure to design reconfirugrable antennas, met...",
        "Name": "Nader Behdad",
        "Position": "Professor",
        "Email": "behdad@wisc.edu",
        "Phone number": ", (608) 262-8804"
    },
    {
        "Research Interest": "Also:   Materials Science and Engineering",
        "Name": "John Booske",
        "Position": "Duane H. and Dorothy M. Bluemke Professor, Vilas Distinguished Achievement Professor",
        "Email": "booske@engr.wisc.edu",
        "Phone number": ", (608) 890-0804"
    },
    {
        "Research Interest": "Also:   Materials Science and Engineering",
        "Name": "Dan Botez",
        "Position": "Philip Dunham Reed Professor",
        "Email": "botez@engr.wisc.edu",
        "Phone number": ", (608) 265-4643"
    },
    {
        "Research Interest": "Research interests:  Electronic Design Automation, System-level CAD for emerging nanotechnologies, Automation for post-Silicon debug of Integrated Circuits, Hardware security",
        "Name": "Azadeh Davoodi",
        "Position": "Professor",
        "Email": "adavoodi@wisc.edu",
        "Phone number": ", (608) 265-1145"
    },
    {
        "Research Interest": "Also:   Computer Sciences",
        "Name": "Kassem Fawaz",
        "Position": "Assistant Professor",
        "Email": "kfawaz@wisc.edu",
        "Phone number": ", (608) 890-0529"
    },
    {
        "Research Interest": "Research interests:  I do not perform research at this time",
        "Name": "Steven Fredette",
        "Position": "Faculty Associate",
        "Email": "fredette@wisc.edu",
        "Phone number": ", (608) 609-7911"
    },
    {
        "Research Interest": "Research interests:  Control of microgrids and power systems dominated by power electronics (i.e., low and no inertia systems), Grid-forming control of converter-interfaced renewable generation and energy storage devices, Grid-form...",
        "Name": "Dominic Gross",
        "Position": "Assistant Professor",
        "Email": "dominic.gross@wisc.edu",
        "Phone number": ", (608) 263-3106"
    },
    {
        "Research Interest": "Also:   Materials Science and Engineering",
        "Name": "William N. Hitchon",
        "Position": "Professor",
        "Email": "whitchon@yahoo.com",
        "Phone number": ", (608) 262-2501"
    },
    {
        "Research Interest": "Courses:   Click to see my courses",
        "Name": "Eric Hoffman",
        "Position": "Faculty Associate",
        "Email": "erichoffman@wisc.edu",
        "Phone number": ", (608) 212-3461"
    },
    {
        "Research Interest": "Research interests:  Design and implementation of signal processing algorithms, Computer aided design and physical design of VLSI,, Applications of pattern classification and machine learning algorithms to signal processing, Image ...",
        "Name": "Yu Hen Hu",
        "Position": "Professor",
        "Email": "hu@engr.wisc.edu",
        "Phone number": ", (608) 262-6724"
    },
    {
        "Research Interest": "Also:   Mechanical Engineering",
        "Name": "Thomas Jahns",
        "Position": "Grainger Professor of Power Electronics and Electrical Machines",
        "Email": "jahns@engr.wisc.edu",
        "Phone number": ", (608) 262-5702"
    },
    {
        "Research Interest": "Also:   Biomedical Engineering Materials Science and Engineering",
        "Name": "Hongrui Jiang",
        "Position": "Lynn H. Matthias Professor in Engineering & Vilas Distinguished Achievement Professor",
        "Email": "hongrui@engr.wisc.edu",
        "Phone number": ", (608) 265-9418"
    },
    {
        "Research Interest": "Research interests:  Information theory, network science, convex geometry",
        "Name": "Varun Jog",
        "Position": "Assistant Professor",
        "Email": "vjog@wisc.edu",
        "Phone number": "Missing"
    },
    {
        "Research Interest": "Also:   Materials Science and Engineering",
        "Name": "Mikhail Kats",
        "Position": "Jack St. Clair Kilby Associate Professor",
        "Email": "mkats@wisc.edu",
        "Phone number": ", (608) 890-3984"
    },
    {
        "Research Interest": "Research interests:  Medical device security, Powering the Internet-of-Things, Hybrid energy storage systems, Efficient energy harvesting, Embedded system power management",
        "Name": "Younghyun Kim",
        "Position": "Assistant Professor",
        "Email": "younghyun.kim@wisc.edu",
        "Phone number": ", (608) 262-6419"
    },
    {
        "Research Interest": "Also:   Materials Science and Engineering",
        "Name": "Irena Knezevic",
        "Position": "Patricia and Michael Splinter Professor in Electrical and Computer Engineering",
        "Email": "irena.knezevic@wisc.edu",
        "Phone number": ", (608) 890-3383"
    },
    {
        "Research Interest": "Research interests:  Embedded Systems Design I am not currently involved in research.",
        "Name": "Joe Krachey",
        "Position": "Faculty Associate",
        "Email": "jkrachey@wisc.edu",
        "Phone number": ", (608) 265-9007"
    },
    {
        "Research Interest": "Also:   Biomedical Engineering",
        "Name": "Bhuvana Krishnaswamy",
        "Position": "Assistant Professor",
        "Email": "bhuvana@ece.wisc.edu",
        "Phone number": ", (608) 265-7849"
    },
    {
        "Research Interest": "Research interests:  Machine learning, deep learning, information theory and coding",
        "Name": "Kangwook Lee",
        "Position": "Assistant Professor",
        "Email": "kangwook.lee@wisc.edu",
        "Phone number": "Missing"
    },
    {
        "Research Interest": "Also:   Computer Sciences",
        "Name": "Mikko Lipasti",
        "Position": "Philip Dunham Reed Professor",
        "Email": "mikko@engr.wisc.edu",
        "Phone number": ", (608) 265-2639"
    },
    {
        "Research Interest": "Also:   Mechanical Engineering Engineering Physics",
        "Name": "Daniel Ludois",
        "Position": "Jean van Bladel Associate Professor",
        "Email": "ludois@wisc.edu",
        "Phone number": ", 262-8211"
    },
    {
        "Research Interest": "Also:   Mechanical Engineering",
        "Name": "Chu Ma",
        "Position": "Assistant Professor, Grainger Institute Fellow",
        "Email": "chu.ma@wisc.edu",
        "Phone number": "Missing"
    },
    {
        "Research Interest": "Also:   College of Engineering Engineering Physics Materials Science and Engineering",
        "Name": "Zhenqiang Ma",
        "Position": "Lynn H. Matthias Professor in Engineering & Vilas Distinguished Achievement Professor",
        "Email": "mazq (at) engr dot wisc dot edu",
        "Phone number": ", (608) 261-1095"
    },
    {
        "Research Interest": "Courses:   Click to see my courses",
        "Name": "Matthew Malloy",
        "Position": "Adjunct Assistant Professor",
        "Email": "matthew.malloy@wisc.edu",
        "Phone number": "Missing"
    },
    {
        "Research Interest": "Also:   Materials Science and Engineering",
        "Name": "Luke J. Mawst",
        "Position": "Professor",
        "Email": "mawst@engr.wisc.edu",
        "Phone number": ", (608) 263-1705"
    },
    {
        "Research Interest": "Research interests:  Digital signal processing, acoustic analysis of speech, speech synthesis, More recently, I am applying concepts from Electrical Engineering non-linear system theory to robotic manipulators and related mechanica...",
        "Name": "Paul H. Milenkovic",
        "Position": "Associate Professor",
        "Email": "milenkovic@engr.wisc.edu",
        "Phone number": ", (608) 262-3892"
    },
    {
        "Research Interest": "Research interests:  Solid state semiconductor devices; Clean room semiconductor processing;",
        "Name": "Srdjan Milicic",
        "Position": "Faculty Associate",
        "Email": "smilicic.at.engr.wisc.edu",
        "Phone number": ", (608) 265-2982"
    },
    {
        "Research Interest": "Also:   Biomedical Engineering Computer Sciences",
        "Name": "Robert Nowak",
        "Position": "Keith and Jane Morgan Nosbusch Professorship in Electrical and Computer Engineering",
        "Email": "rdnowak@wisc.edu",
        "Phone number": ", (608) 265-3914"
    },
    {
        "Research Interest": "Missing",
        "Name": "Umit Ogras",
        "Position": "Associate Professor",
        "Email": "uogras@wisc.edu",
        "Phone number": "Missing"
    },
    {
        "Research Interest": "Research interests:   machine learning, coding theory, parallel and distributed algorithms",
        "Name": "Dimitris Papailiopoulos ",
        "Position": "Assistant Professor",
        "Email": " dimitris@ece.wisc.edu",
        "Phone number": "Missing"
    },
    {
        "Research Interest": "Also:   Computer Sciences",
        "Name": "Parameswaran (Parmesh) Ramanathan",
        "Position": "Professor, Associate Dean",
        "Email": "parmesh.ramanathan@wisc.edu",
        "Phone number": ", (608) 263-0557"
    },
    {
        "Research Interest": "Research interests:  Modelling, optimization and control of energy systems., Integration of renewable energy and resilience to uncertain events., Stochastic optimization.",
        "Name": "Line Roald",
        "Position": "Assistant Professor, Grainger Institute Fellow",
        "Email": "roald@wisc.edu",
        "Phone number": ", (608) 265-7815"
    },
    {
        "Research Interest": "Also:   Computer Sciences",
        "Name": "Joshua San Miguel",
        "Position": "Assistant Professor",
        "Email": "jsanmiguel@wisc.edu",
        "Phone number": ", (608) 890-2635"
    },
    {
        "Research Interest": "Also:   College of Engineering Mechanical Engineering",
        "Name": "Bulent Sarlioglu",
        "Position": "Associate Professor",
        "Email": "sarlioglu@wisc.edu",
        "Phone number": ", (608) 262-2703"
    },
    {
        "Research Interest": "Research interests:  Wireless communication and sensing, signal processing, communication and information theory, multipath propagation channels, time-frequency analysis, machine learning, applications and technology transfer",
        "Name": "Akbar Sayeed",
        "Position": "Professor",
        "Email": "akbar.sayeed@wisc.edu",
        "Phone number": ", (608) 265-4731"
    },
    {
        "Research Interest": "Research interests:  Signal processing with applications in acoustics, image processing, communications, and optimization.",
        "Name": "William A. Sethares",
        "Position": "Professor",
        "Email": "sethares@wisc.edu",
        "Phone number": ", (608) 262-5669"
    },
    {
        "Research Interest": "Also:   Mechanical Engineering",
        "Name": "Eric Severson",
        "Position": "Assistant Professor, Grainger Institute Fellow",
        "Email": "eric.severson@wisc.edu",
        "Phone number": ", (608) 890-1301"
    },
    {
        "Research Interest": "Also:   Biomedical Engineering Materials Science and Engineering",
        "Name": "Daniel van der Weide",
        "Position": "Professor",
        "Email": "danvdw@engr.wisc.edu",
        "Phone number": ", (608) 265-6561"
    },
    {
        "Research Interest": "Research interests:   C omputational imaging, ultra-fast and hyperspectral Imaging, biomedical imaging, 3D and non-line-of-sight imaging, imaging in scattering environments, fluorescence lifetime",
        "Name": "Andreas Velten",
        "Position": "Assistant Professor",
        "Email": "velten@wisc.edu",
        "Phone number": ", (505) 417-4710"
    },
    {
        "Research Interest": "Also:   Mechanical Engineering",
        "Name": "Giri Venkataramanan",
        "Position": "Professor",
        "Email": "giri@engr.wisc.edu",
        "Phone number": ", (608) 262-4479"
    },
    {
        "Research Interest": "Research interests:  Machine Learning, Statistical Inference, Crowdsourcing",
        "Name": "Ramya Korlakai Vinayak",
        "Position": "Assistant Professor",
        "Email": "ramya@ece.wisc.edu",
        "Phone number": "Missing"
    },
    {
        "Research Interest": "Also:   College of Engineering",
        "Name": "Ying Wang",
        "Position": "Assistant Professor",
        "Email": "y.wang@wisc.edu",
        "Phone number": "Missing"
    },
    {
        "Research Interest": "Also:   Materials Science and Engineering",
        "Name": "Amy E. Wendt",
        "Position": "Professor",
        "Email": "wendt@engr.wisc.edu",
        "Phone number": ", (608) 262-8407"
    },
    {
        "Research Interest": "Also:   Materials Science and Engineering",
        "Name": "Zongfu Yu",
        "Position": "Jack St. Clair Kilby Associate Professor",
        "Email": "zyu54@wisc.edu",
        "Phone number": ", (608) 263-1643"
    },
    {
        "Research Interest": "Also:   Computer Sciences",
        "Name": "Remzi Arpaci-Dusseau",
        "Position": "Professor",
        "Email": "remzi@cs.wisc.edu",
        "Phone number": ", (608) 263-7764"
    },
    {
        "Research Interest": "Research interests:  Networking and Distributed Systems, protocols, algorithms and architectures of such systems, peer-to-peer systems, multicast services, network security, services for mobile and wireless networks and network mea...",
        "Name": "Suman Banerjee",
        "Position": "Associate Professor (Affiliate)",
        "Email": "suman@cs.wisc.edu",
        "Phone number": ", (608) 262-7387"
    },
    {
        "Research Interest": "Also:   Materials Science and Engineering",
        "Name": "Jennifer Choy",
        "Position": "Assistant Professor",
        "Email": "jennifer.choy@wisc.edu",
        "Phone number": ", (608) 263-6974"
    },
    {
        "Research Interest": "Research interests:  Neural engineering, Neuroscience, Neuroimaging, Nanoelectronics &amp; Nanofabrication, Brain Machine Interfaces",
        "Name": "Aviad Hai",
        "Position": "Assistant Professor",
        "Email": "ahai@wisc.edu",
        "Phone number": ", (608) 890-3411"
    },
    {
        "Research Interest": "Also:   Computer Sciences",
        "Name": "Mark Hill",
        "Position": "Professor",
        "Email": "markhill@cs.wisc.edu",
        "Phone number": ", (608) 262-2196"
    },
    {
        "Research Interest": "Also:   Materials Science and Engineering Computer Sciences",
        "Name": "Dan Negrut",
        "Position": "Mead Witter Foundation Professor",
        "Email": "negrut@wisc.edu",
        "Phone number": ", (608) 265-6124"
    },
    {
        "Research Interest": "Research interests:  Social network analysis, data science",
        "Name": "Karl Rohe",
        "Position": "Associate Professor",
        "Email": "karlrohe@stat.wisc.edu",
        "Phone number": "Missing"
    },
    {
        "Research Interest": "Research interests:  My group develops sensors that help solve critical problems. Typically, we use swept-wavelength lasers to measure gas properties at kHz rates in various combustion systems such as reciprocating and aeropr...",
        "Name": "Scott T. Sanders",
        "Position": "Professor",
        "Email": "stsanders@wisc.edu",
        "Phone number": ", (608) 262-3540"
    },
    {
        "Research Interest": "Also:   Computer Sciences",
        "Name": "Karthikeyan Sankaralingam",
        "Position": "Professor",
        "Email": "karu@cs.wisc.edu",
        "Phone number": ", (608) 890-0121"
    },
    {
        "Research Interest": "Also:   Computer Sciences",
        "Name": "Matt Sinclair",
        "Position": "Assistant Professor",
        "Email": "msinclair@wisc.edu",
        "Phone number": "Missing"
    },
    {
        "Research Interest": "Research interests:  Elastography, In-vivo strain imaging, Signal &amp; Image Processing Applications in Medical Imaging, Ultrasound Tissue Characterization",
        "Name": "Tomy Varghese",
        "Position": "Professor",
        "Email": "tvarghese@wisc.edu",
        "Phone number": ", (608) 265-8797"
    },
    {
        "Research Interest": "Research interests:  Control theory, Control systems, Cyber-physical systems, Autonomy, Robotics",
        "Name": "Xiangru Xu",
        "Position": "Assistant Professor",
        "Email": "xiangru.xu@wisc.edu",
        "Phone number": ", (608) 262-2690"
    },
    {
        "Research Interest": "Research interests:  Multi-source remote sensing data fusion (e.g. hyperspectral, LiDAR, RGB); Machine learning;UAV-based imaging platform developments; Digital Agriculture; Image-based plant phenotyping.",
        "Name": "Zhou Zhang",
        "Position": "Assistant Professor",
        "Email": "zzhang347@wisc.edu",
        "Phone number": ", (608) 265-2575"
    },
    {
        "Research Interest": "Research interests:  Power systems, computer applications, power system security, computational engineering, sparse matrices",
        "Name": "Fernando L. Alvarado",
        "Position": "Emeritus Professor",
        "Email": "alvarado@engr.wisc.edu",
        "Phone number": ", (608) 262-8900"
    },
    {
        "Research Interest": "Research interests:   Modelling of Financial Markets, Computational Finance, Algorithmic Trading Systems, Optimization and Convexity, Applied Probability, Computational Complexity, Robustness of Sy...",
        "Name": "B Ross Barmish",
        "Position": "Professor",
        "Email": "barmish@engr.wisc.edu",
        "Phone number": "Missing"
    },
    {
        "Research Interest": "Also:   College of Engineering Computer Sciences",
        "Name": "Nigel Boston",
        "Position": "Professor",
        "Email": "boston@engr.wisc.edu",
        "Phone number": ", (608) 265-3817"
    },
    {
        "Research Interest": "Research interests:  Simulation of communication systems and networks, rare event simulation, digital and wireless communication systems",
        "Name": "James A. Bucklew",
        "Position": "Professor",
        "Email": "bucklew@engr.wisc.edu",
        "Phone number": ", (608) 262-3760"
    },
    {
        "Research Interest": "Research interests:  Analog and digital control theory, robust control of high bandwidth systems, singular perturbation theory, singular dynamical systems",
        "Name": "Daniel Cobb",
        "Position": "Associate Professor Emeritus",
        "Email": "dcobb@wisc.edu",
        "Phone number": "Missing"
    },
    {
        "Research Interest": "Research interests:  Computational complexity in computer-aided control analysis, nonlinear dynamics, electric power system stability, control systems, power systems",
        "Name": "Christopher Demarco",
        "Position": "Grainger Professor of Power Engineering",
        "Email": "demarco@engr.wisc.edu",
        "Phone number": ", (608) 262-5546"
    },
    {
        "Research Interest": "Research interests:  Distributed resources, Restructuring of electrical power system, Application of power electronics to utility systems, Simulation methods, Power electronic circuits and control, HVDC, SVC, FACTS and custom power...",
        "Name": "Robert H. Lasseter",
        "Position": "Emeritus Professor",
        "Email": "lasseter@engr.wisc.edu",
        "Phone number": ", (608) 262-0186"
    },
    {
        "Research Interest": "Research interests:  Power electronics, adjustable speed drives, ac motor drive systems, electric machines",
        "Name": "Thomas Lipo",
        "Position": "Grainger Professor of Power Electronics and Electrical Machines Emeritus",
        "Email": "lipo@engr.wisc.edu",
        "Phone number": ", (608) 262-0287"
    },
    {
        "Research Interest": "Also:   Materials Science Program",
        "Name": "Leon McCaughan",
        "Position": "Professor",
        "Email": "mccaughan@engr.wisc.edu",
        "Phone number": ", (608) 262-0311"
    },
    {
        "Research Interest": "Research interests:  Reconfigurable computer architectures, automated design for reconfigurable computing, operating system support for heterogeneous computing, systems-on-a-chip (SoCs)",
        "Name": "Katherine Morrow",
        "Position": "Associate Professor",
        "Email": "klmorrow@wisc.edu",
        "Phone number": ", (608) 265-3917"
    },
    {
        "Research Interest": "Missing",
        "Name": "Michael Morrow",
        "Position": "Faculty Associate",
        "Email": "mgmorrow@wisc.edu",
        "Phone number": "Missing"
    },
    {
        "Research Interest": "Research interests:  Magnetic systems design, machine control concepts, power electronics, electrical machines, motor drives",
        "Name": "Donald W. Novotny",
        "Position": "Emeritus Professor",
        "Email": "novotny@engr.wisc.edu",
        "Phone number": ", (608) 262-6926"
    },
    {
        "Research Interest": "Also:   Computer Sciences",
        "Name": "Kewal Saluja",
        "Position": "Professor Emeritus",
        "Email": "saluja@engr.wisc.edu",
        "Phone number": ", (608) 262-6490"
    },
    {
        "Research Interest": "Research interests:  Electromagnetic wave propagation and antennas for communications, Free-electron and excimer lasers, Microwave and millimeter wave amplifiers, Computer simulation of and experiments on plasma waves and radiofreq...",
        "Name": "John E. Scharer",
        "Position": "Professor Emeritus",
        "Email": "scharer@engr.wisc.edu",
        "Phone number": ", (608) 263-1614"
    },
    {
        "Research Interest": "Also:   Materials Science and Engineering",
        "Name": "J. Leon Shohet",
        "Position": "Professor",
        "Email": "shohet@engr.wisc.edu",
        "Phone number": ", (608) 262-1191"
    },
    {
        "Research Interest": "Research interests:  Semiconductor physics, interaction of microwaves with materials, propagation in anisotropic media, antennas, Vlasov converters, high-power microwave transmission and modeconversion systems, electromagnetic fiel...",
        "Name": "Ronald J. Vernon",
        "Position": "Emeritus Professor",
        "Email": "vernon@engr.wisc.edu",
        "Phone number": ", (608) 262-0774"
    }
]