[
    {
        "Position": "Lecturer",
        "Research Interest": "Research interests include computational electromagnetics",
        "Name": "Adel Al Weshah, Ph.D.",
        "Email": "Missing"
    },
    {
        "Position": "Lecturer",
        "Research Interest": "Research focus includes wire communications and digital signal processing",
        "Name": "Renny E. Badra",
        "Email": "Missing"
    },
    {
        "Position": "Professor and School Chair",
        "Research Interest": "Founding Chair, School of Electrical and Computer Engineering",
        "Name": "Fred Beyette, Ph.D.",
        "Email": "Missing"
    },
    {
        "Position": "Associate Professor",
        "Research Interest": "Specializes in Multispectral Imaging and Biometrics",
        "Name": "Thirimachos Bourlai",
        "Email": "Missing"
    },
    {
        "Position": "Associate Professor",
        "Research Interest": "NSF CAREER Award Recipient",
        "Name": "Mable Fok, Ph.D.",
        "Email": "Missing"
    },
    {
        "Position": "Professor",
        "Research Interest": "Advancing next-gen imaging techniques",
        "Name": "Mark Haidekker, Ph.D.",
        "Email": "Missing"
    },
    {
        "Position": "Professor",
        "Research Interest": "National Medal of Science & Education Laureate",
        "Name": "Takoi Hamrita, Ph.D.",
        "Email": "Missing"
    },
    {
        "Position": "Lecturer",
        "Research Interest": "Holds 21 design patents",
        "Name": "Chris Herring, Ph.D.",
        "Email": "Missing"
    },
    {
        "Position": "Professor",
        "Research Interest": "Research focus includes photonic devices",
        "Name": "Lawrence A. Hornak, Ph.D.",
        "Email": "Missing"
    },
    {
        "Position": "Assistant Professor",
        "Research Interest": "Scholarship focuses on cognitive learning processes",
        "Name": "Nathaniel Hunsu, Ph.D.",
        "Email": "Missing"
    },
    {
        "Position": "Associate Professor ",
        "Research Interest": "Leads Georgia Informatics Institutes",
        "Name": "Kyle Johnsen, Ph.D.",
        "Email": "Missing"
    },
    {
        "Position": "Associate Professor ",
        "Research Interest": "NSF CAREER Award Recipient",
        "Name": "Peter Kner, Ph.D.",
        "Email": "Missing"
    },
    {
        "Position": "Assistant Professor",
        "Research Interest": "Research focuses on engineering education",
        "Name": "Racheida Lewis, Ph.D.",
        "Email": "Missing"
    },
    {
        "Position": "Professor",
        "Research Interest": "Phenomics and plant robotics",
        "Name": "Changying &#8220;Charlie&#8221; Li, Ph.D.",
        "Email": "Missing"
    },
    {
        "Position": "Professor",
        "Research Interest": "NSF CAREER Award Winner",
        "Name": "Leidong Mao, Ph.D.",
        "Email": "Missing"
    },
    {
        "Position": "Associate Professor",
        "Research Interest": "Explores complex system controls",
        "Name": "Javad Mohammadpour, Ph.D.",
        "Email": "Missing"
    },
    {
        "Position": "Associate Director, Engineering Education Transformations Institute",
        "Research Interest": "Studies faculty development & institutional change",
        "Name": "John R. Morelock, Ph.D.",
        "Email": "Missing"
    },
    {
        "Position": "Professor of Practice",
        "Research Interest": "AI and Machine Learning Researcher",
        "Name": "Jagannath Rao",
        "Email": "Missing"
    },
    {
        "Position": "Georgia Power Mickey A. Brown Professor in Engineering",
        "Research Interest": "Advancing cyber-physical systems",
        "Name": "WenZhan Song, Ph.D.",
        "Email": "Missing"
    },
    {
        "Position": "Lecturer",
        "Research Interest": "Specializes in undergraduate instruction and control systems",
        "Name": "Mark Trudgen, Ph.D.",
        "Email": "Missing"
    },
    {
        "Position": "Assistant Professor",
        "Research Interest": "Advancing virtual drug discovery",
        "Name": "Zhong-Ru (Paul) Xie, Ph.D.",
        "Email": "Missing"
    },
    {
        "Position": "Professor ",
        "Research Interest": "Created single-cell diode from DNA",
        "Name": "Bingqian Xu, Ph.D.",
        "Email": "Missing"
    },
    {
        "Position": "Senior Lecturer and Cleanroom Manager",
        "Research Interest": "Making solar energy more efficient",
        "Name": "Kun Yao, Ph.D.",
        "Email": "Missing"
    },
    {
        "Position": "Assistant Professor",
        "Research Interest": "Studies power electronics and electric machines",
        "Name": "Jin Ye, Ph.D.",
        "Email": "Missing"
    }
]