[
    {
        "Position": "Professor and Chair",
        "Phone number": "530-752-8023",
        "Email": "aknoesen@ucdavis.edu",
        "Name": "Andr\\xc3\\xa9 Knoesen",
        "Research Interest": "Missing"
    },
    {
        "Position": "Associate Professor ",
        "Phone number": "hhomayoun@ucdavis.edu",
        "Email": "https://www.ece.ucdavis.edu/~hhomayou/",
        "Name": "Houman Homayoun",
        "Research Interest": "Missing"
    },
    {
        "Position": "Distinguished Professor",
        "Phone number": "530-752-9581",
        "Email": "jwoodall@ucdavis.edu",
        "Name": "Jerry M. Woodall",
        "Research Interest": "Missing"
    },
    {
        "Position": "Distinguished Professor",
        "Phone number": "3017 Kemper",
        "Email": "ncluhmann@ucdavis.edu",
        "Name": "Neville C. Luhmann Jr.",
        "Research Interest": "Missing"
    },
    {
        "Position": "Professor",
        "Phone number": "530-754-4370",
        "Email": "bhkolner@ucdavis.edu",
        "Name": "Brian Kolner",
        "Research Interest": "Missing"
    },
    {
        "Position": "Professor",
        "Phone number": "530-752-1423",
        "Email": "rick.branner@gmail.com",
        "Name": "G. Rick Branner",
        "Research Interest": "Missing"
    },
    {
        "Position": "Associate Professor",
        "Phone number": "530-752-5545",
        "Email": "halasaad@ece.ucdavis.edu",
        "Name": "Hussain Al-Asaad",
        "Research Interest": "Missing"
    },
    {
        "Position": "Professor",
        "Phone number": "530-341-2522",
        "Email": "ramirtha@ucdavis.edu",
        "Name": "Rajeevan Amirtharajah",
        "Research Interest": "Missing"
    },
    {
        "Position": "Distinguished Professor",
        "Phone number": "530-752-7063",
        "Email": "sbyoo@ucdavis.edu",
        "Name": "S.J. Ben Yoo",
        "Research Interest": "Missing"
    },
    {
        "Position": "Professor",
        "Phone number": "530-754-0872",
        "Email": "jnmunday@ucdavis.edu",
        "Name": "Jeremy Munday",
        "Research Interest": "Missing"
    }
]