[
    {
        "Research Interest": "Missing",
        "Position": "Department Chair &amp; Professor",
        "Name": "Bruno Sinopoli",
        "Phone number": "Missing"
    },
    {
        "Research Interest": "Missing",
        "Position": "Professor of Practice",
        "Name": "Dedric Carter",
        "Phone number": "Missing"
    },
    {
        "Research Interest": "Missing",
        "Position": "Professor",
        "Name": "Shantanu Chakrabartty",
        "Phone number": "Missing"
    },
    {
        "Research Interest": "Missing",
        "Position": "Associate Professor",
        "Name": "ShiNung Ching",
        "Phone number": "Missing"
    },
    {
        "Research Interest": "Missing",
        "Position": "Teaching Professor",
        "Name": "James Feher",
        "Phone number": "Missing"
    },
    {
        "Research Interest": "Missing",
        "Position": "Senior Lecturer",
        "Name": "Martha Hasting",
        "Phone number": "Missing"
    },
    {
        "Research Interest": "Missing",
        "Position": "Research Assistant Professor",
        "Name": "Su Huang",
        "Phone number": "Missing"
    },
    {
        "Research Interest": "Missing",
        "Position": "Assistant Professor",
        "Name": "Ulugbek Kamilov",
        "Phone number": "Missing"
    },
    {
        "Research Interest": "Missing",
        "Position": "Senior Lecturer",
        "Name": "Vladimir Kurenok",
        "Phone number": "Missing"
    },
    {
        "Research Interest": "Missing",
        "Position": "Assistant Professor",
        "Name": "Matthew Lew",
        "Phone number": "Missing"
    },
    {
        "Research Interest": "Missing",
        "Position": "Professor",
        "Name": "Jr-Shin Li",
        "Phone number": "Missing"
    },
    {
        "Research Interest": "Missing",
        "Position": "Professor of Practice",
        "Name": "Dennis Mell",
        "Phone number": "Missing"
    },
    {
        "Research Interest": "Missing",
        "Position": "Professor",
        "Name": "Arye Nehorai",
        "Phone number": "Missing"
    },
    {
        "Research Interest": "Missing",
        "Position": "Lecturer",
        "Name": "Tsitsi Nussinov",
        "Phone number": "Missing"
    },
    {
        "Research Interest": "Missing",
        "Position": "Professor",
        "Name": "Joseph O\\'Sullivan",
        "Phone number": "Missing"
    },
    {
        "Research Interest": "Missing",
        "Position": "Professor",
        "Name": "Neal Patwari",
        "Phone number": "Missing"
    },
    {
        "Research Interest": "Missing",
        "Position": "Professor of Practice",
        "Name": "Ed Richter",
        "Phone number": "Missing"
    },
    {
        "Research Interest": "Missing",
        "Position": "Associate Professor",
        "Name": "Jung-Tsung Shen",
        "Phone number": "Missing"
    },
    {
        "Research Interest": "Missing",
        "Position": "Professor of Practice",
        "Name": "Jason Trobaugh",
        "Phone number": "Missing"
    },
    {
        "Research Interest": "Missing",
        "Position": "Research Assistant Professor",
        "Name": "Umberto Villa",
        "Phone number": "Missing"
    },
    {
        "Research Interest": "Missing",
        "Position": "Assistant Professor",
        "Name": "Yong Wang",
        "Phone number": "Missing"
    },
    {
        "Research Interest": "Missing",
        "Position": "Lecturer",
        "Name": "Yunjing (Dorothy) Wang",
        "Phone number": "Missing"
    },
    {
        "Research Interest": "Missing",
        "Position": "Assistant Professor",
        "Name": "Chuan Wang",
        "Phone number": "Missing"
    },
    {
        "Research Interest": "Missing",
        "Position": "Professor",
        "Name": "Lan Yang",
        "Phone number": "Missing"
    },
    {
        "Research Interest": "Missing",
        "Position": "Assistant Professor",
        "Name": "Shen Zeng",
        "Phone number": "Missing"
    },
    {
        "Research Interest": "Missing",
        "Position": "Assistant Professor",
        "Name": "Xuan \\'Silvia\\' Zhang",
        "Phone number": "Missing"
    },
    {
        "Research Interest": "Missing",
        "Position": "Senior Lecturer",
        "Name": "Jinsong Zhang",
        "Phone number": "Missing"
    },
    {
        "Research Interest": "Missing",
        "Position": "Senior Professor",
        "Name": "Martin Arthur",
        "Phone number": "Missing"
    },
    {
        "Research Interest": "Missing",
        "Position": "Senior Professor",
        "Name": "Paul Min",
        "Phone number": "Missing"
    },
    {
        "Research Interest": "Missing",
        "Position": "Senior Professor",
        "Name": "Robert E. Morley, Jr.",
        "Phone number": "Missing"
    },
    {
        "Research Interest": "Missing",
        "Position": "Senior Professor",
        "Name": "Hiro Mukai",
        "Phone number": "Missing"
    },
    {
        "Research Interest": "Missing",
        "Position": "Senior Professor",
        "Name": "William Pickard",
        "Phone number": "Missing"
    },
    {
        "Research Interest": "Missing",
        "Position": "Senior Professor",
        "Name": "Daniel Rode",
        "Phone number": "Missing"
    },
    {
        "Research Interest": "Missing",
        "Position": "Senior Professor",
        "Name": "Ervin Rodin",
        "Phone number": "Missing"
    },
    {
        "Research Interest": "Missing",
        "Position": "Senior Professor",
        "Name": "Heinz Schaettler",
        "Phone number": "Missing"
    },
    {
        "Research Interest": "Missing",
        "Position": "Senior Professor",
        "Name": "Barbara Shrauner",
        "Phone number": "Missing"
    },
    {
        "Research Interest": "Missing",
        "Position": "Senior Professor",
        "Name": "Donald Snyder",
        "Phone number": "Missing"
    },
    {
        "Research Interest": "Missing",
        "Position": "Senior Professor",
        "Name": "Barry Spielman",
        "Phone number": "Missing"
    },
    {
        "Research Interest": "Missing",
        "Position": "Senior Professor",
        "Name": "TJ Tarn",
        "Phone number": "Missing"
    },
    {
        "Research Interest": "Missing",
        "Position": "Missing",
        "Name": "Abhinav Jha",
        "Phone number": "Missing"
    },
    {
        "Research Interest": "Missing",
        "Position": "Missing",
        "Name": "Kater Murch",
        "Phone number": "Missing"
    },
    {
        "Research Interest": "Missing",
        "Position": "Missing",
        "Name": "Barani Raman",
        "Phone number": "Missing"
    },
    {
        "Research Interest": "Missing",
        "Position": "Missing",
        "Name": "Aris Sotiras",
        "Phone number": "Missing"
    },
    {
        "Research Interest": "Missing",
        "Position": "Missing",
        "Name": "Yuan-Chuan Tai",
        "Phone number": "Missing"
    },
    {
        "Research Interest": "Missing",
        "Position": "Missing",
        "Name": "Quing Zhu",
        "Phone number": "Missing"
    }
]