[
    {
        "Name": "Jung Han",
        "Research Interest": "Missing",
        "Position": "Professor"
    },
    {
        "Name": "Wenjun Hu",
        "Research Interest": "Missing",
        "Position": "Assistant Professor"
    },
    {
        "Name": "Amin Karbasi",
        "Research Interest": "Missing",
        "Position": "Associate Professor"
    },
    {
        "Name": "Roman Kuc",
        "Research Interest": "Missing",
        "Position": "Professor"
    },
    {
        "Name": "Tso-Ping Ma",
        "Research Interest": "Missing",
        "Position": "Professor"
    },
    {
        "Name": "Rajit Manohar",
        "Research Interest": "Missing",
        "Position": "Professor"
    },
    {
        "Name": "A. Stephen Morse",
        "Research Interest": "Missing",
        "Position": "Professor"
    },
    {
        "Name": "Kumpati S. Narendra",
        "Research Interest": "Missing",
        "Position": "Professor"
    },
    {
        "Name": "Priyadarshini Panda",
        "Research Interest": "Missing",
        "Position": "Assistant Professor"
    },
    {
        "Name": "Mark A. Reed",
        "Research Interest": "Missing",
        "Position": "Professor"
    },
    {
        "Name": "Jakub Szefer",
        "Research Interest": "Missing",
        "Position": "Associate Professor"
    },
    {
        "Name": "Hong Tang",
        "Research Interest": "Missing",
        "Position": "Professor"
    },
    {
        "Name": "Leandros Tassiulas",
        "Research Interest": "Missing",
        "Position": "Professor"
    },
    {
        "Name": "J. Rimas Vaisnys",
        "Research Interest": "Missing",
        "Position": "Professor"
    },
    {
        "Name": "Fengnian Xia",
        "Research Interest": "Missing",
        "Position": "Associate Professor"
    },
    {
        "Name": "Hui Cao",
        "Research Interest": "Missing",
        "Position": "Professor"
    },
    {
        "Name": "James Duncan",
        "Research Interest": "Missing",
        "Position": "Professor"
    },
    {
        "Name": "Daniel E. Prober",
        "Research Interest": "Missing",
        "Position": "Professor"
    },
    {
        "Name": "Lawrence H. Staib",
        "Research Interest": "Missing",
        "Position": "Professor"
    },
    {
        "Name": "Hemant D. Tagare",
        "Research Interest": "Missing",
        "Position": "Professor"
    },
    {
        "Name": "Sekhar Tatikonda",
        "Research Interest": "Missing",
        "Position": "Associate Professor"
    },
    {
        "Name": "Y. Richard Yang",
        "Research Interest": "Missing",
        "Position": "Professor"
    },
    {
        "Name": "Richard A. Lethin",
        "Research Interest": "Missing",
        "Position": "Senior Lecturer"
    }
]