[
    {
        "Position": "Associate Professor &#038; Director of Graduate Studies",
        "Name": "Jonathan Appavoo",
        "Research Interest": "Missing",
        "Phone number": "Missing",
        "Email": "Missing"
    },
    {
        "Position": "Assistant Professor",
        "Name": "Manos Athanassoulis",
        "Research Interest": "Missing",
        "Phone number": "Missing",
        "Email": "Missing"
    },
    {
        "Position": "Lecturer",
        "Name": "Abbas Attarwala",
        "Research Interest": "Missing",
        "Phone number": "Missing",
        "Email": "Missing"
    },
    {
        "Position": "Lecturer",
        "Name": "Vahid Azadeh-Ranjbar",
        "Research Interest": "Missing",
        "Phone number": "Missing",
        "Email": "Missing"
    },
    {
        "Position": "Research Assistant Professor",
        "Name": "Sarah Adel Bargal",
        "Research Interest": "Missing",
        "Phone number": "Missing",
        "Email": "Missing"
    },
    {
        "Position": "Associate Professor of Biology and Computer Science; Program in Bioinformatics",
        "Name": "Gary Benson",
        "Research Interest": "Missing",
        "Phone number": "Missing",
        "Email": "Missing"
    },
    {
        "Position": "Professor &#038; Associate Provost for Computing &#038; Data Sciences",
        "Name": "Azer Bestavros",
        "Research Interest": "Missing",
        "Phone number": "Missing",
        "Email": "Missing"
    },
    {
        "Position": "Professor &#038; Director of MS in AI",
        "Name": "Margrit Betke",
        "Research Interest": "Missing",
        "Phone number": "Missing",
        "Email": "Missing"
    },
    {
        "Position": "Assistant Professor",
        "Name": "Mark Bun",
        "Research Interest": "Missing",
        "Phone number": "Missing",
        "Email": "Missing"
    },
    {
        "Position": "Professor &#038; Associate Dean of the Faculty for Mathematical &#038; Computational Sciences",
        "Name": "John Byers",
        "Research Interest": "Missing",
        "Phone number": "Missing",
        "Email": "Missing"
    },
    {
        "Position": "Professor",
        "Name": "Ran Canetti",
        "Research Interest": "Missing",
        "Phone number": "Missing",
        "Email": "Missing"
    },
    {
        "Position": "Assistant Professor",
        "Name": "Ed Chien",
        "Research Interest": "Missing",
        "Phone number": "Missing",
        "Email": "Missing"
    },
    {
        "Position": "Research Professor",
        "Name": "Sang (&#8220;Peter&#8221;) Chin",
        "Research Interest": "Missing",
        "Phone number": "Missing",
        "Email": "Missing"
    },
    {
        "Position": "Professor",
        "Name": "Mark Crovella",
        "Research Interest": "Missing",
        "Phone number": "Missing",
        "Email": "Missing"
    },
    {
        "Position": "Lecturer",
        "Name": "Perry Donham",
        "Research Interest": "Missing",
        "Phone number": "Missing",
        "Email": "Missing"
    },
    {
        "Position": "PT Lecturer",
        "Name": "Sherief El-Sheikh",
        "Research Interest": "Missing",
        "Phone number": "Missing",
        "Email": "Missing"
    },
    {
        "Position": "Assistant Professor",
        "Name": "Alina Ene",
        "Research Interest": "Missing",
        "Phone number": "Missing",
        "Email": "Missing"
    },
    {
        "Position": "Lecturer &#038; Undergraduate Program Director",
        "Name": "Dora Erdos",
        "Research Interest": "Missing",
        "Phone number": "Missing",
        "Email": "Missing"
    },
    {
        "Position": "Assistant Professor",
        "Name": "Marco Gaboardi",
        "Research Interest": "Missing",
        "Phone number": "Missing",
        "Email": "Missing"
    },
    {
        "Position": "Professor",
        "Name": "Peter Gacs",
        "Research Interest": "Missing",
        "Phone number": "Missing",
        "Email": "Missing"
    },
    {
        "Position": "PT Lecturer",
        "Name": "Lance Galletti",
        "Research Interest": "Missing",
        "Phone number": "Missing",
        "Email": "Missing"
    },
    {
        "Position": "Associate Professor",
        "Name": "Sharon Goldberg",
        "Research Interest": "Missing",
        "Phone number": "Missing",
        "Email": "Missing"
    },
    {
        "Position": "Professor &#038; Director of PhD Admissions",
        "Name": "Steve Homer",
        "Research Interest": "Missing",
        "Phone number": "Missing",
        "Email": "Missing"
    },
    {
        "Position": "Assistant Professor",
        "Name": "Vasiliki Kalavri",
        "Research Interest": "Missing",
        "Phone number": "Missing",
        "Email": "Missing"
    },
    {
        "Position": "Research Assistant Professor",
        "Name": "Gabe Kaptchuk",
        "Research Interest": "Missing",
        "Phone number": "Missing",
        "Email": "Missing"
    },
    {
        "Position": "Professor",
        "Name": "Assaf Kfoury",
        "Research Interest": "Missing",
        "Phone number": "Missing",
        "Email": "Missing"
    },
    {
        "Position": "Professor",
        "Name": "George Kollios",
        "Research Interest": "Missing",
        "Phone number": "Missing",
        "Email": "Missing"
    },
    {
        "Position": "Professor",
        "Name": "Leonid Levin",
        "Research Interest": "Missing",
        "Phone number": "Missing",
        "Email": "Missing"
    },
    {
        "Position": "Adjunct Assistant Professor",
        "Name": "John Liagouris",
        "Research Interest": "Missing",
        "Phone number": "Missing",
        "Email": "Missing"
    },
    {
        "Position": "Assistant Professor",
        "Name": "Renato Mancuso",
        "Research Interest": "Missing",
        "Phone number": "Missing",
        "Email": "Missing"
    },
    {
        "Position": "Professor &#038; Chair",
        "Name": "Abraham Matta",
        "Research Interest": "Missing",
        "Phone number": "Missing",
        "Email": "Missing"
    },
    {
        "Position": "Adjunct Assistant Professor",
        "Name": "Lorenzo Orecchia",
        "Research Interest": "Missing",
        "Phone number": "Missing",
        "Email": "Missing"
    },
    {
        "Position": "Lecturer &#038; Director of Masters Studies",
        "Name": "Christine Papadakis-Kanaris",
        "Research Interest": "Missing",
        "Phone number": "Missing",
        "Email": "Missing"
    },
    {
        "Position": "Assistant Professor",
        "Name": "Bryan Plummer",
        "Research Interest": "Missing",
        "Phone number": "Missing",
        "Email": "Missing"
    },
    {
        "Position": "Professor &#038; Associate Chair of the Faculty",
        "Name": "Sofya Raskhodnikova",
        "Research Interest": "Missing",
        "Phone number": "Missing",
        "Email": "Missing"
    },
    {
        "Position": "Professor",
        "Name": "Leonid Reyzin",
        "Research Interest": "Missing",
        "Phone number": "Missing",
        "Email": "Missing"
    },
    {
        "Position": "Associate Professor",
        "Name": "Kate Saenko",
        "Research Interest": "Missing",
        "Phone number": "Missing",
        "Email": "Missing"
    },
    {
        "Position": "Adjunct Assistant Professor",
        "Name": "Mehrnoosh Sameki",
        "Research Interest": "Missing",
        "Phone number": "Missing",
        "Email": "Missing"
    },
    {
        "Position": "Professor &#038; Dean of the College of Arts &#038; Sciences",
        "Name": "Stan Sclaroff",
        "Research Interest": "Missing",
        "Phone number": "Missing",
        "Email": "Missing"
    },
    {
        "Position": "Professor",
        "Name": "Adam Smith",
        "Research Interest": "Missing",
        "Phone number": "Missing",
        "Email": "Missing"
    },
    {
        "Position": "Associate Professor &#038; Director of Undergraduate Studies",
        "Name": "Wayne Snyder",
        "Research Interest": "Missing",
        "Phone number": "Missing",
        "Email": "Missing"
    },
    {
        "Position": "Senior Lecturer",
        "Name": "Aaron Stevens",
        "Research Interest": "Missing",
        "Phone number": "Missing",
        "Email": "Missing"
    },
    {
        "Position": "Research Professor",
        "Name": "Alley Stoughton",
        "Research Interest": "Missing",
        "Phone number": "Missing",
        "Email": "Missing"
    },
    {
        "Position": "Master Lecturer &#038; Director of Peer Education &#038; Assessment",
        "Name": "Dave Sullivan",
        "Research Interest": "Missing",
        "Phone number": "Missing",
        "Email": "Missing"
    },
    {
        "Position": "Professor &#038; Associate Chair of Academics",
        "Name": "Evimaria Terzi",
        "Research Interest": "Missing",
        "Phone number": "Missing",
        "Email": "Missing"
    },
    {
        "Position": "Assistant Professor",
        "Name": "Charalampos Tsourakakis",
        "Research Interest": "Missing",
        "Phone number": "Missing",
        "Email": "Missing"
    },
    {
        "Position": "Research Associate Professor",
        "Name": "Mayank Varia",
        "Research Interest": "Missing",
        "Phone number": "Missing",
        "Email": "Missing"
    },
    {
        "Position": "Professor",
        "Name": "Rich West",
        "Research Interest": "Missing",
        "Phone number": "Missing",
        "Email": "Missing"
    },
    {
        "Position": "Assistant Professor",
        "Name": "Emily Whiting",
        "Research Interest": "Missing",
        "Phone number": "Missing",
        "Email": "Missing"
    },
    {
        "Position": "Assistant Professor",
        "Name": "Derry Wijaya",
        "Research Interest": "Missing",
        "Phone number": "Missing",
        "Email": "Missing"
    },
    {
        "Position": "Associate Professor &#038; Director of Masters Admissions",
        "Name": "Hongwei Xi",
        "Research Interest": "Missing",
        "Phone number": "Missing",
        "Email": "Missing"
    },
    {
        "Position": "Assistant Professor &#8211; Electrical &#038; Computer Engineering",
        "Name": "Manuel Egele",
        "Research Interest": "Missing",
        "Phone number": "Missing",
        "Email": "Missing"
    },
    {
        "Position": "Assistant Professor of Emerging Media &#8211; College Communications",
        "Name": "Lei Guo",
        "Research Interest": "Missing",
        "Phone number": "Missing",
        "Email": "Missing"
    },
    {
        "Position": "Professor &#8211; Electrical &#038; Computer Engineering",
        "Name": "Prakash Ishwar",
        "Research Interest": "Missing",
        "Phone number": "Missing",
        "Email": "Missing"
    },
    {
        "Position": "Professor &#8211; Biomedical Engineering",
        "Name": "Simon Kasif",
        "Research Interest": "Missing",
        "Phone number": "Missing",
        "Email": "Missing"
    },
    {
        "Position": "Assistant Professor Boston University School of Medicine",
        "Name": "Vijaya Kolachalama",
        "Research Interest": "Missing",
        "Phone number": "Missing",
        "Email": "Missing"
    },
    {
        "Position": "Professor &#8211; Electrical &#038; Computer Engineering",
        "Name": "Orran Krieger",
        "Research Interest": "Missing",
        "Phone number": "Missing",
        "Email": "Missing"
    },
    {
        "Position": "Associate Professor &#8211; Electrical &#038; Computer Engineering",
        "Name": "Brian Kulis",
        "Research Interest": "Missing",
        "Phone number": "Missing",
        "Email": "Missing"
    },
    {
        "Position": "Assistant Professor \\xe2\\x80\\x93 Electrical &#038; Computer Engineering",
        "Name": "Wenchao Li",
        "Research Interest": "Missing",
        "Phone number": "Missing",
        "Email": "Missing"
    },
    {
        "Position": "Assistant Professor &#8211; Electrical &#038; Computer Engineering",
        "Name": "Francesco Orabona",
        "Research Interest": "Missing",
        "Phone number": "Missing",
        "Email": "Missing"
    },
    {
        "Position": "Professor \\xe2\\x80\\x93 Electrical &#038; Computer Engineering",
        "Name": "Venkatesh Saligrama",
        "Research Interest": "Missing",
        "Phone number": "Missing",
        "Email": "Missing"
    },
    {
        "Position": "Professor \\xe2\\x80\\x93 Electrical &#038; Computer Engineering",
        "Name": "David Starobinski",
        "Research Interest": "Missing",
        "Phone number": "Missing",
        "Email": "Missing"
    },
    {
        "Position": "Assistant Professor &#8211; Electrical &#038; Computer Engineering",
        "Name": "Gianluca Stringhini",
        "Research Interest": "Missing",
        "Phone number": "Missing",
        "Email": "Missing"
    },
    {
        "Position": "Professor &#8211; Electrical &#038; Computer Engineering",
        "Name": "Ari Trachtenberg",
        "Research Interest": "Missing",
        "Phone number": "Missing",
        "Email": "Missing"
    },
    {
        "Position": "Assistant Professor of Marketing &#8211; Questrom School of Business",
        "Name": "Georgios Zervas",
        "Research Interest": "Missing",
        "Phone number": "Missing",
        "Email": "Missing"
    }
]