[
    {
        "Name": "Sergio Alvarez",
        "Email": "alvarez@bc.edu",
        "Position": "Associate Professor",
        "Research Interest": "Missing",
        "Phone number": "617-552-4333"
    },
    {
        "Name": "Jos\u00e9 Bento",
        "Email": "jose.bento@bc.edu",
        "Position": "Associate Professor",
        "Research Interest": "Missing",
        "Phone number": "617-552-1780"
    },
    {
        "Name": "Anjum Biswas",
        "Email": "anjum.biswas@bc.edu",
        "Position": "Lecturer",
        "Research Interest": "Missing",
        "Phone number": "617-552-2757"
    },
    {
        "Name": "Naomi Bolotin",
        "Email": "naomi.bolotin@bc.edu",
        "Position": "Visiting Associate Professor",
        "Research Interest": "Missing",
        "Phone number": ""
    },
    {
        "Name": "William Griffith",
        "Email": "william.griffith@bc.edu",
        "Position": "Associate Professor of the Practice",
        "Research Interest": "Missing",
        "Phone number": "617-552-1703"
    },
    {
        "Name": "Nam Wook Kim",
        "Email": "nam.wook.kim@bc.edu",
        "Position": "Assistant Professor",
        "Research Interest": "Missing",
        "Phone number": "617-552-8003"
    },
    {
        "Name": "Carl McTague",
        "Email": "carl.mctague@bc.edu",
        "Position": "Visiting Assistant Professor",
        "Research Interest": "Missing",
        "Phone number": "617-552-6907"
    },
    {
        "Name": "Robert Muller",
        "Email": "muller@bc.edu",
        "Position": "Associate Professor",
        "Research Interest": "Missing",
        "Phone number": "617-552-3964"
    },
    {
        "Name": "Emily Prud'hommeaux",
        "Email": "prudhome@bc.edu",
        "Position": "Gianinno Family Sesquicentennial Assistant Professor",
        "Research Interest": "Missing",
        "Phone number": "617-552-3928"
    },
    {
        "Name": "Maira Samary",
        "Email": "marquemo@bc.edu",
        "Position": "Visiting Assistant Professor",
        "Research Interest": "Missing",
        "Phone number": ""
    },
    {
        "Name": "Howard Straubing",
        "Email": "straubin@cs.bc.edu",
        "Position": "Chairperson and Professor",
        "Research Interest": "Missing",
        "Phone number": "617-552-3977"
    },
    {
        "Name": "Hsin-Hao Su",
        "Email": "suhx@bc.edu",
        "Position": "Assistant Professor",
        "Research Interest": "Missing",
        "Phone number": "617-552-8351"
    },
    {
        "Name": "Joseph Tassarotti",
        "Email": "tassarot@bc.edu",
        "Position": "Assistant Professor",
        "Research Interest": "Missing",
        "Phone number": "617-552-6905"
    },
    {
        "Name": "Jean-Baptiste Tristan",
        "Email": "tristanj@bc.edu",
        "Position": "Associate Professor",
        "Research Interest": "Missing",
        "Phone number": ""
    },
    {
        "Name": "Lewis Tseng",
        "Email": "lewis.tseng@bc.edu",
        "Position": "Assistant Professor",
        "Research Interest": "Missing",
        "Phone number": "617-552-0233"
    },
    {
        "Name": "Rafael Ubal",
        "Email": "ubaltena@bc.edu",
        "Position": "Visiting Associate Professor",
        "Research Interest": "Missing",
        "Phone number": ""
    }
]