[
    {
        "Position": "Assistant Professor of Computer Science",
        "Research Interest": " Machine Learning, Artificial Intelligence, Data Science ",
        "Name": "Stephen Bach",
        "Phone number": "Missing"
    },
    {
        "Position": "Prof. of Engineering and Prof. of Computer Science",
        "Research Interest": " Computer Architecture, Computer Systems, Robotics ",
        "Name": "R. Iris Bahar",
        "Phone number": "Missing"
    },
    {
        "Position": "Assistant Professor of Computer Science",
        "Research Interest": " Distributed Systems, Networking, Computer Systems ",
        "Name": "Theophilus A Benson",
        "Phone number": "Missing"
    },
    {
        "Position": "Professor and Chair of Computer Science",
        "Research Interest": " Data Science, Database Systems, Distributed Systems ",
        "Name": "Ugur Cetintemel",
        "Phone number": "Missing"
    },
    {
        "Position": "University Professor of Computer Science",
        "Research Interest": " Deep Learning, Artificial Intelligence, Machine Learning ",
        "Name": "Eugene Charniak",
        "Phone number": "Missing"
    },
    {
        "Position": "Lecturer of Computer Science",
        "Research Interest": " Algorithms and Theory ",
        "Name": "Lorenzo De Stefani",
        "Phone number": "Missing"
    },
    {
        "Position": "Associate Professor (Research) of Computer Science",
        "Research Interest": " Computer Systems ",
        "Name": "Thomas W Doeppner",
        "Phone number": "Missing"
    },
    {
        "Position": "Professor (Research) of Computer Science",
        "Research Interest": " Computing Education, Programming Languages, Formal Methods ",
        "Name": "Kathi Fisler",
        "Phone number": "Missing"
    },
    {
        "Position": "Associate Professor of Computer Science",
        "Research Interest": " Distributed Systems, Networking, Computer Systems ",
        "Name": "Rodrigo Fonseca",
        "Phone number": "Missing"
    },
    {
        "Position": "Professor of Computer Science",
        "Research Interest": " Artificial Intelligence, Multi-Agent Systems, Reinforcement Learning, Algorithmic Game Theory ",
        "Name": "Amy R Greenwald",
        "Phone number": "Missing"
    },
    {
        "Position": "An Wang Professor of Computer Science",
        "Research Interest": " Distributed Systems ",
        "Name": "Maurice P Herlihy",
        "Phone number": "Missing"
    },
    {
        "Position": "Associate Professor of Computer Science",
        "Research Interest": " Human-Computer Interaction, Design, Data Science ",
        "Name": "Jeff Huang",
        "Phone number": "Missing"
    },
    {
        "Position": "Professor of Computer Science",
        "Research Interest": " Graphics and Visualization ",
        "Name": "John F Hughes",
        "Phone number": "Missing"
    },
    {
        "Position": "Julie Nguyen Brown Professor of Computational and Mathematical Sciences and Professor of Computer Science",
        "Research Interest": " Algorithms and Theory, Computational Biology ",
        "Name": "Sorin Istrail",
        "Phone number": "Missing"
    },
    {
        "Position": "Associate Professor of Computer Science",
        "Research Interest": " Security and Cryptography ",
        "Name": "Seny F Kamara",
        "Phone number": "Missing"
    },
    {
        "Position": "Assistant Professor of Computer Science",
        "Research Interest": " Security and Cryptography, Computer Systems ",
        "Name": "Vasileios Kemerlis",
        "Phone number": "Missing"
    },
    {
        "Position": "Professor of Computer Science",
        "Research Interest": " Algorithms and Theory ",
        "Name": "Philip Klein",
        "Phone number": "Missing"
    },
    {
        "Position": "John Savage Assistant Professor of Computer Science",
        "Research Interest": " Artificial Intelligence, Machine Learning, Robotics ",
        "Name": "George D Konidaris",
        "Phone number": "Missing"
    },
    {
        "Position": "Professor of Computer Science",
        "Research Interest": " Programming Languages, Computing Education, Networking, Security and Cryptography, Software Engineering, Formal Methods, Human-Computer Interaction ",
        "Name": "Shriram Krishnamurthi",
        "Phone number": "Missing"
    },
    {
        "Position": "Professor of Computer Science",
        "Research Interest": " Human-Computer Interaction, Graphics and Visualization, Computational Biology, Data Science, Design ",
        "Name": "David H. Laidlaw",
        "Phone number": "Missing"
    },
    {
        "Position": " Royce Family Professor of Teaching Excellence in Computer Science",
        "Research Interest": " Artificial Intelligence, Machine Learning, Reinforcement Learning, Robotics ",
        "Name": "Michael L. Littman",
        "Phone number": "Missing"
    },
    {
        "Position": "Professor of Computer Science",
        "Research Interest": " Security and Cryptography ",
        "Name": "Anna A Lysyanskaya",
        "Phone number": "Missing"
    },
    {
        "Position": "Senior Lecturer",
        "Research Interest": " Graphics and Visualization ",
        "Name": "Barbara J. Meier",
        "Phone number": "Missing"
    },
    {
        "Position": "Assistant Professor (Research)",
        "Research Interest": " Formal Methods, Programming Languages, Networking, Algorithms and Theory ",
        "Name": "Tim Nelson",
        "Phone number": "Missing"
    },
    {
        "Position": "Manning Assistant Professor of Computer Science",
        "Research Interest": " Artificial Intelligence, Machine Learning, Data Science, Natural Language Processing ",
        "Name": "Ellie Pavlick",
        "Phone number": "Missing"
    },
    {
        "Position": "Professor of Computer Science",
        "Research Interest": " Software Engineering, Design, Formal Methods, Graphics and Visualization, Human-Computer Interaction, Security and Cryptography ",
        "Name": "Steven P Reiss",
        "Phone number": "Missing"
    },
    {
        "Position": "Assistant Professor of Computer Science",
        "Research Interest": " Graphics and Visualization, Artificial Intelligence, Machine Learning, Deep Learning, Computer Vision ",
        "Name": "Daniel C Ritchie",
        "Phone number": "Missing"
    },
    {
        "Position": "Professor Emeritus of Computer Science (Teaching)",
        "Research Interest": " Security Policy ",
        "Name": "John E Savage",
        "Phone number": "Missing"
    },
    {
        "Position": "Assistant Professor of Computer Science",
        "Research Interest": " Computer Systems, Distributed Systems ",
        "Name": "Malte Schwarzkopf",
        "Phone number": "Missing"
    },
    {
        "Position": "Assistant Professor of Computer Science",
        "Research Interest": " Machine Learning, Deep Learning, Computational Biology ",
        "Name": "Ritambhara Singh",
        "Phone number": "Missing"
    },
    {
        "Position": "Assistant Professor of Computer Science",
        "Research Interest": "Missing",
        "Name": "Srinath Sridhar",
        "Phone number": "Missing"
    },
    {
        "Position": "Plastech Professor of Computer Science",
        "Research Interest": " Algorithms and Theory, Security and Cryptography, Data Science ",
        "Name": "Roberto Tamassia",
        "Phone number": "Missing"
    },
    {
        "Position": "Associate Professor of Computer Science",
        "Research Interest": " Artificial Intelligence, Machine Learning, Robotics ",
        "Name": "Stefanie A Tellex",
        "Phone number": "Missing"
    },
    {
        "Position": "Assistant Professor of Computer Science",
        "Research Interest": " Graphics and Visualization, Computer Vision, Human-Computer Interaction ",
        "Name": "James H Tompkin",
        "Phone number": "Missing"
    },
    {
        "Position": "Rush Hawkins Professor of Computer Science",
        "Research Interest": " Algorithms, Randomized Algorithms and Probabilistic Analysis, Machine Learning, Data Science ",
        "Name": "Eliezer Upfal",
        "Phone number": "Missing"
    },
    {
        "Position": "Thomas J. Watson, Jr., University Professor of Technology and Education and Professor of Computer Science",
        "Research Interest": " Graphics and Visualization ",
        "Name": "Andries van Dam",
        "Phone number": "Missing"
    },
    {
        "Position": "Lecturer in Computer Science",
        "Research Interest": " Distributed Systems, Programming Languages, Computing Education ",
        "Name": "Doug Woos",
        "Phone number": "Missing"
    },
    {
        "Position": "Professor of Computer Science",
        "Research Interest": " Database Systems, Distributed Systems ",
        "Name": "Stanley B Zdonik",
        "Phone number": "Missing"
    },
    {
        "Position": "Adjunct Associate Professor (Research)",
        "Research Interest": " Database Systems ",
        "Name": "Carsten Binnig",
        "Phone number": "Missing"
    },
    {
        "Position": "Visiting Scientist",
        "Research Interest": " Design, Human-Computer Interaction ",
        "Name": "Adam Blumenthal",
        "Phone number": "Missing"
    },
    {
        "Position": "Professor Emeritus of Computer Science",
        "Research Interest": " Artificial Intelligence, Computational Biology, Computer Vision, Deep Learning, Human-Computer Interaction, Machine Learning, Natural Language Processing, Reinforcement Learning, Robotics ",
        "Name": "Thomas L Dean",
        "Phone number": "Missing"
    },
    {
        "Position": "Adjunct Associate Professor of Computer Science",
        "Research Interest": " Graphics and Visualization, Artificial Intelligence ",
        "Name": "James H Hays",
        "Phone number": "Missing"
    },
    {
        "Position": "Adjunct Assistant Professor",
        "Research Interest": "Missing",
        "Name": "John H Jannotti",
        "Phone number": "Missing"
    },
    {
        "Position": "Adjunct Assistant Professor of Computer Science",
        "Research Interest": " Algorithms and Theory, Artificial Intelligence, Machine Learning ",
        "Name": "Serdar Kadioglu",
        "Phone number": "Missing"
    },
    {
        "Position": "Adjunct Associate Professor of Computer Science",
        "Research Interest": " Database Systems ",
        "Name": "Tim K Kraska",
        "Phone number": "Missing"
    },
    {
        "Position": "Visiting Scholar",
        "Research Interest": " Human-Computer Interaction, Graphics and Visualization, Robotics ",
        "Name": "Joseph J Laviola",
        "Phone number": "Missing"
    },
    {
        "Position": "Adjunct Professor of the Practice of Computer Science",
        "Research Interest": " Software Engineering ",
        "Name": "Norm Meyrowitz",
        "Phone number": "Missing"
    },
    {
        "Position": "Adjunct Professor of the Practice of Computer Science",
        "Research Interest": " Security and Cryptography ",
        "Name": "Bernardo Palazzi",
        "Phone number": "Missing"
    },
    {
        "Position": "Visiting Professor of the Practice of Engineering and Computer Science",
        "Research Interest": "Missing",
        "Name": "Ravindra Pendse",
        "Phone number": "Missing"
    },
    {
        "Position": "Professor Emeritus of Computer Science",
        "Research Interest": " Algorithms and Theory, Computational Biology ",
        "Name": "Franco Preparata",
        "Phone number": "Missing"
    },
    {
        "Position": "Visiting Professor of Computer Science (Research)",
        "Research Interest": " Algorithms and Theory, Computational Biology ",
        "Name": "Benjamin J Raphael",
        "Phone number": "Missing"
    },
    {
        "Position": "Visiting Scientist",
        "Research Interest": " Data Science ",
        "Name": "Matteo Riondato",
        "Phone number": "Missing"
    },
    {
        "Position": "Research Associate in Computer Science",
        "Research Interest": " Graphics and Visualization ",
        "Name": "Tom Sgouros",
        "Phone number": "Missing"
    },
    {
        "Position": "Adjunct Associate Professor of Computer Science",
        "Research Interest": " Artificial Intelligence, Machine Learning ",
        "Name": "Erik B Sudderth",
        "Phone number": "Missing"
    },
    {
        "Position": "Visiting Fellow in International Studies",
        "Research Interest": " Security Policy ",
        "Name": "Timothy H Edgar",
        "Phone number": "Missing"
    },
    {
        "Position": "Assistant Professor of Medical Science and Computer Science",
        "Research Interest": " Machine Learning, Artificial Intelligence, Natural Language Processing, Deep Learning, Data Science ",
        "Name": "Carsten Eickhoff",
        "Phone number": "Missing"
    },
    {
        "Position": "Professor of Engineering and Computer Science",
        "Research Interest": " Artificial Intelligence, Machine Learning, Algorithms and Theory, Computer Vision, Data Science ",
        "Name": "Pedro F Felzenszwalb",
        "Phone number": "Missing"
    },
    {
        "Position": "Assistant Professor of the Practice of Engineering and Computer Science",
        "Research Interest": " Robotics, Design ",
        "Name": "Ian Gonsher",
        "Phone number": "Missing"
    },
    {
        "Position": "Adjunct Professor of the Practice of Computer Science",
        "Research Interest": "Missing",
        "Name": "Deborah Hurley",
        "Phone number": "Missing"
    },
    {
        "Position": "Professor of the Practice of Data Science",
        "Research Interest": " Human-Computer Interaction, Machine Learning, Software Engineering, Graphics and Visualization, Artificial Intelligence ",
        "Name": "Daniel F Potter",
        "Phone number": "Missing"
    },
    {
        "Position": "Associate Professor of Ecology and Evolutionary Biology and Computer Science",
        "Research Interest": " Computational Biology, Data Science, Machine Learning ",
        "Name": "Sohini Ramachandran",
        "Phone number": "Missing"
    },
    {
        "Position": "Professor of Engineering",
        "Research Interest": " Computer Systems, Computer Architecture, Deep Learning ",
        "Name": "Sherief Reda",
        "Phone number": "Missing"
    },
    {
        "Position": "Adjunct Professor of the Practice of Computer Science",
        "Research Interest": " Security and Cryptography, Human-Computer Interaction ",
        "Name": "Donald L Stanford",
        "Phone number": "Missing"
    },
    {
        "Position": "Assistant Professor of Computer Science",
        "Research Interest": " Computer Vision, Artificial Intelligence, Machine Learning, Deep Learning ",
        "Name": "Chen Sun",
        "Phone number": "Missing"
    },
    {
        "Position": "Professor of Engineering and Computer Science",
        "Research Interest": "Missing",
        "Name": "Gabriel Taubin",
        "Phone number": "Missing"
    },
    {
        "Position": "Adjunct Professor of the Practice of Computer Science",
        "Research Interest": " Computing Education, Security and Cryptography, Computer Systems ",
        "Name": "Alan M Usas",
        "Phone number": "Missing"
    },
    {
        "Position": "Adjunct Lecturer in Computer Science and Program Director of the Master of Science in Cybersecurity",
        "Research Interest": " Security, Security Policy, Human-Computer Interaction ",
        "Name": "Ernesto R Zaldivar",
        "Phone number": "Missing"
    },
    {
        "Position": "Postdoctoral Research Associate in Data Science",
        "Research Interest": "Missing",
        "Name": "Andrew J Crotty",
        "Phone number": "Missing"
    },
    {
        "Position": "Postdoctoral Research Associate in Computer Science",
        "Research Interest": "Missing",
        "Name": "Tristan Dyer",
        "Phone number": "Missing"
    },
    {
        "Position": "Postdoctoral Research Associate in Computer Science",
        "Research Interest": "Missing",
        "Name": "Omer Gottesman",
        "Phone number": "Missing"
    },
    {
        "Position": "Postdoctoral Research Associate in Computer Science",
        "Research Interest": " Algorithms and Theory ",
        "Name": "Shahrzad Haddadan",
        "Phone number": "Missing"
    },
    {
        "Position": "Postdoctoral Research Associate in Computer Science",
        "Research Interest": "Missing",
        "Name": "Elaheh Raisi",
        "Phone number": "Missing"
    }
]