[
    {
        "Position": " Associate Professor ",
        "Name": "Acar, Umut",
        "Phone number": "412-268-6791",
        "Email": "umut@cs.cmu.edu",
        "Research Interest": "Missing"
    },
    {
        "Position": " Associate Teaching Professor ",
        "Name": "Ada, Anil",
        "Phone number": "(412) 268-3835",
        "Email": "aada@cs.cmu.edu",
        "Research Interest": "Missing"
    },
    {
        "Position": " Associate Professor ",
        "Name": "Agarwal, Yuvraj",
        "Phone number": "(412) 268-7328",
        "Email": "yuvraj.agarwal@cs.cmu.edu",
        "Research Interest": "Missing"
    },
    {
        "Position": " Affiliated Faculty ",
        "Name": "Akoglu, Leman",
        "Phone number": "Missing",
        "Email": "lakoglu@andrew.cmu.edu",
        "Research Interest": "Missing"
    },
    {
        "Position": " Professor ",
        "Name": "Aldrich, Jonathan",
        "Phone number": "(412) 268-7278",
        "Email": "aldrich@cs.cmu.edu",
        "Research Interest": "Missing"
    },
    {
        "Position": " Faculty ",
        "Name": "Amvrosiadis, George",
        "Phone number": "Missing",
        "Email": "gamvrosi@andrew.cmu.edu",
        "Research Interest": "Missing"
    },
    {
        "Position": " Professor ",
        "Name": "Andersen, David",
        "Phone number": "(412) 268-3064",
        "Email": "dga@cs.cmu.edu",
        "Research Interest": "Missing"
    },
    {
        "Position": " Associate Professor ",
        "Name": "Balcan, Nina",
        "Phone number": "(412) 268-5295",
        "Email": "ninamf@cs.cmu.edu",
        "Research Interest": "Missing"
    },
    {
        "Position": " Systems Scientist ",
        "Name": "Balzer, Stephanie",
        "Phone number": "(412) 268-7823",
        "Email": "balzers@cs.cmu.edu",
        "Research Interest": "Missing"
    },
    {
        "Position": " Assistant Professor ",
        "Name": "Beckmann, Nathan",
        "Phone number": "(412) 268-7412",
        "Email": "beckmann@cs.cmu.edu",
        "Research Interest": "Missing"
    },
    {
        "Position": " Adjunct Scientist ",
        "Name": "Berger, Daniel",
        "Phone number": "Missing",
        "Email": "dberger1@andrew.cmu.edu",
        "Research Interest": "Missing"
    },
    {
        "Position": " Professor, Assoc. Dean for Undergraduate Programs ",
        "Name": "Blelloch, Guy",
        "Phone number": "(412) 268-6245",
        "Email": "guyb@cs.cmu.edu",
        "Research Interest": "Missing"
    },
    {
        "Position": " University Professor, Emeritus ",
        "Name": "Blum, Manuel",
        "Phone number": "(412) 268-3742",
        "Email": "mblum@cs.cmu.edu",
        "Research Interest": "Missing"
    },
    {
        "Position": " Professor ",
        "Name": "Brookes, Stephen",
        "Phone number": "(412) 268-8820",
        "Email": "brookes@cs.cmu.edu",
        "Research Interest": "Missing"
    },
    {
        "Position": " Affiliated Faculty ",
        "Name": "Brumley, David",
        "Phone number": "(412) 268-3851",
        "Email": "dbrumley@cs.cmu.edu",
        "Research Interest": "Missing"
    },
    {
        "Position": " University Professor ",
        "Name": "Bryant, Randy",
        "Phone number": "(412) 268-8821",
        "Email": "bryant@cs.cmu.edu",
        "Research Interest": "Missing"
    },
    {
        "Position": " Associate Teaching Professor Emeritus ",
        "Name": "Carrasquel, Jacobo",
        "Phone number": "(412) 268-6729",
        "Email": "jxc@cs.cmu.edu",
        "Research Interest": "Missing"
    },
    {
        "Position": " Teaching Professor ",
        "Name": "Cervesato, Iliano",
        "Phone number": "Missing",
        "Email": "iliano@andrew.cmu.edu",
        "Research Interest": "Missing"
    },
    {
        "Position": " Affiliated Faculty ",
        "Name": "Chen, Tianqi",
        "Phone number": " ",
        "Email": " ",
        "Research Interest": "Missing"
    },
    {
        "Position": " Adjunct Faculty ",
        "Name": "Chrysanthis, Panos",
        "Phone number": "(412) 268-4751",
        "Email": "panos@andrew.cmu.edu",
        "Research Interest": "Missing"
    },
    {
        "Position": " University Professor, Emeritus ",
        "Name": "Clarke, Edmund",
        "Phone number": "(412) 268-2628",
        "Email": "ec10@andrew.cmu.edu",
        "Research Interest": "Missing"
    },
    {
        "Position": " Assistant Dean for Undergraduate Education; Teaching Professor ",
        "Name": "Cortina, Thomas",
        "Phone number": "(412) 268-3514",
        "Email": "tcortina@cs.cmu.edu",
        "Research Interest": "Missing"
    },
    {
        "Position": " Assistant Professor ",
        "Name": "Crane, Keenan",
        "Phone number": "(412) 268-1120",
        "Email": "keenanc@andrew.cmu.edu",
        "Research Interest": "Missing"
    },
    {
        "Position": " Associate Professor ",
        "Name": "Crary, Karl",
        "Phone number": "(412) 268-7687",
        "Email": "crary@cs.cmu.edu",
        "Research Interest": "Missing"
    },
    {
        "Position": " Professor of Computer Science, Art &amp; Music ",
        "Name": "Dannenberg, Roger",
        "Phone number": "(412) 268-3827",
        "Email": "rbd@cs.cmu.edu",
        "Research Interest": "Missing"
    },
    {
        "Position": " Associate Professor, CSD, ECE ",
        "Name": "Datta, Anupam",
        "Phone number": "Missing",
        "Email": "danupam@andrew.cmu.edu",
        "Research Interest": "Missing"
    },
    {
        "Position": " Teaching Professor ",
        "Name": "Eckhardt, Dave",
        "Phone number": "(412) 268-6720",
        "Email": "davide@cs.cmu.edu",
        "Research Interest": "Missing"
    },
    {
        "Position": " Professor, Computer Science and Robotics ",
        "Name": "Erdmann, Michael",
        "Phone number": "(412) 268-7883",
        "Email": "me@cs.cmu.edu",
        "Research Interest": "Missing"
    },
    {
        "Position": " Emeritus Faculty ",
        "Name": "Fahlman, Scott",
        "Phone number": "(412) 268-2575",
        "Email": "sef@cs.cmu.edu",
        "Research Interest": "Missing"
    },
    {
        "Position": " Professor ",
        "Name": "Faloutsos, Christos",
        "Phone number": "(412) 268-1457",
        "Email": "christos@cs.cmu.edu",
        "Research Interest": "Missing"
    },
    {
        "Position": " Assistant Professor ",
        "Name": "Fanti, Giulia",
        "Phone number": "(412) 2684254-",
        "Email": "gfanti@andrew.cmu.edu",
        "Research Interest": "Missing"
    },
    {
        "Position": " Senior Systems Scientist ",
        "Name": "Fink, Eugene",
        "Phone number": "412-268-6593",
        "Email": "eugenefink@cmu.edu",
        "Research Interest": "Missing"
    },
    {
        "Position": " Assistant Professor ",
        "Name": "Fredrikson, Matthew",
        "Phone number": "(608) 262-6628",
        "Email": "mfredrik@andrew.cmu.edu",
        "Research Interest": "Missing"
    },
    {
        "Position": " Affiliated Faculty ",
        "Name": "Frieze, Alan",
        "Phone number": "(412) 268-8476",
        "Email": "af1p@andrew.cmu.edu",
        "Research Interest": "Missing"
    },
    {
        "Position": " Director Women@SCS and Scs4all ",
        "Name": "Frieze, Carol",
        "Phone number": "(412) 268-9071",
        "Email": "cfrieze@cs.cmu.edu",
        "Research Interest": "Missing"
    },
    {
        "Position": " Professor ",
        "Name": "Ganger, Greg",
        "Phone number": "(412) 268-1297",
        "Email": "ganger@cs.cmu.edu",
        "Research Interest": "Missing"
    },
    {
        "Position": " Professor; Associate Dean for Masters Programs ",
        "Name": "Garlan, David",
        "Phone number": "(412) 268-5056",
        "Email": "garlan@cs.cmu.edu",
        "Research Interest": "Missing"
    },
    {
        "Position": " Professor ",
        "Name": "Gibbons, Phillip",
        "Phone number": "(412) 2686354-",
        "Email": "gibbons@cs.cmu.edu",
        "Research Interest": "Missing"
    },
    {
        "Position": " Consulting Professor ",
        "Name": "Gibson, Garth",
        "Phone number": "Missing",
        "Email": "garth@cs.cmu.edu",
        "Research Interest": "Missing"
    },
    {
        "Position": " Affiliated Faculty ",
        "Name": "Gligor, Virgil",
        "Phone number": "(412) 268-9833",
        "Email": "virgil@andrew.cmu.edu",
        "Research Interest": "Missing"
    },
    {
        "Position": " Associate Professor ",
        "Name": "Goldstein, Seth",
        "Phone number": "(412) 268-3828",
        "Email": "seth@cs.cmu.edu",
        "Research Interest": "Missing"
    },
    {
        "Position": " Associate Professor ",
        "Name": "Goyal, Vipul",
        "Phone number": "Missing",
        "Email": "goyal@cs.cmu.edu",
        "Research Interest": "Missing"
    },
    {
        "Position": " Professor ",
        "Name": "Gupta, Anupam",
        "Phone number": "(412) 268-7127",
        "Email": "anupamg@cs.cmu.edu",
        "Research Interest": "Missing"
    },
    {
        "Position": " Director of Doctoral Programs, Professor ",
        "Name": "Guruswami, Venkatesan",
        "Phone number": "(412) 268-4899",
        "Email": "venkatg@cs.cmu.edu",
        "Research Interest": "Missing"
    },
    {
        "Position": " Associate Professor ",
        "Name": "Haeupler, Bernhard",
        "Phone number": "(412) 268-3984",
        "Email": "haeupler@cs.cmu.edu",
        "Research Interest": "Missing"
    },
    {
        "Position": " Professor ",
        "Name": "Harchol-Balter, Mor",
        "Phone number": "(412) 268-7893",
        "Email": "harchol@cs.cmu.edu",
        "Research Interest": "Missing"
    },
    {
        "Position": " Professor ",
        "Name": "Harper, Robert",
        "Phone number": "(412) 268-3675",
        "Email": "rwh@cs.cmu.edu",
        "Research Interest": "Missing"
    },
    {
        "Position": " Associate Professor ",
        "Name": "Heule, Marijn",
        "Phone number": "Missing",
        "Email": "mheule@andrew.cmu.edu",
        "Research Interest": "Missing"
    },
    {
        "Position": " Professor ",
        "Name": "Hodgins, Jessica",
        "Phone number": "(412) 268-6795",
        "Email": "jkh@cs.cmu.edu",
        "Research Interest": "Missing"
    },
    {
        "Position": " Assistant Professor ",
        "Name": "Hoffmann, Jan",
        "Phone number": "(412) 2686309-",
        "Email": "jhoffmann@cs.cmu.edu",
        "Research Interest": "Missing"
    },
    {
        "Position": " University President ",
        "Name": "Jahanian, Farnam",
        "Phone number": "412-268-2200",
        "Email": "farnam@andrew.cmu.edu",
        "Research Interest": "Missing"
    },
    {
        "Position": " Affiliated Faculty ",
        "Name": "Jia, Limin",
        "Phone number": "Missing",
        "Email": "liminjia@andrew.cmu.edu",
        "Research Interest": "Missing"
    },
    {
        "Position": " Adjunct Research Scientist ",
        "Name": "Kaminsky, Michael",
        "Phone number": "(412) 297-4100",
        "Email": "mk9@andrew.cmu.edu",
        "Research Interest": "Missing"
    },
    {
        "Position": " U. A. and Helen Whitaker University Professor ",
        "Name": "Kanade, Takeo",
        "Phone number": "Missing",
        "Email": "tk@cs.cmu.edu",
        "Research Interest": "Missing"
    },
    {
        "Position": " Assistant Teaching Professor ",
        "Name": "Kaynar, Zeliha Dilsun",
        "Phone number": "(412) 268-9297",
        "Email": "dilsun@cs.cmu.edu",
        "Research Interest": "Missing"
    },
    {
        "Position": " Associate Professor ",
        "Name": "Kolter, J. Zico",
        "Phone number": "(412) 268-4733",
        "Email": "zkolter@cs.cmu.edu",
        "Research Interest": "Missing"
    },
    {
        "Position": " Associate Teaching Professor ",
        "Name": "Kosbie, David",
        "Phone number": "(412) 268-8034",
        "Email": "koz@cs.cmu.edu",
        "Research Interest": "Missing"
    },
    {
        "Position": " Assistant Professor ",
        "Name": "Kothari, Pravesh",
        "Phone number": "Missing",
        "Email": "praveshk@andrew.cmu.edu",
        "Research Interest": "Missing"
    },
    {
        "Position": " Adjunct Faculty ",
        "Name": "Koutis, Ioannis",
        "Phone number": "(412) 268-2000",
        "Email": "ikoutis@andrew.cmu.edu",
        "Research Interest": "Missing"
    },
    {
        "Position": " Assistant Professor ",
        "Name": "Kumar, Swarun",
        "Phone number": "412-268-1892",
        "Email": "swarun@cmu.edu",
        "Research Interest": "Missing"
    },
    {
        "Position": " Adjunct Faculty ",
        "Name": "Labrinidis, Alexandros",
        "Phone number": "(412) 624-8843",
        "Email": "labrinid@andrew.cmu.edu",
        "Research Interest": "Missing"
    },
    {
        "Position": " Professor ",
        "Name": "Lee, Tai-Sing",
        "Phone number": "(412) 268-1060",
        "Email": "tai@cs.cmu.edu",
        "Research Interest": "Missing"
    },
    {
        "Position": " Affiliated Faculty ",
        "Name": "Levin, Golan",
        "Phone number": "(917) 520-7456",
        "Email": "golan@andrew.cmu.edu",
        "Research Interest": "Missing"
    },
    {
        "Position": " Assistant Professor ",
        "Name": "Lucia, Brandon",
        "Phone number": "(412) 268-9192",
        "Email": "blucia@andrew.cmu.edu",
        "Research Interest": "Missing"
    },
    {
        "Position": " Teaching Professor ",
        "Name": "Mackey, John",
        "Phone number": "(412) 268-1204",
        "Email": "jmackey@andrew.cmu.edu",
        "Research Interest": "Missing"
    },
    {
        "Position": " System Scientist ",
        "Name": "Martins, Ruben",
        "Phone number": "Missing",
        "Email": "rubenm@andrew.cmu.edu",
        "Research Interest": "Missing"
    },
    {
        "Position": " Professor, Computer Science and Robotics ",
        "Name": "Mason, Matthew",
        "Phone number": "(412) 9565162-",
        "Email": "matt.mason@cs.cmu.edu",
        "Research Interest": "Missing"
    },
    {
        "Position": " Research Professor ",
        "Name": "Maxion, Roy",
        "Phone number": "(412) 268-7556",
        "Email": "maxion@cs.cmu.edu",
        "Research Interest": "Missing"
    },
    {
        "Position": " Professor ",
        "Name": "Miller, Gary",
        "Phone number": "(412) 268-2631",
        "Email": "glmiller@cs.cmu.edu",
        "Research Interest": "Missing"
    },
    {
        "Position": " Affiliated Faculty, E. Fredkin University Professor, Faculty Founders University Professor ",
        "Name": "Mitchell, Tom",
        "Phone number": "(412) 268-2611",
        "Email": "mitchell@cs.cmu.edu",
        "Research Interest": "Missing"
    },
    {
        "Position": " Systems Scientist ",
        "Name": "Mitsch, Stefan",
        "Phone number": "(412) 268-1875",
        "Email": "smitsch@andrew.cmu.edu",
        "Research Interest": "Missing"
    },
    {
        "Position": " Professor ",
        "Name": "Mowry, Todd",
        "Phone number": "(412) 268-3725",
        "Email": "tcm@cs.cmu.edu",
        "Research Interest": "Missing"
    },
    {
        "Position": " Professor ",
        "Name": "O&#039;Donnell, Ryan",
        "Phone number": "412-268-3041",
        "Email": "odonnell@cs.cmu.edu",
        "Research Interest": "Missing"
    },
    {
        "Position": " Professor of Computer Science and Electrical and Computer Engineering, Director of CS Masters Program ",
        "Name": "O&#039;Hallaron, David",
        "Phone number": "(412) 268-8199",
        "Email": "droh@cs.cmu.edu",
        "Research Interest": "Missing"
    },
    {
        "Position": " Assistant Professor ",
        "Name": "O&#039;Toole, Matthew",
        "Phone number": "Missing",
        "Email": "motoole2@andrew.cmu.edu",
        "Research Interest": "Missing"
    },
    {
        "Position": " Associate Professor ",
        "Name": "Parno, Bryan",
        "Phone number": "412-268-2033",
        "Email": "parno@cmu.edu",
        "Research Interest": "Missing"
    },
    {
        "Position": " Associate Professor ",
        "Name": "Pavlo, Andy",
        "Phone number": "443-242-4047",
        "Email": "pavlo@cs.cmu.edu",
        "Research Interest": "Missing"
    },
    {
        "Position": " Professor ",
        "Name": "Pfenning, Frank",
        "Phone number": "(412) 268-6343",
        "Email": "fp@cs.cmu.edu",
        "Research Interest": "Missing"
    },
    {
        "Position": " Professor ",
        "Name": "Platzer, Andr\\xc3\\xa9",
        "Phone number": "412-268-1558",
        "Email": "aplatzer@cs.cmu.edu",
        "Research Interest": "Missing"
    },
    {
        "Position": " Professor ",
        "Name": "Pollard, Nancy",
        "Phone number": "(412) 268-1479",
        "Email": "nsp@cs.cmu.edu",
        "Research Interest": "Missing"
    },
    {
        "Position": " Associate Professor ",
        "Name": "Procaccia, Ariel",
        "Phone number": "(412) 268-5636",
        "Email": "arielpro@cs.cmu.edu",
        "Research Interest": "Missing"
    },
    {
        "Position": " Assistant Teaching Professor ",
        "Name": "Railing, Brian",
        "Phone number": "(412) 268-3143",
        "Email": "bpr@andrew.cmu.edu",
        "Research Interest": "Missing"
    },
    {
        "Position": " Affiliated Faculty ",
        "Name": "Ravi, R.",
        "Phone number": "(412) 268-3694",
        "Email": "ravi@andrew.cmu.edu",
        "Research Interest": "Missing"
    },
    {
        "Position": " Moza Bint Nasser University Professor ",
        "Name": "Reddy, Raj",
        "Phone number": "(412) 268-2597",
        "Email": "reddy@cs.cmu.edu",
        "Research Interest": "Missing"
    },
    {
        "Position": " Assistant Teaching Professor ",
        "Name": "Reid-Miller, Margaret",
        "Phone number": "(412) 268-4630",
        "Email": "mrmiller@cs.cmu.edu",
        "Research Interest": "Missing"
    },
    {
        "Position": " Assistant Teaching Professor ",
        "Name": "Rivers, Kelly",
        "Phone number": "--",
        "Email": "krivers@andrew.cmu.edu",
        "Research Interest": "Missing"
    },
    {
        "Position": " Affiliated Faculty; Department Head, Machine Learning Department; Professor ",
        "Name": "Rosenfeld, Roni",
        "Phone number": "(412) 268-7678",
        "Email": "roni@cs.cmu.edu",
        "Research Interest": "Missing"
    },
    {
        "Position": " Assistant Teaching Professor ",
        "Name": "Rosenthal, Stephanie",
        "Phone number": "(412) 268-3834",
        "Email": "srosenth@andrew.cmu.edu",
        "Research Interest": "Missing"
    },
    {
        "Position": " Professor ",
        "Name": "Rudich, Steven",
        "Phone number": "(412) 268-7885",
        "Email": "rudich@cs.cmu.edu",
        "Research Interest": "Missing"
    },
    {
        "Position": " Emeritus Faculty ",
        "Name": "Rudnicky, Alexander",
        "Phone number": "Missing",
        "Email": "ar28@andrew.cmu.edu",
        "Research Interest": "Missing"
    },
    {
        "Position": " Teaching Professor ",
        "Name": "Sakr, Majd",
        "Phone number": "(412) 268-1161",
        "Email": "msakr@cs.cmu.edu",
        "Research Interest": "Missing"
    },
    {
        "Position": " Angel Jordan Professor of Computer Science ",
        "Name": "Sandholm, Tuomas",
        "Phone number": "(412) 268-8216",
        "Email": "sandholm@cs.cmu.edu",
        "Research Interest": "Missing"
    },
    {
        "Position": " Carnegie Group Professor of Computer Science ",
        "Name": "Satyanarayanan, Mahadev",
        "Phone number": "(412) 268-3743",
        "Email": "satya@cs.cmu.edu",
        "Research Interest": "Missing"
    },
    {
        "Position": " Principal Systems Scientist ",
        "Name": "Schmerl, Bradley",
        "Phone number": "(412) 268-5889",
        "Email": "schmerl@cs.cmu.edu",
        "Research Interest": "Missing"
    },
    {
        "Position": " Professor ",
        "Name": "Schwartz, Russell",
        "Phone number": "(412) 268-3971",
        "Email": "russells@andrew.cmu.edu",
        "Research Interest": "Missing"
    },
    {
        "Position": " Professor Emeritus ",
        "Name": "Scott, Dana",
        "Phone number": "--",
        "Email": "scott@andrew.cmu.edu",
        "Research Interest": "Missing"
    },
    {
        "Position": " Assistant Professor ",
        "Name": "Sekar, Vyas",
        "Phone number": "(412) 268-2853",
        "Email": "vyass@cs.cmu.edu",
        "Research Interest": "Missing"
    },
    {
        "Position": " Department Head, Computer Science Department; Professor ",
        "Name": "Seshan, Srinivasan",
        "Phone number": "(412) 268-8734",
        "Email": "srini@cs.cmu.edu",
        "Research Interest": "Missing"
    },
    {
        "Position": " Assistant Professor ",
        "Name": "Shah, Nihar",
        "Phone number": "412-268\\xe2\\x80\\x937896",
        "Email": "nihars@cs.cmu.edu",
        "Research Interest": "Missing"
    },
    {
        "Position": " A. J. Perlis University Professor; Faculty ",
        "Name": "Shaw, Mary",
        "Phone number": "Missing",
        "Email": "shaw@cs.cmu.edu",
        "Research Interest": "Missing"
    },
    {
        "Position": " Assistant Professor ",
        "Name": "Sherry, Justine",
        "Phone number": "(412) 268-5498",
        "Email": "justines@andrew.cmu.edu",
        "Research Interest": "Missing"
    },
    {
        "Position": " Buhl University Professor of Electrical And Computer Engineering And Computer Science; Faculty ",
        "Name": "Siewiorek, Daniel",
        "Phone number": "Missing",
        "Email": "dps@cs.cmu.edu",
        "Research Interest": "Missing"
    },
    {
        "Position": " Research Professor ",
        "Name": "Simmons, Reid",
        "Phone number": "(412) 268-2621",
        "Email": "reids@cs.cmu.edu",
        "Research Interest": "Missing"
    },
    {
        "Position": " Professor ",
        "Name": "Sleator, Daniel",
        "Phone number": "(412) 268-7563",
        "Email": "sleator@cs.cmu.edu",
        "Research Interest": "Missing"
    },
    {
        "Position": " Professor of Computer Science &amp; Electrical and Computer Engineering ",
        "Name": "Steenkiste, Peter",
        "Phone number": "(412) 268-3261",
        "Email": "prs@cs.cmu.edu",
        "Research Interest": "Missing"
    },
    {
        "Position": " Teaching Professor; Assistant Dean for Outreach ",
        "Name": "Stehlik, Mark",
        "Phone number": "412-268-6273",
        "Email": "mjs@cmu.edu",
        "Research Interest": "Missing"
    },
    {
        "Position": " Teaching Professor ",
        "Name": "Sutner, Klaus",
        "Phone number": "(412) 268-8510",
        "Email": "sutner@cs.cmu.edu",
        "Research Interest": "Missing"
    },
    {
        "Position": " Post Doctoral Teaching Fellow ",
        "Name": "Taylor, Michael",
        "Phone number": "(412) 268-3818",
        "Email": "mdtaylor@andrew.cmu.edu",
        "Research Interest": "Missing"
    },
    {
        "Position": " Research Professor ",
        "Name": "Touretzky, David",
        "Phone number": "(412) 268-7561",
        "Email": "dst@cs.cmu.edu",
        "Research Interest": "Missing"
    },
    {
        "Position": " Courtesy Faculty Member; Herbert A. Simon University Professor of Computer Science ",
        "Name": "Veloso, Manuela M.",
        "Phone number": "(412) 268-1474",
        "Email": "veloso@cmu.edu",
        "Research Interest": "Missing"
    },
    {
        "Position": " Assistant Professor ",
        "Name": "Vinayak, Rashmi Korlakai",
        "Phone number": "Missing",
        "Email": "rvinayak@andrew.cmu.edu",
        "Research Interest": "Missing"
    },
    {
        "Position": " Assistant Teaching Professor ",
        "Name": "Virtue, Patrick",
        "Phone number": "(412) 268-2569",
        "Email": "pvirtue@andrew.cmu.edu",
        "Research Interest": "Missing"
    },
    {
        "Position": " Consulting Professor ",
        "Name": "Von Ahn, Luis",
        "Phone number": "Missing",
        "Email": "biglou@cs.cmu.edu",
        "Research Interest": "Missing"
    },
    {
        "Position": " Research Faculty Emeritus ",
        "Name": "Wactlar, Howard",
        "Phone number": "(412) 268-2571",
        "Email": "hdw@cs.cmu.edu",
        "Research Interest": "Missing"
    },
    {
        "Position": " Assistant Professor ",
        "Name": "Wang, Weina",
        "Phone number": "Missing",
        "Email": "weinaw@andrew.cmu.edu",
        "Research Interest": "Missing"
    },
    {
        "Position": " Adjunct Faculty ",
        "Name": "Wing, Jeannette",
        "Phone number": "Missing",
        "Email": "jw35@andrew.cmu.edu",
        "Research Interest": "Missing"
    },
    {
        "Position": " Associate Professor ",
        "Name": "Woodruff, David",
        "Phone number": "Missing",
        "Email": "dwoodruf@cs.cmu.edu",
        "Research Interest": "Missing"
    },
    {
        "Position": " Professor ",
        "Name": "Xing, Eric P.",
        "Phone number": "(412) 268-2559",
        "Email": "epxing@cs.cmu.edu",
        "Research Interest": "Missing"
    },
    {
        "Position": " Assistant Professor ",
        "Name": "Yang, Jean",
        "Phone number": "(412) 268-2531",
        "Email": "jyang2@andrew.cmu.edu",
        "Research Interest": "Missing"
    },
    {
        "Position": " Professor ",
        "Name": "Yang, Yiming",
        "Phone number": "(412) 268-1364",
        "Email": "yiming@cs.cmu.edu",
        "Research Interest": "Missing"
    },
    {
        "Position": " Consulting Professor ",
        "Name": "Zhang, Hui",
        "Phone number": "Missing",
        "Email": "huiz1@andrew.cmu.edu",
        "Research Interest": "Missing"
    }
]