[
    {
        "Name": "Venkataramanan \"Ragu\" Balakrishnan",
        "Position": " Charles H. Phipps Dean of Engineering, Case School of Engineering ",
        "Research Interest": " Investigates numerical methods and optimization for systems and control, control theory, application of systems theory in communication, signal processing, robotics and VLSI "
    },
    {
        "Name": "Marc Buchner",
        "Position": " Associate Dean, Academics ",
        "Research Interest": " Applies computer gaming technology and digital signal processing, especially VR and AR, to problem-solving in fields including psychology, nursing and medicine "
    },
    {
        "Name": "M. Cenk Cavusoglu",
        "Position": " Nord Professor of Engineering ",
        "Research Interest": " Develops next-generation medical robotic systems for surgery and image-guided interventions "
    },
    {
        "Name": "Vira Chankong",
        "Position": " Associate Professor, Department of Electrical, Computer and Systems Engineering ",
        "Research Interest": " Develops rapid learning and optimization methods for intensity modulated radiation therapy, and develops new paradigm for combinatorial optimization "
    },
    {
        "Name": "Michael Fu",
        "Position": " Timothy E. and Allison L. Schroeder Assistant Professorship in Computer and Data Sciences ",
        "Research Interest": " Develops video games and virtual environments to improve human health after neurological injury "
    },
    {
        "Name": "Mario Garcia-Sanz",
        "Position": " Professor, Department of Electrical, Computer and Systems Engineering ",
        "Research Interest": " Bridges the gap between advanced control theory and energy, industrial and space applications "
    },
    {
        "Name": "Evren Gurkan Cavusoglu",
        "Position": " Assistant Professor, Department of Electrical, Computer and Systems Engineering ",
        "Research Interest": " Develops dynamical models of biological systems to help improve treatment of complex diseases "
    },
    {
        "Name": "Ming-Chun Huang",
        "Position": " Associate Professor, Department of Electrical, Computer and Systems Engineering ",
        "Research Interest": " Mobile Health (mHealth) Technologies, Wearable and Edge Computing, Internet of Medical Things "
    },
    {
        "Name": "Hossein Lavasani",
        "Position": " Assistant Professor, Department of Electrical, Computer and Systems Engineering ",
        "Research Interest": " Electronics and Micro/Nano systems systems "
    },
    {
        "Name": "Greg Lee",
        "Position": " Assistant Professor, Department of Electrical, Computer and Systems Engineering ",
        "Research Interest": " Develops robotic systems systems "
    },
    {
        "Name": "Pan Li",
        "Position": " Associate Professor, Department of Electrical, Computer and Systems Engineering ",
        "Research Interest": " Investigates big data computing and analytics, security and privacy, and their applications in complex systems and networks "
    },
    {
        "Name": "Wei Lin",
        "Position": " Fellow of IEEE and JSPS ",
        "Research Interest": " Creates modeling, estimations and advanced control techniques for smart grid and power systems "
    },
    {
        "Name": "Kenneth Loparo",
        "Position": " Arthur L. Parker Professor ",
        "Research Interest": " Develop real-time data analytics and control algorithms for industrial, energy and physiological systems "
    },
    {
        "Name": "Behnam Malakooti",
        "Position": " Fellow of IEEE, Society of Manufacturing Engineers, &amp; Ins. of Industrial &amp; Systems Engineers ",
        "Research Interest": " Designs &amp; develops models for industrial, operations, production/manufacturing systems, asymmetric risk analysis &amp; predictions, decision making/behaviour types, artificial neural networks, interactive models, and multiple objective optimization. "
    },
    {
        "Name": "Mehran Mehregany",
        "Position": " Veale Professor of Wireless Health Innovation ",
        "Research Interest": " Development of MEMS sensors and actuators for instrumentation and control "
    },
    {
        "Name": "Pedram Mohseni",
        "Position": " Department Chair, Department of Electrical, Computer and Systems Engineering ",
        "Research Interest": " Creates next-generation, integrated instruments for neural engineering and point-of-care (POC) health diagnostics "
    },
    {
        "Name": "Wyatt Newman",
        "Position": " Professor, Department of Electrical, Computer and Systems Engineering ",
        "Research Interest": " Designs intelligent robots, machines and software for diverse applications "
    },
    {
        "Name": "Chris Papachristou",
        "Position": " Professor, Department of Electrical, Computer and Systems Engineering ",
        "Research Interest": " Designs and develops hardware and software for embedded systems and IoT devices "
    },
    {
        "Name": "Daniel Saab",
        "Position": " Associate Professor, Department of Electrical, Computer and Systems Engineering ",
        "Research Interest": " Models and simulates digital systems, and verifies integrated circuit designs "
    },
    {
        "Name": "Sree Sreenath",
        "Position": " Professor, Department of Electrical, Computer and Systems Engineering ",
        "Research Interest": " I will continue to work in the Complex Systems Biology area with a thrust on Mammalian Cancer Biology. "
    },
    {
        "Name": "Chris Zorman",
        "Position": " Associate Dean, Research ",
        "Research Interest": " Develops materials and processing techniques for microsystems, especially for challenging applications "
    },
    {
        "Name": "Cynthia Hatcher",
        "Position": " Chair&#039;s Assistant, Electrical Engineering and Computer Science ",
        "Research Interest": " Develops, implements, and manages procedures for the administration and operation of the Office of the Chair for the Department of Computer and Data Sciences and the Department of Electrical, Computer, and Systems Engineering "
    },
    {
        "Name": "Lavanya Kalahasti",
        "Position": " Procurement Clerk, ",
        "Research Interest": "Missing"
    },
    {
        "Name": "Elliot Korth",
        "Position": " Student Affairs Coordinator, ",
        "Research Interest": " Handles student affairs for Departments of Computer and Data Sciences and Electrical, Computer, and Systems Engineering, with focus on the graduate experience. "
    },
    {
        "Name": "Laura Kuhar",
        "Position": " Department Coordinator, ",
        "Research Interest": "Missing"
    },
    {
        "Name": "Salvatore Russo",
        "Position": " Assistant Manager of Funded Projects, ",
        "Research Interest": "Missing"
    },
    {
        "Name": "Heather Smith",
        "Position": " Student Affairs Specialist, ",
        "Research Interest": " Handles and oversees student affairs for Departments of Computer and Data Sciences and Electrical, Computer, and Systems Engineering, with focus on the undergraduate experience. "
    },
    {
        "Name": "YoLonda Stiggers",
        "Position": " Academic and Research Administration Manager, Electrical Engineering and Computer Science ",
        "Research Interest": "Missing"
    },
    {
        "Name": "Ryan Watson",
        "Position": " Grants Specialist, ",
        "Research Interest": "Missing"
    },
    {
        "Name": "Mahdi Bayat",
        "Position": " Research Assistant Professor, Electrical Engineering and Computer Science ",
        "Research Interest": "Missing"
    },
    {
        "Name": "Farhad Kaffashi",
        "Position": " Research Assistant Professor, Electrical Engineering and Computer Science ",
        "Research Interest": " Variability analysis of multi-modal physiological time series data collected in clinical settings "
    },
    {
        "Name": "Soumyajit Mandal",
        "Position": " Research Associate Professor, Electrical Engineering and Computer Science ",
        "Research Interest": " Researches integrated circuits and systems, sensor physics, biomedical and bio-inspired electronics, measurement and instrumentation "
    },
    {
        "Name": "George Ernst",
        "Position": " Associate Professor Emeritus, Department of Electrical, Computer and Systems Engineering ",
        "Research Interest": "Missing"
    },
    {
        "Name": "Sheldon Gruber",
        "Position": " Professor Emeritus, Department of Electrical, Computer and Systems Engineering ",
        "Research Interest": "Missing"
    },
    {
        "Name": "Frank Merat",
        "Position": " Associate Professor Emeritus, Electrical Engineering and Computer Science ",
        "Research Interest": "Missing"
    },
    {
        "Name": "Lee White",
        "Position": " Professor Emeritus, Department of Electrical, Computer and Systems Engineering ",
        "Research Interest": "Missing"
    }
]