[
    {
        "Research Interest": " Interests: Robotics, Vision, 3-D modeling ",
        "Email": "Missing",
        "Phone number": "Missing",
        "Position": " Professor",
        "Name": "Allen, Peter Kirby"
    },
    {
        "Research Interest": " Interests: Algorithmic foundations of massive data, including sublinear algorithms, high-dimensional geometry, theoretical machine learning ",
        "Email": "Missing",
        "Phone number": "Missing",
        "Position": " Associate Professor",
        "Name": "Andoni, Alexandr "
    },
    {
        "Research Interest": " Interests: Causal Inference, Artificial Intelligence, and Machine Learning. ",
        "Email": "Missing",
        "Phone number": "Missing",
        "Position": " Associate Professor",
        "Name": "Bareinboim, Elias "
    },
    {
        "Research Interest": "Missing",
        "Email": "Missing",
        "Phone number": "Missing",
        "Position": " Lecturer in Discipline",
        "Name": "Bauer, Daniel "
    },
    {
        "Research Interest": " Interests: computer vision; graphics; image-based rendering; face recognition ",
        "Email": "Missing",
        "Phone number": "Missing",
        "Position": " Professor",
        "Name": "Belhumeur, Peter N"
    },
    {
        "Research Interest": " Interests: security, networks, privacy, public policy ",
        "Email": "Missing",
        "Phone number": "Missing",
        "Position": " Percy K. and Vida L. W. Hudson Professor of Computer Science",
        "Name": "Bellovin, Steven M."
    },
    {
        "Research Interest": " Interests: robotics, vision, sensor planning, 3D modeling, mobile computing, computer science education ",
        "Email": "Missing",
        "Phone number": "Missing",
        "Position": " Senior Lecturer in Discipline",
        "Name": "Blaer, Paul S"
    },
    {
        "Research Interest": " Interests: Statistical machine learning, topic models, scalable Bayesian computation ",
        "Email": "Missing",
        "Phone number": "Missing",
        "Position": " Professor, Joint with Statistics",
        "Name": "Blei, David "
    },
    {
        "Research Interest": " Interests: Topological and geometric data analysis, computational biology, computer security ",
        "Email": "Missing",
        "Phone number": "Missing",
        "Position": " Visiting Faculty",
        "Name": "Blumberg, Andrew "
    },
    {
        "Research Interest": " Interests: machine learning, pattern recognition, data mining ",
        "Email": "Missing",
        "Phone number": "Missing",
        "Position": " Senior Lecturer in Discipline",
        "Name": "Cannon, Adam H"
    },
    {
        "Research Interest": " Interests: System-on-Chip (SoC) Platforms, Embedded Systems, System-Level Design, Computer-Aided Design ",
        "Email": "Missing",
        "Phone number": "Missing",
        "Position": " Professor",
        "Name": "Carloni, Luca "
    },
    {
        "Research Interest": " Interests: Networked Algorithms, Social Networks, Mobile Computing, Stochastic Networks ",
        "Email": "Missing",
        "Phone number": "Missing",
        "Position": " Associate Professor",
        "Name": "Chaintreau, Augustin "
    },
    {
        "Research Interest": " Interests: multimedia, computer vision, machine learning, information retrieval, signal processing ",
        "Email": "Missing",
        "Phone number": "Missing",
        "Position": " Joint, Richard Dicker Professor of Electrical Engineering",
        "Name": "Chang, Shih-Fu "
    },
    {
        "Research Interest": " Interests: Algorithmic Game Theory and Economics, Complexity Theory ",
        "Email": "Missing",
        "Phone number": "Missing",
        "Position": " Associate Professor",
        "Name": "Chen, Xi "
    },
    {
        "Research Interest": "Missing",
        "Email": "Missing",
        "Phone number": "Missing",
        "Position": " Assistant Professor",
        "Name": "Chilton, Lydia B"
    },
    {
        "Research Interest": " Interests: Natural Language Processing, Machine Learning ",
        "Email": "Missing",
        "Phone number": "Missing",
        "Position": " Vikram S. Pandit Professor",
        "Name": "Collins, Michael "
    },
    {
        "Research Interest": "Missing",
        "Email": "Missing",
        "Phone number": "Missing",
        "Position": " Lecturer in Discipline",
        "Name": "Dear, Tony "
    },
    {
        "Research Interest": " Interests: information theory, network coding, randomized, online and approximation algorithms, network analysis, and dimensionality reduction techniques ",
        "Email": "Missing",
        "Phone number": "Missing",
        "Position": " Senior Lecturer in Discipline, Computer Science and Operations Research",
        "Name": "Drinea, Eleni "
    },
    {
        "Research Interest": " Interests: Compilers, Embedded systems, VLSI, computer-aided design, digital systems, languages ",
        "Email": "Missing",
        "Phone number": "Missing",
        "Position": " Associate Professor",
        "Name": "Edwards, Stephen A."
    },
    {
        "Research Interest": " Interests: Human-computer interaction, graphics and user interfaces, 3D user interfaces, augmented reality, virtual environments, knowledge-based design of graphics and multimedia, mobile and wearable computing, computer games, healthcare, information visualization, ",
        "Email": "Missing",
        "Phone number": "Missing",
        "Position": " Professor",
        "Name": "Feiner, Steven K"
    },
    {
        "Research Interest": " Interests: distributed systems, operating systems, security and privacy, cloud computing, mobile computing ",
        "Email": "Missing",
        "Phone number": "Missing",
        "Position": " Associate Professor",
        "Name": "Geambasu, Roxana "
    },
    {
        "Research Interest": " Interests: databases, information retrieval, web search, social media, information extraction ",
        "Email": "Missing",
        "Phone number": "Missing",
        "Position": " Professor",
        "Name": "Gravano, Luis "
    },
    {
        "Research Interest": "Missing",
        "Email": "Missing",
        "Phone number": "Missing",
        "Position": " Assistant Professor",
        "Name": "Gu, Ronghui "
    },
    {
        "Research Interest": " Interests: Computational Linguistics/Natural Language Processing, prosody, emotional speech, spoken dialogue systems, deceptive speech, entrainment/alignment in dialogue, text-to-scene generation, speech summarization, code-switching ",
        "Email": "Missing",
        "Phone number": "Missing",
        "Position": " Percy K. and Vida L. W. Hudson Professor of Computer Science",
        "Name": "Hirschberg, Julia B."
    },
    {
        "Research Interest": " Interests: algorithmic statistics, machine learning, privacy ",
        "Email": "Missing",
        "Phone number": "Missing",
        "Position": " Associate Professor",
        "Name": "Hsu, Daniel J"
    },
    {
        "Research Interest": " Interests: security and privacy, applied cryptography, operating systems, software engineering ",
        "Email": "Missing",
        "Phone number": "Missing",
        "Position": " Assistant professor",
        "Name": "Jana, Suman "
    },
    {
        "Research Interest": " Interests: static and dynamic program analysis, software testing, software security, applications of AI to software engineering and vice versa ",
        "Email": "Missing",
        "Phone number": "Missing",
        "Position": " Professor",
        "Name": "Kaiser, Gail E"
    },
    {
        "Research Interest": " Interests: Computer vision; video understanding; visual user interfaces; artificial intelligence ",
        "Email": "Missing",
        "Phone number": "Missing",
        "Position": " Professor",
        "Name": "Kender, John R"
    },
    {
        "Research Interest": " Interests: Computer Architecture, Hardware Systems, Hardware/Software Interaction and Parallel Hardware and Software Systems ",
        "Email": "Missing",
        "Phone number": "Missing",
        "Position": " Associate Professor",
        "Name": "Kim, Martha A"
    },
    {
        "Research Interest": " Interests: machine learning, computational biology, genomics. ",
        "Email": "Missing",
        "Phone number": "Missing",
        "Position": " Assistant Professor",
        "Name": "Knowles, David "
    },
    {
        "Research Interest": " Interests: Computer Science Education, Networks, Software Engineering, Cloud Computing ",
        "Email": "Missing",
        "Phone number": "Missing",
        "Position": " Senior Lecturer in Discipline",
        "Name": "Lee, Jae Woo"
    },
    {
        "Research Interest": " Interests: cryptography, complexity theory, security, randomized algorithms ",
        "Email": "Missing",
        "Phone number": "Missing",
        "Position": " Professor",
        "Name": "Malkin, Tal G"
    },
    {
        "Research Interest": " Interests: natural language processing, summarization, multimedia, digital libraries ",
        "Email": "Missing",
        "Phone number": "Missing",
        "Position": " Henry and Gertrude Rothschilds Professor of Computer Science",
        "Name": "McKeown, Kathleen "
    },
    {
        "Research Interest": " Interests: Networking, with particular attention to net neutrality and the economics of the Internet; modeling and performance evaluation; information theory ",
        "Email": "Missing",
        "Phone number": "Missing",
        "Position": " Professor",
        "Name": "Misra, Vishal "
    },
    {
        "Research Interest": " Interests: Computer Vision, Computer Graphics, Robotics, Human-Computer Interfaces ",
        "Email": "Missing",
        "Phone number": "Missing",
        "Position": " T. C. Chang Professor of Computer Science",
        "Name": "Nayar, Shree K"
    },
    {
        "Research Interest": " Interests: operating systems, mobile computing, cloud computing, networking, security ",
        "Email": "Missing",
        "Phone number": "Missing",
        "Position": " Professor",
        "Name": "Nieh, Jason "
    },
    {
        "Research Interest": "Missing",
        "Email": "Missing",
        "Phone number": "Missing",
        "Position": " The Donovan Family Professor",
        "Name": "Papadimitriou, Christos H"
    },
    {
        "Research Interest": " Interests: Computational biology, genomics, bioinformatics ",
        "Email": "Missing",
        "Phone number": "Missing",
        "Position": " Associate Professor",
        "Name": "Pe&#039;er, Itsik G"
    },
    {
        "Research Interest": "Missing",
        "Email": "Missing",
        "Phone number": "Missing",
        "Position": " Assistant Professor",
        "Name": "Ray, Baishakhi "
    },
    {
        "Research Interest": " Interests: database systems, query processing, declarative languages, genetics ",
        "Email": "Missing",
        "Phone number": "Missing",
        "Position": " Professor",
        "Name": "Ross, Kenneth A"
    },
    {
        "Research Interest": "Missing",
        "Email": "Missing",
        "Phone number": "Missing",
        "Position": " Professor",
        "Name": "Roughgarden, Tim "
    },
    {
        "Research Interest": " Interests: Computer networks, Network Robustness and Security, Multimedia networking, Performance Evaluation, Algorithms ",
        "Email": "Missing",
        "Phone number": "Missing",
        "Position": " Professor",
        "Name": "Rubenstein, Dan "
    },
    {
        "Research Interest": " Interests: Data Mining, Machine Learning, Frequent patterns, Classification, Ranking, Rule Learning ",
        "Email": "Missing",
        "Phone number": "Missing",
        "Position": " Senior Lecturer in Discipline",
        "Name": "Salleb-Aouissi, Ansaf "
    },
    {
        "Research Interest": " Interests: Computer networks; multimedia systems; mobile and wireless systems; ubiquitous and pervasive computing ",
        "Email": "Missing",
        "Phone number": "Missing",
        "Position": " Julian Clarence Levi Professor",
        "Name": "Schulzrinne, Henning G"
    },
    {
        "Research Interest": " Interests: computational complexity theory; randomness in computing; computational learning theory; sublinear-time algorithms ",
        "Email": "Missing",
        "Phone number": "Missing",
        "Position": " Department Chair",
        "Name": "Servedio, Rocco A."
    },
    {
        "Research Interest": " Interests: Computer Architecture; Security, VLSI design; High Performance Computing ",
        "Email": "Missing",
        "Phone number": "Missing",
        "Position": " Associate Professor",
        "Name": "Sethumadhavan, Simha "
    },
    {
        "Research Interest": "Missing",
        "Email": "Missing",
        "Phone number": "Missing",
        "Position": " Assistant Professor",
        "Name": "Smith, Brian A"
    },
    {
        "Research Interest": "Missing",
        "Email": "Missing",
        "Phone number": "Missing",
        "Position": " Assistant Professor",
        "Name": "Song, Shuran "
    },
    {
        "Research Interest": " Interests: algorithms, combinatorial optimization, network algorithms, scheduling, theory of computation ",
        "Email": "Missing",
        "Phone number": "Missing",
        "Position": " Professor, Joint with Industrial Engineering and Operations Research",
        "Name": "Stein, Clifford "
    },
    {
        "Research Interest": " Interests: computer security; intrusion and anomaly detection; embedded device security; data mining/machine learning ",
        "Email": "Missing",
        "Phone number": "Missing",
        "Position": " Professor",
        "Name": "Stolfo, Salvatore J"
    },
    {
        "Research Interest": " Interests: distributed systems, design, programming techniques, software development tools, and programming languages ",
        "Email": "Missing",
        "Phone number": "Missing",
        "Position": " Visiting Professor",
        "Name": "Stroustrup, Bjarne "
    },
    {
        "Research Interest": " Interests: machine learning, empirical inference, statistical learning theory ",
        "Email": "Missing",
        "Phone number": "Missing",
        "Position": " Professor",
        "Name": "Vapnik, Vladimir "
    },
    {
        "Research Interest": "Missing",
        "Email": "Missing",
        "Phone number": "Missing",
        "Position": " Lecturer in Discipline",
        "Name": "Verma, Nakul "
    },
    {
        "Research Interest": "Missing",
        "Email": "Missing",
        "Phone number": "Missing",
        "Position": " Assistant Professor",
        "Name": "Vondrick, Carl "
    },
    {
        "Research Interest": " Interests: Information Theory, Communication Complexity, Data-Structure Lower Bounds, Computational Economics ",
        "Email": "Missing",
        "Phone number": "Missing",
        "Position": " Assistant Professor",
        "Name": "Weinstein, Omri "
    },
    {
        "Research Interest": "Missing",
        "Email": "Missing",
        "Phone number": "Missing",
        "Position": " Avanessians Director of the Data Science Institute",
        "Name": "Wing, Jeannette M"
    },
    {
        "Research Interest": " Interests: database, visualization, data cleaning, crowd sourcing, interaction, data explanation ",
        "Email": "Missing",
        "Phone number": "Missing",
        "Position": " Assistant Professor",
        "Name": "Wu, Eugene "
    },
    {
        "Research Interest": " Interests: Operating Systems, Programming Languages, Security, Distributed Systems, Software Engineering, Networks ",
        "Email": "Missing",
        "Phone number": "Missing",
        "Position": " Associate Professor",
        "Name": "Yang, Junfeng "
    },
    {
        "Research Interest": " Interests: algorithms, complexity theory, combinatorial optimization, databases, testing and verification ",
        "Email": "Missing",
        "Phone number": "Missing",
        "Position": " Percy K. and Vida L. W. Hudson Professor of Computer Science",
        "Name": "Yannakakis, Mihalis "
    },
    {
        "Research Interest": "Missing",
        "Email": "Missing",
        "Phone number": "Missing",
        "Position": " ",
        "Name": "Yu, Zhou "
    },
    {
        "Research Interest": " Interests: Computer graphics, physically-based multi-sensory animation, computational acoustics, scientific computing, robotics ",
        "Email": "Missing",
        "Phone number": "Missing",
        "Position": " Associate Professor",
        "Name": "Zheng, Changxi "
    },
    {
        "Research Interest": " Interests: compilers, software engineering, algorithms, quantum computing ",
        "Email": "Missing",
        "Phone number": "Missing",
        "Position": " Professor Emeritus, Lawrence Gussman Professor of Computer Science",
        "Name": "Aho, Alfred V."
    },
    {
        "Research Interest": " Interests: Probabilistic Analysis of Algorithms and Networks; Stochastic Analysis: Internet Congestion, Sensor Systems, Cognitive Radio, Molecular Computing ",
        "Email": "Missing",
        "Phone number": "Missing",
        "Position": " Professor Emeritus",
        "Name": "Coffman, Ed "
    },
    {
        "Research Interest": "Missing",
        "Email": "Missing",
        "Phone number": "Missing",
        "Position": " Dean Emeritus of the Faculty of Engineering and Applied Science and Julian Clarence Levi Professor Emeritus of Mathematical Methods and Computer Science",
        "Name": "Galil, Zvi "
    },
    {
        "Research Interest": " Interests: Computational aspects of low-dimensional topology -- topological graph theory, Celtic knots, 3D-shape-modeling ",
        "Email": "Missing",
        "Phone number": "Missing",
        "Position": " Professor Emeritus of Computer Science and Statistics",
        "Name": "Gross, Jonathan L."
    },
    {
        "Research Interest": " Interests: Algorithms, Complexity, the Experimental Analysis of Algorithms, the Traveling Salesman Problem, and Bin Packing ",
        "Email": "Missing",
        "Phone number": "Missing",
        "Position": " December 9, 1945 - March 8, 2016",
        "Name": "Johnson, David S"
    },
    {
        "Research Interest": " Interests: Asynchronous and Mixed-Timing Digital Circuits and Systems, Computer-Aided Design, Networks-on-Chip, Interconnection Networks for Parallel Processors, Low-Power Digital Design ",
        "Email": "Missing",
        "Phone number": "Missing",
        "Position": " Professor Emeritus",
        "Name": "Nowick, Steven "
    },
    {
        "Research Interest": " Interests: quantum computing, information-based complexity, financial computation ",
        "Email": "Missing",
        "Phone number": "Missing",
        "Position": " June 24, 1932 - August 24, 2015",
        "Name": "Traub, Joseph F."
    },
    {
        "Research Interest": " Interests: asynchronous circuits and systems, digital logic, technology and society, engineering ethics ",
        "Email": "Missing",
        "Phone number": "Missing",
        "Position": " Professor Emeritus",
        "Name": "Unger, Stephen H"
    },
    {
        "Research Interest": " Interests: AI; machine learning and applications to power grid, epilepsy prediction, and natural language processing ",
        "Email": "Missing",
        "Phone number": "Missing",
        "Position": " May 28, 1943 - March 22, 2012",
        "Name": "Waltz, David "
    },
    {
        "Research Interest": "Missing",
        "Email": "Missing",
        "Phone number": "Missing",
        "Position": " Professor Emeritus",
        "Name": "Wozniakowski, Henryk "
    },
    {
        "Research Interest": " Interests: Biological networks and computer networks ",
        "Email": "Missing",
        "Phone number": "Missing",
        "Position": " Former Professor",
        "Name": "Yemini, Yechiam "
    }
]