[
    {
        "Research Interest": "Missing",
        "Position": "Professor of Computer Science",
        "Name": "Chris Bailey-Kellogg"
    },
    {
        "Research Interest": "Chair, Computer Science Department",
        "Position": "Professor of Computer Science",
        "Name": "Devin J. Balkcom"
    },
    {
        "Research Interest": "Missing",
        "Position": "Research Associate Professor",
        "Name": "Sergey Bratus"
    },
    {
        "Research Interest": "Missing",
        "Position": "Professor; Albert Bradley 1915 Third Century Professor ",
        "Name": "Andrew Thomas Campbell"
    },
    {
        "Research Interest": "Professor of Computer Science",
        "Position": "James Wright Professor of Music",
        "Name": "Michael A. Casey"
    },
    {
        "Research Interest": "Missing",
        "Position": "Professor of Computer Science",
        "Name": "Amit Chakrabarti"
    },
    {
        "Research Interest": "Missing",
        "Position": "Missing",
        "Name": "Deeparnab Chakrabarty"
    },
    {
        "Research Interest": "Missing",
        "Position": "Missing",
        "Name": "Hsien-Chih Chang"
    },
    {
        "Research Interest": "ACM Distinguished Educator",
        "Position": "Professor of Computer Science",
        "Name": "Thomas H. Cormen"
    },
    {
        "Research Interest": "Missing",
        "Position": "Emeritus Professor of Computer Science",
        "Name": "Robert Lewis (Scot) Drysdale, III"
    },
    {
        "Research Interest": "Adjunct Associate Professor of Biological Sciences",
        "Position": "Associate Professor of Computer Science",
        "Name": "Gevorg Grigoryan"
    },
    {
        "Research Interest": "Missing",
        "Position": "Lecturer/Faculty",
        "Name": "Patricia A. Hannaway "
    },
    {
        "Research Interest": "Missing",
        "Position": "Associate Professor of Computer Science",
        "Name": "Wojciech Jarosz"
    },
    {
        "Research Interest": "Missing",
        "Position": "Department Chair and James Frank Family Professor of Computer Science",
        "Name": "Prasad Jayanti"
    },
    {
        "Research Interest": "Missing",
        "Position": "Lecturer",
        "Name": "Sebastiaan J.\u2009C. Joosten"
    },
    {
        "Research Interest": "Missing",
        "Position": "Missing",
        "Name": "Vasanta Lakshmi Kommineni"
    },
    {
        "Research Interest": "Missing",
        "Position": "Pat and John Rosenwald Professor",
        "Name": "David Kotz"
    },
    {
        "Research Interest": "Missing",
        "Position": "Research Professor",
        "Name": "Lorie Loeb"
    },
    {
        "Research Interest": "Missing",
        "Position": "Missing",
        "Name": "James Mahoney"
    },
    {
        "Research Interest": "Missing",
        "Position": "Lecturer",
        "Name": "Timothy J. Pierson"
    },
    {
        "Research Interest": "Missing",
        "Position": "Assistant Professor of Computer Science",
        "Name": "Temiloluwa O. Prioleau"
    },
    {
        "Research Interest": "Missing",
        "Position": "Assistant Professor of Computer Science",
        "Name": "Alberto Quattrini Li"
    },
    {
        "Research Interest": "Missing",
        "Position": "Associate Dean for the Sciences",
        "Name": "Daniel Rockmore"
    },
    {
        "Research Interest": "Missing",
        "Position": "Professor of Computer Science",
        "Name": "Sean W. Smith"
    },
    {
        "Research Interest": "Missing",
        "Position": "Distinguished Professor in Cybersecurity, Technology, and Society",
        "Name": "V.S. Subrahmanian"
    },
    {
        "Research Interest": "Missing",
        "Position": "Professor of Computer Science",
        "Name": "Lorenzo Torresani"
    },
    {
        "Research Interest": "Missing",
        "Position": "Senior Lecturer in Computer Science",
        "Name": "Tim Tregubov"
    },
    {
        "Research Interest": "Missing",
        "Position": "Assistant Professor of Computer Science",
        "Name": "Soroush Vosoughi"
    },
    {
        "Research Interest": "Missing",
        "Position": "Professor of Computer Science",
        "Name": "Peter Winkler"
    },
    {
        "Research Interest": "Missing",
        "Position": "Assistant Professor of Computer Science",
        "Name": "Xing-Dong Yang"
    },
    {
        "Research Interest": "Missing",
        "Position": "Missing",
        "Name": "Xia Zhou"
    },
    {
        "Research Interest": "Missing",
        "Position": "Assistant Professor of Computer Science",
        "Name": "Bo Zhu"
    },
    {
        "Research Interest": "Missing",
        "Position": "Dorothy and Walter Gramm Professor of Engineering",
        "Name": "George Cybenko"
    },
    {
        "Research Interest": "Missing",
        "Position": "Adjunct Associate Professor of Computer Science",
        "Name": "Amro M. Farid"
    },
    {
        "Research Interest": "Missing",
        "Position": "Missing",
        "Name": "Yaroslav O. Halchenko"
    },
    {
        "Research Interest": "Missing",
        "Position": "Assistant Professor of Engineering",
        "Name": "Ryan Halter"
    },
    {
        "Research Interest": "Missing",
        "Position": "Associate Professor of Biomedical Data Science",
        "Name": "Saeed Hassanpour"
    },
    {
        "Research Interest": "Missing",
        "Position": "Assistant Professor of Health Policy &amp; Clinical Practice at The Dartmouth Institute for Health Policy &amp; Clinical Practice",
        "Name": "Inas Khayal"
    },
    {
        "Research Interest": "Missing",
        "Position": "Adjunct Professor",
        "Name": "Douglas McIlroy"
    },
    {
        "Research Interest": "Missing",
        "Position": "Adjunct Professor of Computer Science",
        "Name": "James O\u2019Malley"
    },
    {
        "Research Interest": "Missing",
        "Position": "Adjunct Professor of Computer Science",
        "Name": "Charles C. Palmer "
    },
    {
        "Research Interest": "Missing",
        "Position": "Professor of Engineering",
        "Name": "Eugene Santos Jr."
    },
    {
        "Research Interest": "Missing",
        "Position": "Adjunct Assistant Professor of Computer Science",
        "Name": "Emily Whiting"
    },
    {
        "Research Interest": "Missing",
        "Position": "Adjunct Associate Professor of Computer Science",
        "Name": "Olga Zhaxybayeva"
    }
]