[
    {
        "Research Interest": "Missing",
        "Phone number": "(919) 660-6548",
        "Position": "Professor of Computer Science and Mathematics",
        "Name": "Agarwal, Pankaj K.",
        "Email": "Missing"
    },
    {
        "Research Interest": "Missing",
        "Phone number": "(919) 660-6522",
        "Position": "Associate Director of Undergraduate Studies and Professor of the Practice of Computer Science",
        "Name": "Astrachan, Owen",
        "Email": "Missing"
    },
    {
        "Research Interest": "Missing",
        "Phone number": "(919) 660-6579",
        "Position": "Associate Professor of Computer Science, Biochemistry, and Electrical &amp; Computer Engineering",
        "Name": "Bartesaghi, Alberto",
        "Email": "Missing"
    },
    {
        "Research Interest": "Missing",
        "Phone number": "(919) 660-5272",
        "Position": "Duke University Associate CIO and Associate Professor of Electrical &amp; Computer Engineering and Computer Science",
        "Name": "Board, John",
        "Email": "Missing"
    },
    {
        "Research Interest": "Missing",
        "Phone number": "(919) 613-7874",
        "Position": "Director of Rhodes iiD and Professor of Computer Science, Mathematics, Electrical &amp; Computer Engineering, and Physics",
        "Name": "Calderbank, Robert",
        "Email": "Missing"
    },
    {
        "Research Interest": "Missing",
        "Phone number": "(919) 660-5270",
        "Position": "Vice President for Research and Professor of Electrical &amp; Computer Engineering, Statistical Science, and Computer Science",
        "Name": "Carin, Lawrence",
        "Email": "Missing"
    },
    {
        "Research Interest": "Missing",
        "Phone number": "(919) 660-5421",
        "Position": "Assistant Professor of Civil &amp; Environmental Eng, Biostatistics &amp; Bioinformatics, Electrical &amp; Computer Eng and Computer Science",
        "Name": "Carlson, David",
        "Email": "Missing"
    },
    {
        "Research Interest": "Missing",
        "Phone number": "(919) 660-5270",
        "Position": "Chair of Electrical &amp; Computer Engineering and Professor of Electrical &amp; Computer Engineering and Computer Science",
        "Name": "Chakrabarty, Krishnendu",
        "Email": "Missing"
    },
    {
        "Research Interest": "Missing",
        "Phone number": "(919) 660-6559",
        "Position": "Interim Director of Graduate Studies and Professor of Computer Science",
        "Name": "Chase, Jeffrey",
        "Email": "Missing"
    },
    {
        "Research Interest": "Missing",
        "Phone number": "(919) 660-1372",
        "Position": "Professor of Electrical &amp; Computer Engineering and Computer Science",
        "Name": "Chen, Yiran",
        "Email": "Missing"
    },
    {
        "Research Interest": "Missing",
        "Phone number": "(919) 660-6503",
        "Position": "University Distinguished Professor of New Technologies and Professor of Computer Science, Economics, and Philosophy",
        "Name": "Conitzer, Vincent",
        "Email": "Missing"
    },
    {
        "Research Interest": "Missing",
        "Phone number": "(919) 660-5306",
        "Position": "Professor of Electrical &amp; Computer Engineering and Computer Science",
        "Name": "Cummings, Missy",
        "Email": "Missing"
    },
    {
        "Research Interest": "Missing",
        "Phone number": "(202) 922-7339",
        "Position": "Associate Professor of the Practice of Electrical &amp; Computer Engineering and Computer Science",
        "Name": "Daily, Shani",
        "Email": "Missing"
    },
    {
        "Research Interest": "Missing",
        "Phone number": "Missing",
        "Position": "Assistant Professor of Computer Science - joining Duke in Fall 2021",
        "Name": "Dhingra, Bhuwan",
        "Email": "Missing"
    },
    {
        "Research Interest": "Missing",
        "Phone number": "(919) 660-6583",
        "Position": "Professor of Computer Science, Biochemistry, Chemistry, Mathematics, and Electrical &amp; Computer Engineering",
        "Name": "Donald, Bruce",
        "Email": "Missing"
    },
    {
        "Research Interest": "Missing",
        "Phone number": "(919) 660-6567",
        "Position": "Senior Lecturer of Computer Science",
        "Name": "Duvall, Robert",
        "Email": "Missing"
    },
    {
        "Research Interest": "Missing",
        "Phone number": "(919) 660-6504",
        "Position": "Assistant Professor of the Practice of Computer Science",
        "Name": "Fain, Brandon",
        "Email": "Missing"
    },
    {
        "Research Interest": "Missing",
        "Phone number": "(919) 684-6642",
        "Position": "Associate Professor of Biomedical Engineering, Ophthalmology, Electrical &amp; Computer Engineering, and Computer Science",
        "Name": "Farsiu, Sina",
        "Email": "Missing"
    },
    {
        "Research Interest": "Missing",
        "Phone number": "(919) 660-7330",
        "Position": "Assistant Professor of Computer Science and Mathematics",
        "Name": "Ge, Rong",
        "Email": "Missing"
    },
    {
        "Research Interest": "Missing",
        "Phone number": "(919) 660-5570",
        "Position": "Assistant Professor of Electrical &amp; Computer Engineering and Computer Science",
        "Name": "Gong, Neil",
        "Email": "Missing"
    },
    {
        "Research Interest": "Missing",
        "Phone number": "(919) 660-6547",
        "Position": "Associate Professor of Biostatistics &amp; Bioinformatics, Computer Science, and Molecular Genetics &amp; Microbiology",
        "Name": "Gordan, Raluca-Mihaela",
        "Email": "Missing"
    },
    {
        "Research Interest": "Missing",
        "Phone number": "(919) 660-5077",
        "Position": "Assistant Professor of Electrical &amp; Computer Engineering and Computer Science",
        "Name": "Gorlatova, Maria",
        "Email": "Missing"
    },
    {
        "Research Interest": "Missing",
        "Phone number": "(919) 681-6536",
        "Position": "Professor of Psychology &amp; Neuroscience, Neurobiology, and Computer Science",
        "Name": "Groh, Jennifer",
        "Email": "Missing"
    },
    {
        "Research Interest": "Missing",
        "Phone number": "(919) 660-6514",
        "Position": "Professor of Computer Science and Biology",
        "Name": "Hartemink, Alexander",
        "Email": "Missing"
    },
    {
        "Research Interest": "Missing",
        "Phone number": "(919) 684-3437",
        "Position": "Assistant Research Professor of Statistical Science and Computer Science",
        "Name": "Heller, Katherine",
        "Email": "Missing"
    },
    {
        "Research Interest": "Missing",
        "Phone number": "(919) 660-6551",
        "Position": "Professor of Computer Science and Electrical &amp; Computer Engineering",
        "Name": "Lebeck, Alvin",
        "Email": "Missing"
    },
    {
        "Research Interest": "Missing",
        "Phone number": "(919) 660-5043",
        "Position": "Associate Professor of Electrical &amp; Computer Engineering and Computer Science",
        "Name": "Lee, Benjamin",
        "Email": "Missing"
    },
    {
        "Research Interest": "Missing",
        "Phone number": "mlentz at cs.duke.edu",
        "Position": "Assistant Professor of Computer Science - Scholar in Residence 2020-21; joining Duke in Fall 2021",
        "Name": "Lentz, Matt",
        "Email": "Missing"
    },
    {
        "Research Interest": "Missing",
        "Phone number": "(919) 660-1373",
        "Position": "Professor of Electrical &amp; Computer Engineering and Computer Science",
        "Name": "Li, Helen",
        "Email": "Missing"
    },
    {
        "Research Interest": "Missing",
        "Phone number": "(919) 660-6590",
        "Position": "Director of Graduate Studies and Associate Professor of Computer Science",
        "Name": "Machanavajjhala, Ashwin",
        "Email": "Missing"
    },
    {
        "Research Interest": "Missing",
        "Phone number": "(919) 660-6523",
        "Position": "Professor of Computer Science and Electrical &amp; Computer Engineering",
        "Name": "Maggs, Bruce",
        "Email": "Missing"
    },
    {
        "Research Interest": "Missing",
        "Phone number": "(919) 684-4608",
        "Position": "Professor of Statistical Science, Mathematics, and Computer Science",
        "Name": "Mukherjee, Sayan",
        "Email": "Missing"
    },
    {
        "Research Interest": "Missing",
        "Phone number": "(919) 660-6598",
        "Position": "Associate Chair and Professor of Computer Science",
        "Name": "Munagala, Kamesh",
        "Email": "Missing"
    },
    {
        "Research Interest": "Missing",
        "Phone number": "(919) 660-6576",
        "Position": "Assistant Professor of Computer Science",
        "Name": "Nayak, Kartik",
        "Email": "Missing"
    },
    {
        "Research Interest": "Missing",
        "Phone number": "(919) 660-5580",
        "Position": "Associate Professor of Electrical &amp; Computer Engineering and Computer Science",
        "Name": "Pajic, Miroslav",
        "Email": "Missing"
    },
    {
        "Research Interest": "Missing",
        "Phone number": "(919) 660-6545",
        "Position": "Associate Professor of Computer Science",
        "Name": "Panigrahi, Debmalya",
        "Email": "Missing"
    },
    {
        "Research Interest": "Missing",
        "Phone number": "(919) 660-6537",
        "Position": "Professor of Computer Science",
        "Name": "Parr, Ronald",
        "Email": "Missing"
    },
    {
        "Research Interest": "Missing",
        "Phone number": "(919) 660-5425",
        "Position": "Assistant Professor of Biomedical Sciences, Biomedical Engineering, Computer Science, and Mathematics",
        "Name": "Randles, Amanda",
        "Email": "Missing"
    },
    {
        "Research Interest": "Missing",
        "Phone number": "(919) 660-6568",
        "Position": "Professor of Computer Science and Electrical &amp; Computer Engineering",
        "Name": "Reif, John",
        "Email": "Missing"
    },
    {
        "Research Interest": "Missing",
        "Phone number": "(919) 660-6524",
        "Position": "Professor of Computer Science and Electrical &amp; Computer Engineering - Visiting Fall 2020; joining Duke in Spring 2021",
        "Name": "Reiter, Michael",
        "Email": "Missing"
    },
    {
        "Research Interest": "Missing",
        "Phone number": "(919) 660-6595",
        "Position": "Director of Undergraduate Studies and Professor of the Practice of Computer Science",
        "Name": "Rodger, Susan",
        "Email": "Missing"
    },
    {
        "Research Interest": "Missing",
        "Phone number": "(919) 660-6516",
        "Position": "Associate Professor of Computer Science and Mathematics",
        "Name": "Rossman, Benjamin",
        "Email": "Missing"
    },
    {
        "Research Interest": "Missing",
        "Phone number": "(919) 660-6596",
        "Position": "Assistant Professor of Computer Science",
        "Name": "Roy, Sudeepa",
        "Email": "Missing"
    },
    {
        "Research Interest": "Missing",
        "Phone number": "(919) 660-6555",
        "Position": "Professor of Computer Science, Electrical &amp; Computer Engineering, Mathematics, and Statistical Science",
        "Name": "Rudin, Cynthia",
        "Email": "Missing"
    },
    {
        "Research Interest": "Missing",
        "Phone number": "(919) 660-5252",
        "Position": "Professor of Electrical &amp; Computer Engineering, Computer Science, and Mathematics",
        "Name": "Sapiro, Guillermo",
        "Email": "Missing"
    },
    {
        "Research Interest": "Missing",
        "Phone number": "(919) 684-8064",
        "Position": "Associate Professor of Statistical Science and Computer Science",
        "Name": "Schmidler, Scott",
        "Email": "Missing"
    },
    {
        "Research Interest": "Missing",
        "Phone number": "(919) 660-5275",
        "Position": "Professor of Electrical &amp; Computer Engineering and Computer Science",
        "Name": "Sorin, Daniel",
        "Email": "Missing"
    },
    {
        "Research Interest": "Missing",
        "Phone number": "(919) 684-4210",
        "Position": "Assistant Professor of Statistical Science, Biostatistics &amp; Bioinformatics, and Computer Science",
        "Name": "Steorts, Rebecca",
        "Email": "Missing"
    },
    {
        "Research Interest": "Missing",
        "Phone number": "(919) 660-6581",
        "Position": "Assistant Professor of the Practice of Computer Science",
        "Name": "Stephens-Martinez, Kristin",
        "Email": "Missing"
    },
    {
        "Research Interest": "Missing",
        "Phone number": "(919) 660-6518",
        "Position": "Professor of Computer Science",
        "Name": "Sun, Xiaobai",
        "Email": "Missing"
    },
    {
        "Research Interest": "Missing",
        "Phone number": "(919) 660-7594",
        "Position": "Professor of Electrical &amp; Computer Engineering, Mathematics, and Computer Science",
        "Name": "Tarokh, Vahid",
        "Email": "Missing"
    },
    {
        "Research Interest": "Missing",
        "Phone number": "(919) 660-6539",
        "Position": "Professor of Computer Science",
        "Name": "Tomasi, Carlo",
        "Email": "Missing"
    },
    {
        "Research Interest": "Missing",
        "Phone number": "(919) 660-5269",
        "Position": "Professor of Electrical &amp; Computer Engineering and Computer Science",
        "Name": "Trivedi, Kishor",
        "Email": "Missing"
    },
    {
        "Research Interest": "Missing",
        "Phone number": "(919) 684-4210",
        "Position": "Assistant Professor of Statistical Science and Computer Science",
        "Name": "Volfovsky, Alexander",
        "Email": "Missing"
    },
    {
        "Research Interest": "Missing",
        "Phone number": "(919) 660-6550",
        "Position": "Professor of the Practice of Computer Science",
        "Name": "Washington, Nicki",
        "Email": "Missing"
    },
    {
        "Research Interest": "Missing",
        "Phone number": "(919) 660-6566",
        "Position": "Assistant Professor of Computer Science and Electrical &amp; Computer Engineering",
        "Name": "Wills, Lisa",
        "Email": "Missing"
    },
    {
        "Research Interest": "Missing",
        "Phone number": "swiseman at ttic.edu",
        "Position": "Assistant Professor of Computer Science - Scholar in Residence 2020-21, joining Duke in Fall 2021",
        "Name": "Wiseman, Sam",
        "Email": "Missing"
    },
    {
        "Research Interest": "Missing",
        "Phone number": "(919) 660-6587",
        "Position": "Chair and Professor of Computer Science",
        "Name": "Yang, Jun",
        "Email": "Missing"
    },
    {
        "Research Interest": "Missing",
        "Phone number": "(919) 660-6536",
        "Position": "Associate Professor of Computer Science and Electrical &amp; Computer Engineering",
        "Name": "Yang, Xiaowei",
        "Email": "Missing"
    },
    {
        "Research Interest": "Missing",
        "Phone number": "(919) 660-5528",
        "Position": "Associate Professor of Mechanical Engineering &amp; Materials Science, Electrical &amp; Computer Engineering, and Computer Science",
        "Name": "Zavlanos, Michael",
        "Email": "Missing"
    },
    {
        "Research Interest": "Missing",
        "Phone number": "Missing",
        "Position": "Assistant Professor of Computer Science - joining Duke in Fall 2021",
        "Name": "Zhang, Fan",
        "Email": "Missing"
    },
    {
        "Research Interest": "Missing",
        "Phone number": "(919) 660-6531",
        "Position": "Assistant Professor of Computer Science",
        "Name": "Zhuo, Danyang",
        "Email": "Missing"
    },
    {
        "Research Interest": "Missing",
        "Phone number": "(919) 660-4022",
        "Position": "Professor Emeritus",
        "Name": "Biermann, Alan",
        "Email": "Missing"
    },
    {
        "Research Interest": "Missing",
        "Phone number": "carla at cs.duke.edu",
        "Position": "Professor Emeritus",
        "Name": "Ellis, Carla",
        "Email": "Missing"
    },
    {
        "Research Interest": "Missing",
        "Phone number": "dwl at cs.duke.edu",
        "Position": "Professor Emeritus",
        "Name": "Loveland, Donald",
        "Email": "Missing"
    },
    {
        "Research Interest": "Missing",
        "Phone number": "(919) 660-6543",
        "Position": "Professor Emeritus",
        "Name": "Lucic, Richard",
        "Email": "Missing"
    },
    {
        "Research Interest": "Missing",
        "Phone number": "mlp31 at duke.edu",
        "Position": "Professor Emeritus",
        "Name": "Patrick, Merrell",
        "Email": "Missing"
    },
    {
        "Research Interest": "Missing",
        "Phone number": "(919) 660-6532",
        "Position": "Professor Emeritus",
        "Name": "Ramm, Dietolf",
        "Email": "Missing"
    },
    {
        "Research Interest": "Missing",
        "Phone number": "frank.starmer at duke.edu",
        "Position": "Professor Emeritus",
        "Name": "Starmer, Frank",
        "Email": "Missing"
    },
    {
        "Research Interest": "Missing",
        "Phone number": "shivnath at cs.duke.edu",
        "Position": "Adjunct Faculty",
        "Name": "Babu, Shivnath",
        "Email": "Missing"
    },
    {
        "Research Interest": "Missing",
        "Phone number": "University of North Carolina at Chapel Hill",
        "Position": "Adjunct Faculty",
        "Name": "Baldin, Ilya",
        "Email": "Missing"
    },
    {
        "Research Interest": "Missing",
        "Phone number": "mph13 at cs.duke.edu",
        "Position": "Visiting Professor of Computer Science",
        "Name": "Hewner, Mike",
        "Email": "Missing"
    },
    {
        "Research Interest": "Missing",
        "Phone number": "(919) 660-6562",
        "Position": "Adjunct Faculty",
        "Name": "Kaltofen, Erich",
        "Email": "Missing"
    },
    {
        "Research Interest": "Missing",
        "Phone number": "gdk at cs.duke.edu",
        "Position": "Adjunct Faculty",
        "Name": "Konidaris, George",
        "Email": "Missing"
    },
    {
        "Research Interest": "Missing",
        "Phone number": "NCSU",
        "Position": "Adjunct Faculty",
        "Name": "LaBean, Thom",
        "Email": "Missing"
    },
    {
        "Research Interest": "Missing",
        "Phone number": "avp12 at cs.duke.edu",
        "Position": "Instructional Staff",
        "Name": "Patel, Ajay",
        "Email": "Missing"
    },
    {
        "Research Interest": "Missing",
        "Phone number": "(919) 660-6562",
        "Position": "Adjunct Faculty",
        "Name": "Pitsianis, Nikos",
        "Email": "Missing"
    },
    {
        "Research Interest": "Missing",
        "Phone number": "dquan at cs.duke.edu",
        "Position": "Adjunct Faculty",
        "Name": "Quan, Dennis",
        "Email": "Missing"
    },
    {
        "Research Interest": "Missing",
        "Phone number": "hwt2 at cs.duke.edu",
        "Position": "Instructional Staff",
        "Name": "Thomas, Hugh",
        "Email": "Missing"
    }
]