[
    {
        "Position": "  Winship Distinguished Research Associate Professor\u200b, ",
        "Research Interest": "  Groups:  Data Management and Informatics Biomedical Informatics",
        "Name": "Eugene Agichtein, Ph.D."
    },
    {
        "Position": "  Associate Professor, ",
        "Research Interest": "  Groups:  Data and Networked Systems",
        "Name": "Dorian Arnold, Ph.D."
    },
    {
        "Position": "  Assistant Professor\u200b, ",
        "Research Interest": "  Groups:     Biomedical Informatics  Data Mining and Machine Learning  Imaging Informatics",
        "Name": "  Imon Banerjee, Ph.D.  "
    },
    {
        "Position": "  Associate Professor, ",
        "Research Interest": "  Groups:     Biomedical Informatics  Data Mining and Machine Learning ,  Biostatistics  ",
        "Name": "  Manoj K. Bhasin, Ph.D.  "
    },
    {
        "Position": "  Associate Professor, ",
        "Research Interest": "  Groups:  Databases and Information Management Data Systems and Networks",
        "Name": "Shun Yan Cheung, Ph.D."
    },
    {
        "Position": "  Assistant Professor, ",
        "Research Interest": "  Groups:  Data Management and Informatics",
        "Name": "Jinho Choi, Ph.D."
    },
    {
        "Position": "  Professor and Chair, ",
        "Research Interest": "  Groups:  Biomedical Informatics Data Mining and Machine Learning",
        "Name": "Gari Clifford, D. Phil."
    },
    {
        "Position": "  Lecturer, ",
        "Research Interest": "  Groups:  Data and Networked Systems\u200b",
        "Name": "Nosayba El-Sayed, Ph.D."
    },
    {
        "Position": "  Senior Lecturer, ",
        "Research Interest": "  Groups:  Databases and Information Management\u200b Data Mining and Machine Learning",
        "Name": "Davide Fossati, Ph.D."
    },
    {
        "Position": "  Associate Professor, ",
        "Research Interest": "   Groups:  Theory and Algorithms\u200b",
        "Name": "Michelangelo Grigni, Ph.D."
    },
    {
        "Position": "  Assistant Professor, ",
        "Research Interest": "  Groups:  Data Mining and Machine Learning\u200b",
        "Name": "Joyce Ho, Ph.D."
    },
    {
        "Position": "  Assistant Professor, ",
        "Research Interest": "  Groups:     Biomedical Informatics",
        "Name": "  Rishi Kamaleswaran, Ph.D.  "
    },
    {
        "Position": "  Assistant Professor, ",
        "Research Interest": "  Groups:  Biomedical Informatics\u200b Data Mining and Machine Learning",
        "Name": "Qiao Li, Ph.D."
    },
    {
        "Position": "  Associate Professor, ",
        "Research Interest": "  Groups:  Databases and Information Management",
        "Name": "James Lu, Ph.D."
    },
    {
        "Position": "  Associate Professor, ",
        "Research Interest": "  Groups:  Data and Networked Systems\u200b",
        "Name": "Ken Mandelberg, Ph.D."
    },
    {
        "Position": "  Assistant Professor, ",
        "Research Interest": "  Groups:    Biomedical Informatics",
        "Name": "  J. Lucas McKay, Ph.D. MSCR  "
    },
    {
        "Position": "  Samuel Candler Dobbs Professor of Mathematics  ",
        "Research Interest": "  Groups:   Scientific Computing\u200b",
        "Name": "James Nagy, Ph.D."
    },
    {
        "Position": "  Associate Professor, ",
        "Research Interest": "  Groups:   Data Mining and Machine Learning\u200b",
        "Name": "Zhaohui \"Steve\" Qin, Ph.D."
    },
    {
        "Position": "  Assistant Professor and Vice Chair for Education and Training, ",
        "Research Interest": "  Groups:   Biomedical Informatics  Data Mining and Machine Learning\u200b",
        "Name": "  Matt Reyna, Ph.D.  "
    },
    {
        "Position": "  Assistant Professor, ",
        "Research Interest": "  Groups:  Scientific Computing\u200b",
        "Name": "Lars Ruthotto, Ph.D."
    },
    {
        "Position": "  Associate Professor, ",
        "Research Interest": "  Groups:   Biomedical Informatics",
        "Name": "Reza Sameni, Ph.D."
    },
    {
        "Position": "  Assistant Professor\u200b, ",
        "Research Interest": "  Groups:     Biomedical Informatics  Center for Language and Information Research  Databases and Information Management",
        "Name": "  Abeed Sarker, Ph.D.  "
    },
    {
        "Position": "  Associate Professor\u200b, ",
        "Research Interest": "  Groups:   Biomedical Informatics  Imaging Informatics",
        "Name": "Ashish Sharma, Ph.D."
    },
    {
        "Position": "  Associate Professor\u200b, ",
        "Research Interest": "  Groups:   Biomedical Informatics Data Mining and Machine Learning",
        "Name": "Yan Sun, Ph.D."
    },
    {
        "Position": "  Samuel Candler Dobbs Professor of Computer Science  ",
        "Research Interest": "  Groups:   Data Systems and Networks  Databases and Information Management",
        "Name": "Vaidy Sunderam, Ph.D."
    },
    {
        "Position": "  Professor, ",
        "Research Interest": "  Groups:   Scientific Computing",
        "Name": "Alessandro Veneziani, Ph.D."
    },
    {
        "Position": "  Assistant Professor, ",
        "Research Interest": "  Groups:   Data Systems and Networks Databases and Information Management",
        "Name": "Ymir Vigfusson, Ph.D."
    },
    {
        "Position": "  Assistant Professor, ",
        "Research Interest": "  Groups:  Human Computer Interaction",
        "Name": "Emily Wall, Ph.D."
    },
    {
        "Position": "  Professor, ",
        "Research Interest": "  Groups:   Biostatistics",
        "Name": "Lance Waller, Ph.D."
    },
    {
        "Position": "  Assistant Professor, ",
        "Research Interest": "  Groups:   Data Systems and Networks  Data Management and Informatics  Computational Neuroscience",
        "Name": "Avani Wildani, Ph.D."
    },
    {
        "Position": "  Associate Professor, ",
        "Research Interest": "Missing",
        "Name": "  Hao Wu, Ph.D.  "
    },
    {
        "Position": "  Professor, ",
        "Research Interest": "  Groups:   Data Management and Informatics  Biomedical Informatics",
        "Name": "Li Xiong, Ph.D."
    },
    {
        "Position": "  Assistant Professor, ",
        "Research Interest": "  Groups:    Data Mining and Machine Learning",
        "Name": "  Carl Yang, Ph.D.  "
    },
    {
        "Position": "  Associate Professor, ",
        "Research Interest": "  Groups: Metabolomics, Pharmacogenomics, Systems Biology   ",
        "Name": "  Tianwei Yu, Ph.D.   "
    },
    {
        "Position": "  Assistant Professor, ",
        "Research Interest": "  Groups:    Data Mining and Machine Learning",
        "Name": "  Liang Zhao, Ph.D.  "
    },
    {
        "Position": "  Associate Professor, ",
        "Research Interest": "  Groups:  Biomedical Informatics",
        "Name": "Lee Cooper, Ph.D."
    },
    {
        "Position": "  Associate Professor, ",
        "Research Interest": "  Groups:  Biomedical Informatics\u200b , Machine Learning  ",
        "Name": "Jun Kong, Ph.D."
    },
    {
        "Position": "  Director of Predictive Health Analytics, ",
        "Research Interest": "  Groups:   Biomedical Informatics\u200b Data Mining and Machine Learning Computational Neuroscience\u200b",
        "Name": "Shamim Nemati, Ph.D."
    }
]