[
    {
        "Position": "Professor and Robert L. McDevitt, K.S.G., K.C.H.S. and Catherine H. McDevitt L.C.H.S. Chair",
        "Research Interest": ": Cryptography, computer and network security, and technology policy research",
        "Name": "Matt Blaze",
        "Email": "mab497@georgetown.edu",
        "Phone number": "Missing"
    },
    {
        "Position": ": Assistant Teaching Professor",
        "Research Interest": ": intelligent virtual agents, game-based learning, CS education",
        "Name": "Philip Buffum",
        "Email": "pb925@georgetown.edu",
        "Phone number": "Missing"
    },
    {
        "Position": ": Research Professor",
        "Research Interest": ": cyber security and secure communications, network protocols and architectures, Internet governance",
        "Name": "Eric Burger",
        "Email": "ewb25@georgetown.edu",
        "Phone number": "Missing"
    },
    {
        "Position": ": Assistant Teaching Professor",
        "Research Interest": ": switched and hybrid systems control, distributed semidefinite programming",
        "Name": "Ray Essick",
        "Email": "ray.essick@georgetown.edu",
        "Phone number": "Missing"
    },
    {
        "Position": ": Provost&#8217;s DistinguishedAssociate Professor,Wagner Term Chair",
        "Research Interest": ": algorithm design and analysis, data structures, parallel algorithms, scheduling, memory-efficient algorithms",
        "Name": "Jeremy Fineman",
        "Email": "jfineman@cs.georgetown.edu",
        "Phone number": "Missing"
    },
    {
        "Position": ": Professor",
        "Research Interest": ": information retrieval, medical informatics, &amp; communication systems",
        "Name": "Ophir Frieder",
        "Email": "ophir@cs.georgetown.edu",
        "Phone number": "Missing"
    },
    {
        "Position": ": Clinical Professor",
        "Research Interest": ": information retrieval and text mining, medical informatics, and social media mining",
        "Name": "Nazli Goharian",
        "Email": "nazli@ir.cs.georgetown.edu",
        "Phone number": "Missing"
    },
    {
        "Position": ": Assistant Professor",
        "Research Interest": ": computational complexity, algorithms, pseudorandomness, cryptography, and learning theory",
        "Name": "Sasha Golovnev",
        "Email": "ag2074@georgetown.edu",
        "Phone number": "Missing"
    },
    {
        "Position": ": Craves Family Professor",
        "Research Interest": ": algorithms: on-line, parallel and/or randomized, concrete complexity, theory of learning, next generation network and bioinformatics",
        "Name": "Bala Kalyanasundaram",
        "Email": "kalyan@cs.georgetown.edu",
        "Phone number": "Missing"
    },
    {
        "Position": ": Professor",
        "Research Interest": ": machine learning, data mining, online learning, concept drift, applications of machine learning and data mining to computer security",
        "Name": "Mark Maloof",
        "Email": "maloof@cs.georgetown.edu",
        "Phone number": "Missing"
    },
    {
        "Position": ": Research Professor",
        "Research Interest": ": information security, cryptography, cryptographic protocols, privacy enhancing technology, blockchain, cryptocurrency and crypto-economics",
        "Name": "Shin&#8217;ichiro Matsuo",
        "Email": "sm3377@georgetown.edu",
        "Phone number": "Missing"
    },
    {
        "Position": ": Professor of Practice",
        "Research Interest": ": GPU computing and visualization",
        "Name": "Jami Montgomery",
        "Email": "jmontgomery@cs.georgetown.edu",
        "Phone number": "Missing"
    },
    {
        "Position": ": Provost&#8217;s Distinguished Associate Professor",
        "Research Interest": ": distributed algorithms, wireless networks",
        "Name": "Calvin Newport",
        "Email": "cnewport@cs.georgetown.edu",
        "Phone number": "Missing"
    },
    {
        "Position": ": Professor, Robert L. McDevitt, K.S.G., K.C.H.S. and Catherine H. McDevitt, L.C.H.S. Term Chair in Computer Science",
        "Research Interest": ": cryptography, differential privacy, privacy lawand policy",
        "Name": "Kobbi Nissim",
        "Email": "yn171@georgetown.edu",
        "Phone number": "Missing"
    },
    {
        "Position": ": Assistant Professor (joint with Linguistics)",
        "Research Interest": ": computational linguistics and natural language processing, including corpus annotation, machine learning, and applications",
        "Name": "Nathan Schneider",
        "Email": "nathan.schneider@georgetown.edu",
        "Phone number": "Missing"
    },
    {
        "Position": ": Provost&#8217;s Distinguished Associate Professor",
        "Research Interest": ": security, privacy, networks",
        "Name": "Micah Sherr",
        "Email": "msherr@cs.georgetown.edu",
        "Phone number": "Missing"
    },
    {
        "Position": ": Professor",
        "Research Interest": ": computer security, network security, digital forensics",
        "Name": "Clay Shields",
        "Email": "clay@cs.georgetown.edu",
        "Phone number": "Missing"
    },
    {
        "Position": ": Professor",
        "Research Interest": ": data mining, social mining, privacy, visual analytics, data science, databases",
        "Name": "Lisa Singh",
        "Email": "singh@cs.georgetown.edu",
        "Phone number": "Missing"
    },
    {
        "Position": ": Research Professor",
        "Research Interest": ": distributed systems, knowledge representation and reasoning, privacy, dynamic computation",
        "Name": "J. Smart",
        "Email": "smart@georgetown.edu",
        "Phone number": "Missing"
    },
    {
        "Position": ": Associate Professor",
        "Research Interest": ": parallel computation in bulk media, naturalized theory of computation, computational constraints of human communication",
        "Name": "Richard Squier",
        "Email": "squier@georgetown.edu",
        "Phone number": "Missing"
    },
    {
        "Position": ": Assistant Professor",
        "Research Interest": ": algorithms for massive data sets, verifiable computation, computational learning",
        "Name": "Justin Thaler",
        "Email": "justin.thaler@georgetown.edu",
        "Phone number": "Missing"
    },
    {
        "Position": ": Assistant Professor",
        "Research Interest": ": security, networking, systems, provenance, accountability, data protection",
        "Name": "Benjamin Ujcich",
        "Email": "bu31@georgetown.edu",
        "Phone number": "Missing"
    },
    {
        "Position": ": Professor and Department Chair. Robert L. McDevitt, K.S.G., K.C.H.S. and Catherine H. McDevitt L.C.H.S. Chair ",
        "Research Interest": ": distributed algorithms and systems, secure/fault-tolerant algorithms for optimization and machine learning",
        "Name": "Nitin Vaidya",
        "Email": "nitin.vaidya@georgetown.edu",
        "Phone number": "Missing"
    },
    {
        "Position": ": Professor. McBride Family Endowed Chair",
        "Research Interest": ": learning theory, algorithms, and bioinformatics",
        "Name": "Mahe Velauthapillai",
        "Email": "mahe@cs.georgetown.edu",
        "Phone number": "Missing"
    },
    {
        "Position": ": Assistant Teaching Professor",
        "Research Interest": ": database management, knowledge management, data warehousing, software engineering",
        "Name": "Addison Woods",
        "Email": "waw23@georgetown.edu",
        "Phone number": "Missing"
    },
    {
        "Position": ": Associate Professor",
        "Research Interest": ": information retrieval, deep reinforcement learning, machine learning, ontology, question answering, privacy",
        "Name": "Grace Hui Yang",
        "Email": "huiyang@cs.georgetown.edu",
        "Phone number": "Missing"
    },
    {
        "Position": ": AssociateProfessor",
        "Research Interest": ": database, networking, distributed systems and provenance",
        "Name": "Wenchao Zhou",
        "Email": "wzhou@cs.georgetown.edu",
        "Phone number": "Missing"
    }
]