[
    {
        "Name": "Jacob Abernethy",
        "Position": " Assistant Professor ",
        "Research Interest": " Machine Learning",
        "Phone number": "Missing"
    },
    {
        "Name": "Mustaque Ahamad",
        "Position": " Professor; Associate Director \\xe2\\x80\\x93 Educational Outreach, Institute for Information Security &amp; Privacy ",
        "Research Interest": " Cybersecurity, Distributed Systems",
        "Phone number": "Missing"
    },
    {
        "Name": "Mostafa Ammar",
        "Position": " SCS Interim Chair, Regents&#039; Professor ",
        "Research Interest": " Networking",
        "Phone number": "Missing"
    },
    {
        "Name": "Joy Arulraj",
        "Position": " Assistant Professor ",
        "Research Interest": " Database systems, machine learning",
        "Phone number": "Missing"
    },
    {
        "Name": "Alexandra Boldyreva",
        "Position": " Associate Chair-Academic, Professor; Coordinator, M.S. in Information Security ",
        "Research Interest": " Cryptography, Information Security",
        "Phone number": "Missing"
    },
    {
        "Name": "Xu Chu",
        "Position": " Assistant Professor ",
        "Research Interest": " Data Management, Machine Learning, Data Science",
        "Phone number": "Missing"
    },
    {
        "Name": "Thomas Conte",
        "Position": " Co-Director for Center for Research into Novel Computing Hierarchies (CRNCH), Professor, joint with ECE ",
        "Research Interest": " Computer architecture",
        "Phone number": "Missing"
    },
    {
        "Name": "Alexandros Daglis",
        "Position": " Assistant Professor ",
        "Research Interest": " Architecture",
        "Phone number": "Missing"
    },
    {
        "Name": "Richard DeMillo",
        "Position": " Professor, Charlotte B. and Roger C. Warren Chair of Computing, and Executive Director, Center for 21st Century Universities (C21U) ",
        "Research Interest": " Cybersecurity, Computer Architecture, Software Engineering",
        "Phone number": "Missing"
    },
    {
        "Name": "David Devecsery",
        "Position": " Assistant Professor ",
        "Research Interest": " Systems, programming languages",
        "Phone number": "Missing"
    },
    {
        "Name": "Ashutosh Dhekne",
        "Position": " Assistant Professor ",
        "Research Interest": " Wireless networking, mobile computing, IoT",
        "Phone number": "Missing"
    },
    {
        "Name": "Constantine Dovrolis",
        "Position": " Professor ",
        "Research Interest": " Network Science, Data Mining, Computational Science.",
        "Phone number": "Missing"
    },
    {
        "Name": "Merrick Furst",
        "Position": " Distinguished Professor ",
        "Research Interest": " Theory, AI",
        "Phone number": "Missing"
    },
    {
        "Name": "Zvi Galil",
        "Position": " Former John P. Imlay, Jr. Dean of Computing and Professor ",
        "Research Interest": "Missing",
        "Phone number": "Missing"
    },
    {
        "Name": "Ada Gavrilovska",
        "Position": " Associate Professor ",
        "Research Interest": " Systems",
        "Phone number": "Missing"
    },
    {
        "Name": "Seymour Goodman",
        "Position": " Regents&#039; Professor, Joint with the Sam Nunn School of International Affairs; Co-director of the Center for International Strategy, Technology, and Policy ",
        "Research Interest": " Emerging technologies and conflict, critical infrastructures",
        "Phone number": "Missing"
    },
    {
        "Name": "Taesoo Kim",
        "Position": " Associate Professor and Director, GTS3 ",
        "Research Interest": " Systems Security, Operating Systems, Programming Languages, and Distributed Systems. ",
        "Phone number": "Missing"
    },
    {
        "Name": "Hyesoon Kim",
        "Position": " Associate Professor ",
        "Research Interest": " Architecture",
        "Phone number": "Missing"
    },
    {
        "Name": "Vladimir Kolesnikov",
        "Position": " Associate Professor ",
        "Research Interest": " Cryptography, secure computation",
        "Phone number": "Missing"
    },
    {
        "Name": "Wenke Lee",
        "Position": " Professor, Co-Director of IISP, and John P. Imlay Jr. Chair in Software ",
        "Research Interest": " Systems, Network Security",
        "Phone number": "Missing"
    },
    {
        "Name": "Ling Liu",
        "Position": " Professor ",
        "Research Interest": " Big Data systems and Analytics, Cloud Computing, Deep Learning, Distributed Systems, Mobile Computing, Privacy, Trust",
        "Phone number": "Missing"
    },
    {
        "Name": "Shamkant Navathe",
        "Position": " Professor ",
        "Research Interest": " Data Modeling, Database Design, Data Integration, Data Mining, Data Visualization, Bioinformatics",
        "Phone number": "Missing"
    },
    {
        "Name": "Alessandro Orso",
        "Position": " Professor ",
        "Research Interest": " Software Engineering",
        "Phone number": "Missing"
    },
    {
        "Name": "Santosh Pande",
        "Position": " Associate Professor ",
        "Research Interest": " Compiler Analysis and Optimizations",
        "Phone number": "Missing"
    },
    {
        "Name": "Paul Pearce",
        "Position": " Assistant Professor ",
        "Research Interest": " Cybersecurity",
        "Phone number": "Missing"
    },
    {
        "Name": "Richard Peng",
        "Position": " Assistant Professor ",
        "Research Interest": " Algorithms",
        "Phone number": "Missing"
    },
    {
        "Name": "Milos Prvulovic",
        "Position": " Professor and Associate School Chair ",
        "Research Interest": " Architecture, Information Security",
        "Phone number": "Missing"
    },
    {
        "Name": "Calton Pu",
        "Position": " Professor and John P. Imlay, Jr. Chair in Software ",
        "Research Interest": " Systems and databases",
        "Phone number": "Missing"
    },
    {
        "Name": "Moin Qureshi",
        "Position": " Professor ",
        "Research Interest": "Missing",
        "Phone number": "Missing"
    },
    {
        "Name": "Umakishore Ramachandran",
        "Position": " Professor ",
        "Research Interest": " Parallel and Distributed Systems",
        "Phone number": "Missing"
    },
    {
        "Name": "Dana Randall",
        "Position": " ADVANCE Professor of Computing, Adjunct Professor of Mathematics ",
        "Research Interest": " Theory, Randomized algorithms",
        "Phone number": "Missing"
    },
    {
        "Name": "Vivek Sarkar",
        "Position": " Professor and Stephen Fleming Chair in Telecommunications, Co-Director for Center for Research into Novel Computing Hierarchies (CRNCH) ",
        "Research Interest": " HPC, PL",
        "Phone number": "Missing"
    },
    {
        "Name": "Prasad Tetali",
        "Position": " Regents&#039; Professor, Joint with the School of Math; ACO Director ",
        "Research Interest": " Discrete Mathematics, Theory of Computing, Probability and Geometric and Functional Analysis",
        "Phone number": "Missing"
    },
    {
        "Name": "Alexey Tumanov",
        "Position": " Assistant Professor ",
        "Research Interest": " Systems for ML, resource management, and scheduling",
        "Phone number": "Missing"
    },
    {
        "Name": "Santosh Vempala",
        "Position": " Frederick G. Storey Chair in Computing and Professor ",
        "Research Interest": " Theory of algorithms",
        "Phone number": "Missing"
    },
    {
        "Name": "Eric Vigoda",
        "Position": " Professor ",
        "Research Interest": " Randomized algorithms",
        "Phone number": "Missing"
    },
    {
        "Name": "Jun Xu",
        "Position": " Professor ",
        "Research Interest": " Computer networking, cloud computing and networking, randomized algorithms",
        "Phone number": "Missing"
    },
    {
        "Name": "Ellen Zegura",
        "Position": " Professor and Stephen Fleming Chair in Telecommunications ",
        "Research Interest": " Computer networking",
        "Phone number": "Missing"
    },
    {
        "Name": "Qirun Zhang",
        "Position": " Assistant Professor ",
        "Research Interest": " programming languages, software engineering",
        "Phone number": "Missing"
    }
]