[
    {
        "Email": "(617) 495-4709",
        "Phone number": "Missing",
        "Name": "Frederick H. Abernathy",
        "Position": "Gordon McKay Professor of Mechanical Engineering and Abbott and James Lawrence Professor of Engineering, Emeritus",
        "Research Interest": "Missing"
    },
    {
        "Email": "jaiz@seas.harvard.edu",
        "Phone number": "(617) 495-3558",
        "Name": "Joanna Aizenberg",
        "Position": "Amy Smith Berylson Professor of Materials Science and Professor of Chemistry &amp; Chemical Biology",
        "Research Interest": "Missing"
    },
    {
        "Email": "ba@seas.harvard.edu",
        "Phone number": "(617) 858-1006",
        "Name": "B Altringer",
        "Position": "Senior Preceptor in Innovation and Design",
        "Research Interest": "Missing"
    },
    {
        "Email": "namin@seas.harvard.edu",
        "Phone number": "(617) 998-2434",
        "Name": "Nada Amin",
        "Position": "Assistant Professor of Computer Science",
        "Research Interest": "Missing"
    },
    {
        "Email": "arielamir@seas.harvard.edu",
        "Phone number": "(617) 495-5818",
        "Name": "Ariel Amir",
        "Position": "Associate Professor of Applied Mathematics and Applied Physics",
        "Research Interest": "Missing"
    },
    {
        "Email": "Missing",
        "Phone number": "Missing",
        "Name": "Donald G.M. Anderson",
        "Position": "Gordon McKay Professor of Applied Mathematics, Emeritus",
        "Research Interest": "Missing"
    },
    {
        "Email": "anderson@huarp.harvard.edu",
        "Phone number": "(617) 998-5550",
        "Name": "James G. Anderson",
        "Position": "Philip S. Weld Professor of Atmospheric Chemistry",
        "Research Interest": "Missing"
    },
    {
        "Email": "maziz@harvard.edu",
        "Phone number": "(617) 495-9884",
        "Name": "Michael J. Aziz",
        "Position": "Gene and Tracy Sykes Professor of Materials and Energy Technologies",
        "Research Interest": "Missing"
    },
    {
        "Email": "demba@seas.harvard.edu",
        "Phone number": "(617) 496-1228",
        "Name": "Demba Ba",
        "Position": "Associate Professor of Electrical Engineering and Bioengineering",
        "Research Interest": "Missing"
    },
    {
        "Email": "boaz@seas.harvard.edu",
        "Phone number": "(617) 496-6257",
        "Name": "Boaz Barak",
        "Position": "Gordon McKay Professor of Computer Science",
        "Research Interest": "Missing"
    },
    {
        "Email": "Missing",
        "Phone number": "Missing",
        "Name": "Markus Thomas Basan",
        "Position": "Assistant Professor of Systems Biology; Affiliate in Applied Physics",
        "Research Interest": "Missing"
    },
    {
        "Email": "dcb@seas.harvard.edu",
        "Phone number": "(617) 496-6794",
        "Name": "David C. Bell",
        "Position": "Gordon McKay Professor of the Practice of Electron Microscopy",
        "Research Interest": "Missing"
    },
    {
        "Email": "bertoldi@seas.harvard.edu",
        "Phone number": "(617) 496-3084",
        "Name": "Katia Bertoldi",
        "Position": "William and Ami Kuan Danoff Professor of Applied Mechanics",
        "Research Interest": "Missing"
    },
    {
        "Email": "Missing",
        "Phone number": "Missing",
        "Name": "Joze Bevk",
        "Position": "Senior Research Fellow in Applied Physics",
        "Research Interest": "Missing"
    },
    {
        "Email": "bossert@seas.harvard.edu",
        "Phone number": "(617) 495-4318",
        "Name": "William H. Bossert",
        "Position": "David B. Arnold, Jr. Professor of Science, Emeritus",
        "Research Interest": "Missing"
    },
    {
        "Email": "karen_brennan@gse.harvard.edu",
        "Phone number": "(617) 495-4341",
        "Name": "Karen Brennan",
        "Position": "Associate Professor of Education; Affiliate in Computer Science",
        "Research Interest": "Missing"
    },
    {
        "Email": "brenner@seas.harvard.edu",
        "Phone number": "(617) 495-3336",
        "Name": "Michael P. Brenner",
        "Position": "Michael F. Cronin Professor of Applied Mathematics and Applied Physics and Professor of Physics",
        "Research Interest": "Missing"
    },
    {
        "Email": "brockett@seas.harvard.edu",
        "Phone number": "(617) 495-3922",
        "Name": "Roger W. Brockett",
        "Position": "An Wang Professor of Electrical Engineering and Computer Science, Emeritus",
        "Research Interest": "Missing"
    }
]