[
    {
        "Name": "Yair Amir",
        "Research Interest": "Systems Group",
        "Position": "Professor",
        "Email": "Missing",
        "Phone number": "Missing"
    },
    {
        "Name": "Raman Arora",
        "Research Interest": "Machine Learning &amp; Data Intensive Computing Group",
        "Position": "ASSISTANT\\xc2\\xa0PROFESSOR",
        "Email": "Missing",
        "Phone number": "Missing"
    },
    {
        "Name": "Vladimir Braverman",
        "Research Interest": "Missing",
        "Position": "  Associate Professor   Theory &amp; Programming Languages Group  ",
        "Email": "Missing",
        "Phone number": "Missing"
    },
    {
        "Name": "Randal Burns",
        "Research Interest": "Machine Learning &amp; Data Intensive Computing Group",
        "Position": "Professor AND Department head",
        "Email": "Missing",
        "Phone number": "Missing"
    },
    {
        "Name": "Yinzhi Cao",
        "Research Interest": "Systems Group",
        "Position": "Assistant Professor",
        "Email": "Missing",
        "Phone number": "Missing"
    },
    {
        "Name": "Anton Dahbura",
        "Research Interest": "Information Security",
        "Position": "Executive Director of Johns Hopkins Information Security Institute &amp; Co-Director of the Johns Hopkins Institute of Assured Autonomy",
        "Email": "Missing",
        "Phone number": "Missing"
    },
    {
        "Name": "Ali Darvish",
        "Research Interest": "Systems Group",
        "Position": "LECTURER",
        "Email": "Missing",
        "Phone number": "Missing"
    },
    {
        "Name": "Michael Dinitz",
        "Research Interest": "Diversity Champion\\xc2\\xa0",
        "Position": "ASSISTANT\\xc2\\xa0PROFESSOR",
        "Email": "Missing",
        "Phone number": "Missing"
    },
    {
        "Name": "Mark Dredze",
        "Research Interest": "Machine Learning &amp; Data Intensive Computing Group",
        "Position": "JOHN C. MALONE\\xc2\\xa0 Associate Professor",
        "Email": "Missing",
        "Phone number": "Missing"
    },
    {
        "Name": "Kevin Duh",
        "Research Interest": "Machine Learning &amp; Data Intensive Computing Group",
        "Position": "Assistant Research Professor",
        "Email": "Missing",
        "Phone number": "Missing"
    },
    {
        "Name": "Jason Eisner",
        "Research Interest": "Machine Learning &amp; Data Intensive Computing Group",
        "Position": "Professor",
        "Email": "Missing",
        "Phone number": "Missing"
    },
    {
        "Name": "Soudeh Ghorbani",
        "Research Interest": "Systems Group",
        "Position": "assistant professor",
        "Email": "Missing",
        "Phone number": "Missing"
    },
    {
        "Name": "Matthew D. Green",
        "Research Interest": "Information Security Group",
        "Position": "associate professor",
        "Email": "Missing",
        "Phone number": "Missing"
    },
    {
        "Name": "Gregory D. Hager",
        "Research Interest": "Robotics, Vision &amp; Graphics Group",
        "Position": "Mandell Bellmore Professor",
        "Email": "Missing",
        "Phone number": "Missing"
    },
    {
        "Name": "Susan Hohenberger",
        "Research Interest": "Information Security Group",
        "Position": "Research Professor",
        "Email": "Missing",
        "Phone number": "Missing"
    },
    {
        "Name": "David Hovemeyer",
        "Research Interest": "Systems Group",
        "Position": "ASSOCIATE TEACHING PROFESSOR",
        "Email": "Missing",
        "Phone number": "Missing"
    },
    {
        "Name": "Chien-Ming Huang",
        "Research Interest": "Robotics, Vision &amp; Graphics Group",
        "Position": "JOHN C. MALONE ASSISTANT professor",
        "Email": "Missing",
        "Phone number": "Missing"
    },
    {
        "Name": "Ryan (Peng) Huang",
        "Research Interest": "Systems Group",
        "Position": "ASSISTANT PROFESSOR",
        "Email": "Missing",
        "Phone number": "Missing"
    },
    {
        "Name": "Abhishek Jain",
        "Research Interest": "Information Security Group",
        "Position": "\\xc2\\xa0ASSISTANT PROFESSOR",
        "Email": "Missing",
        "Phone number": "Missing"
    },
    {
        "Name": "Xin Jin",
        "Research Interest": "Systems Group",
        "Position": "ASSISTANT PROFESSOR",
        "Email": "Missing",
        "Phone number": "Missing"
    },
    {
        "Name": "Peter Kazanzides",
        "Research Interest": "Robotics, Vision &amp; Graphics Group",
        "Position": "RESEARCH PROFESSOR",
        "Email": "Missing",
        "Phone number": "Missing"
    },
    {
        "Name": "Michael Kazhdan",
        "Research Interest": "Missing",
        "Position": "  Professor   Robotics, Vision &amp; Graphics Group  ",
        "Email": "Missing",
        "Phone number": "Missing"
    },
    {
        "Name": "Philipp Koehn",
        "Research Interest": "Language &amp; Speech\\xc2\\xa0Processing Group",
        "Position": "PROFESSOR",
        "Email": "Missing",
        "Phone number": "Missing"
    },
    {
        "Name": "S. Rao Kosaraju",
        "Research Interest": "Theory &amp; Programming Languages Group",
        "Position": "Edward J. Schaefer Professor Emeritus",
        "Email": "Missing",
        "Phone number": "Missing"
    },
    {
        "Name": "Benjamin Langmead",
        "Research Interest": "Missing",
        "Position": "  Associate Professor   Computational Biology &amp; Medicine Group  ",
        "Email": "Missing",
        "Phone number": "Missing"
    },
    {
        "Name": "Xin Li",
        "Research Interest": "Theory &amp; Programming Languages Group",
        "Position": "Associate Professor",
        "Email": "Missing",
        "Phone number": "Missing"
    },
    {
        "Name": "Ali Madooei",
        "Research Interest": "Systems Group",
        "Position": "LECTURER",
        "Email": "Missing",
        "Phone number": "Missing"
    },
    {
        "Name": "Sara Miner More",
        "Research Interest": "Systems Group",
        "Position": "Associate Teaching Professor   Director of Gateway Computing",
        "Email": "Missing",
        "Phone number": "Missing"
    },
    {
        "Name": "Nassir Navab",
        "Research Interest": "Robotics, Vision &amp; Graphics Group",
        "Position": "Research Professor",
        "Email": "Missing",
        "Phone number": "Missing"
    },
    {
        "Name": "Matt Post",
        "Research Interest": "Language &amp; Speech Processing Group",
        "Position": "Assistant Research Professor",
        "Email": "Missing",
        "Phone number": "Missing"
    },
    {
        "Name": "Aviel Rubin",
        "Research Interest": "Missing",
        "Position": "  Professor   Technical Director of\\xc2\\xa0the JHU Information Security Institute   Information Security Group  ",
        "Email": "Missing",
        "Phone number": "Missing"
    },
    {
        "Name": "Steven Salzberg",
        "Research Interest": "Computational Biology &amp; Medicine Group",
        "Position": "BLOOMBERG DISTINGUISHED PROFESSOR",
        "Email": "Missing",
        "Phone number": "Missing"
    },
    {
        "Name": "Suchi Saria",
        "Research Interest": "Machine Learning &amp; Data Intensive Computing Group",
        "Position": "JOHN C. MALONE\\xc2\\xa0 Associate Professor",
        "Email": "Missing",
        "Phone number": "Missing"
    },
    {
        "Name": "Michael Schatz",
        "Research Interest": "Computational Biology &amp; Medicine Group",
        "Position": "BLOOMBERG DISTINGUISHED associate professor",
        "Email": "Missing",
        "Phone number": "Missing"
    },
    {
        "Name": "Joao Sedoc",
        "Research Interest": "Missing",
        "Position": "Assistant research Professor",
        "Email": "Missing",
        "Phone number": "Missing"
    },
    {
        "Name": "Joanne Selinski",
        "Research Interest": "Systems Group",
        "Position": "Associate Teaching Professor",
        "Email": "Missing",
        "Phone number": "Missing"
    },
    {
        "Name": "Wei Shen",
        "Research Interest": "Machine Learning, AI, and Data Science Group",
        "Position": "ASSISTANT RESEARCH PROFESSOR",
        "Email": "Missing",
        "Phone number": "Missing"
    },
    {
        "Name": "Ilya Shpitser",
        "Research Interest": "Machine Learning, AI, and Data Science Group",
        "Position": "John C. Malone Assistant Professor",
        "Email": "Missing",
        "Phone number": "Missing"
    },
    {
        "Name": "Scott Smith",
        "Research Interest": "Theory &amp; Programming Languages Group",
        "Position": "PROFESSOR",
        "Email": "Missing",
        "Phone number": "Missing"
    },
    {
        "Name": "Alex Szalay",
        "Research Interest": "Machine Learning &amp; Data Intensive Computing Group",
        "Position": "BLOOMBERG DISTINGUISHED PROFESSOR",
        "Email": "Missing",
        "Phone number": "Missing"
    },
    {
        "Name": "Russell H. Taylor",
        "Research Interest": "Robotics, Vision &amp; Graphics Group",
        "Position": "John C. Malone Professor",
        "Email": "Missing",
        "Phone number": "Missing"
    },
    {
        "Name": "Mathias Unberath",
        "Research Interest": "Machine Learning, AI, and Data Science Group",
        "Position": "ASSISTANT PROFESSOR",
        "Email": "Missing",
        "Phone number": "Missing"
    },
    {
        "Name": "Benjamin Van Durme",
        "Research Interest": "Language &amp; Speech\\xc2\\xa0Processing Group",
        "Position": "Associate Professor",
        "Email": "Missing",
        "Phone number": "Missing"
    },
    {
        "Name": "David Yarowsky",
        "Research Interest": "Language &amp; Speech\\xc2\\xa0Processing Group",
        "Position": "Professor",
        "Email": "Missing",
        "Phone number": "Missing"
    },
    {
        "Name": "Alan Yuille",
        "Research Interest": "Machine Learning, AI, and Data Science Group",
        "Position": "Bloomberg Distinguished Professor",
        "Email": "Missing",
        "Phone number": "Missing"
    }
]