[
    {
        "Research Interest": "CSAIL AI Connections Cybersecurity",
        "Position": "Class of 1922 Professor ",
        "Name": "Hal Abelson",
        "Email": "hal@mit.edu",
        "Phone number": "(617) 253-5856"
    },
    {
        "Research Interest": "RLE InfoSys Biomed bio-EECS",
        "Position": "Professor of EE and Health Sciences &Technology in IMES",
        "Name": "Elfar Adalsteinsson",
        "Email": "elfar@mit.edu",
        "Phone number": "(617) 324-3597"
    },
    {
        "Research Interest": "Systems Wireless",
        "Position": "Doherty Associate Professor, Media Lab;",
        "Name": "Fadel Adib",
        "Email": "fadel@mit.edu",
        "Phone number": "(617) 715-5956"
    },
    {
        "Research Interest": "CSAIL",
        "Position": "Professor of EECS;",
        "Name": "Anant Agarwal",
        "Email": "agarwal@mit.edu",
        "Phone number": "(617) 253-1448"
    },
    {
        "Research Interest": "CSAIL",
        "Position": "Steven G. (1968) and Renee Finn Career Development Assistant Professor of EECS ",
        "Name": "Pulkit Agrawal",
        "Email": "pulkitag@mit.edu",
        "Phone number": "(617) 253-5851"
    },
    {
        "Research Interest": "MTL ApplPhysDev Nanotech",
        "Position": "Professor of EE",
        "Name": "Akintunde Akinwande",
        "Email": "akinwand@mtl.mit.edu",
        "Phone number": "(617) 258-7974"
    },
    {
        "Research Interest": "CSAIL Systems Big Data Connections Cybersecurity",
        "Position": "Associate Professor of EECS",
        "Name": "Mohammad Alizadeh",
        "Email": "alizadeh@mit.edu",
        "Phone number": "(617) 253-6042"
    },
    {
        "Research Interest": "CSAIL Systems Big Data Cybersecurity Multicore",
        "Position": "Professor of CS and Engineering",
        "Name": "Saman Amarasinghe",
        "Email": "saman@csail.mit.edu",
        "Phone number": "(617) 253-8879"
    },
    {
        "Research Interest": "CSAIL",
        "Position": "X-Window Consortium Career Development Assistant Professor of EECS ",
        "Name": "Jacob Andreas",
        "Email": "jda@mit.edu",
        "Phone number": "(510) 387-8719"
    },
    {
        "Research Interest": "MTL ApplPhysDev Nanotech",
        "Position": "Ray and Maria Stata Professor of EE (Post-Tenure)",
        "Name": "Dimitri Antoniadis",
        "Email": "antoniadis@mtl.mit.edu",
        "Phone number": "(617) 253-4693"
    },
    {
        "Research Interest": "CSAIL Systems Multicore Wireless",
        "Position": "Charles W. & Jennifer C. Johnson Professor in EECS",
        "Name": " Arvind",
        "Email": "arvind@mit.edu",
        "Phone number": "(617) 253-6090"
    },
    {
        "Research Interest": "CSAIL Systems Big Data Cybersecurity Wireless",
        "Position": "Fujitsu Professor of EECS ",
        "Name": "Hari Balakrishnan",
        "Email": "hari@csail.mit.edu",
        "Phone number": "(617) 253-8713"
    },
    {
        "Research Interest": "MTL RLE ApplPhysDev Energy",
        "Position": "Dugald C. Jackson Professor",
        "Name": "Marc A. Baldo",
        "Email": "baldo@mit.edu",
        "Phone number": "617 452-5132"
    },
    {
        "Research Interest": "CSAIL AI Big Data",
        "Position": "Delta Electronics Researcher/Professor of EECS",
        "Name": "Regina Barzilay",
        "Email": "regina@csail.mit.edu",
        "Phone number": "(617) 258-5706"
    },
    {
        "Research Interest": "CSAIL Systems",
        "Position": "Jamieson Career Development Assistant Professor of EECS",
        "Name": "Adam Belay",
        "Email": "abelay@csail.mit.edu ",
        "Phone number": "(617) 253-0004 "
    },
    {
        "Research Interest": "MTL RLE ApplPhysDev Energy Nanotech",
        "Position": "Professor of EE",
        "Name": "Karl Berggren",
        "Email": "berggren@mit.edu",
        "Phone number": "(617) 324-0272"
    },
    {
        "Research Interest": "LIDS InfoSys",
        "Position": "Missing",
        "Name": "Dimitri Bertsekas",
        "Email": "dimitrib@mit.edu",
        "Phone number": "(617) 253-7267"
    },
    {
        "Research Interest": "LIDS AI bio-EECS",
        "Position": "Professor of CS and Engineering and Computational Linguistics",
        "Name": "Robert Berwick",
        "Email": "berwick@csail.mit.edu",
        "Phone number": "(617) 253-8918"
    },
    {
        "Research Interest": "RLE Biomed bio-EECS Nanotech",
        "Position": "John J. and Dorothy Wilson Professor of EECS and Health Sciences & Technology in IMES",
        "Name": "Sangeeta Bhatia",
        "Email": "sbhatia@mit.edu",
        "Phone number": "(617) 324-0221"
    },
    {
        "Research Interest": "MTL ApplPhysDev Nanotech",
        "Position": "Engineering Faculty Co-Director, LGO ",
        "Name": "Duane Boning",
        "Email": "boning@mtl.mit.edu",
        "Phone number": "(617) 253-0931"
    },
    {
        "Research Interest": "RLE Biomed bio-EECS",
        "Position": "Missing",
        "Name": "Louis Braida",
        "Email": "ldbraida@mit.edu",
        "Phone number": "(617) 253-2575"
    },
    {
        "Research Interest": "LIDS InfoSys Big Data",
        "Position": "Associate Professor of EECS and in IDSS ",
        "Name": "Guy Bresler",
        "Email": "guy@mit.edu",
        "Phone number": "(617) 324-1549"
    },
    {
        "Research Interest": "CSAIL AI Big Data",
        "Position": "Associate Professor of EECS",
        "Name": "Tamara Broderick",
        "Email": "tbroderick@csail.mit.edu",
        "Phone number": "617-324-6749"
    },
    {
        "Research Interest": "CSAIL Circuits AI Robotics",
        "Position": "Panasonic Professor of Robotics (Emeritus)",
        "Name": "Rodney Brooks",
        "Email": "brooks@csail.mit.edu",
        "Phone number": "(617) 460-6871"
    },
    {
        "Research Interest": "MTL RLE ApplPhysDev Energy Nanotech",
        "Position": "Fariborz Maseeh (1990) Professor in Emerging Technology",
        "Name": "Vladimir Bulovic",
        "Email": "bulovic@mit.edu",
        "Phone number": "(617) 253-7012"
    },
    {
        "Research Interest": "CSAIL Systems Big Data Cybersecurity Energy",
        "Position": "Assistant Professor of EECS",
        "Name": "Michael Carbin",
        "Email": "mcarbin@csail.mit.edu",
        "Phone number": "(617) 253-5881"
    },
    {
        "Research Interest": "RLE InfoSys ApplPhysDev",
        "Position": "Joan and Irwin M. (1957) Jacobs Professor",
        "Name": "Vincent Chan",
        "Email": "chan@mit.edu",
        "Phone number": "(617) 258-8222"
    },
    {
        "Research Interest": "MTL Circuits ApplPhysDev Biomed Energy Multicore Nanotech Wireless",
        "Position": "Vannevar Bush Professor of EECS",
        "Name": "Anantha Chandrakasan",
        "Email": "anantha@mtl.mit.edu",
        "Phone number": "(617) 258-0818"
    },
    {
        "Research Interest": "MTL RLE",
        "Position": "D. Reid Weedon, Jr. \\'41 Career Development Assistant Professor of EECS ",
        "Name": "YuFeng (Kevin) Chen",
        "Email": "yufengc@mit.edu",
        "Phone number": "(617) 253-7351"
    },
    {
        "Research Interest": "CSAIL Systems Cybersecurity",
        "Position": "Associate Professor of CS",
        "Name": "Adam Chlipala",
        "Email": "adamc@csail.mit.edu",
        "Phone number": "(617) 324-8439"
    },
    {
        "Research Interest": "RLE ApplPhysDev Nanotech",
        "Position": "Professor of EE",
        "Name": "Isaac Chuang",
        "Email": "ichuang@mit.edu",
        "Phone number": "(617) 253-1692"
    },
    {
        "Research Interest": "CSAIL Systems Connections Cybersecurity Multicore",
        "Position": "Assistant Profeesor of EECS",
        "Name": "Henry Corriga-Gibbs",
        "Email": "henrycg@csail.mit.edu",
        "Phone number": "617-253-0301"
    },
    {
        "Research Interest": "LIDS InfoSys Connections",
        "Position": "William A. Coolidge Professor",
        "Name": "Munther Dahleh",
        "Email": "dahleh@mit.edu",
        "Phone number": "(617) 253-3892"
    },
    {
        "Research Interest": "RLE InfoSys Circuits ApplPhysDev bio-EECS Nanotech",
        "Position": "Professor of EECS",
        "Name": "Luca Daniel",
        "Email": "luca@mit.edu",
        "Phone number": "(617) 253-2631"
    },
    {
        "Research Interest": "CSAIL Theory Connections",
        "Position": "Professor of EECS",
        "Name": "Constantinos Daskalakis",
        "Email": "costis@csail.mit.edu",
        "Phone number": "(617) 253-9643"
    },
    {
        "Research Interest": "CSAIL AI",
        "Position": "Professor of CS and Engineering",
        "Name": "Randall Davis",
        "Email": "davis@csail.mit.edu",
        "Phone number": "(617) 253-5879"
    },
    {
        "Research Interest": "MTL ApplPhysDev Nanotech",
        "Position": "Donner Professor of Science",
        "Name": "Jes\\xc3\\xbas del Alamo",
        "Email": "alamo@mit.edu",
        "Phone number": "(617) 253-4764"
    },
    {
        "Research Interest": "CSAIL Theory",
        "Position": "Professor of CS and Engineering",
        "Name": "Erik Demaine",
        "Email": "edemaine@mit.edu",
        "Phone number": "(617) 253-6871"
    },
    {
        "Research Interest": "CSAIL Systems",
        "Position": "Missing",
        "Name": "Jack Dennis",
        "Email": "dennis@csail.mit.edu",
        "Phone number": "(617) 253-6856"
    },
    {
        "Research Interest": "CSAIL Circuits Systems Big Data Cybersecurity Multicore",
        "Position": "Edwin Sibley Webster Professor of EE",
        "Name": "Srini Devadas",
        "Email": "devadas@mit.edu",
        "Phone number": "(617) 253-0454"
    },
    {
        "Research Interest": "CSAIL AI",
        "Position": "Amar Bose Professor of Computing",
        "Name": "Fredo Durand",
        "Email": "fredo@mit.edu",
        "Phone number": "(617) 253-7223"
    },
    {
        "Research Interest": "CSAIL Systems Multicore",
        "Position": "Professor of the Practice in EECS",
        "Name": "Joel Emer",
        "Email": "emer@csail.mit.edu",
        "Phone number": "(617) 258-9190"
    },
    {
        "Research Interest": "MTL RLE ApplPhysDev Nanotech",
        "Position": "Associate Professor of EECS",
        "Name": "Dirk R. Englund",
        "Email": "englund@mit.edu",
        "Phone number": "(617) 324-7014"
    },
    {
        "Research Interest": "MTL ApplPhysDev Nanotech",
        "Position": "Missing",
        "Name": "Clifton Fonstad",
        "Email": "fonstad@mit.edu",
        "Phone number": "(617) 253-4634"
    },
    {
        "Research Interest": "LIDS InfoSys",
        "Position": "Missing",
        "Name": "David Forney",
        "Email": "forneyd@comcast.net",
        "Phone number": "(617) 868-4855"
    },
    {
        "Research Interest": "RLE Biomed bio-EECS Nanotech",
        "Position": "Henry Ellis Warren (1894) Professor of EE",
        "Name": "Dennis Freeman",
        "Email": "freeman@mit.edu",
        "Phone number": "(617) 253-8795"
    },
    {
        "Research Interest": "CSAIL AI Big Data",
        "Position": "Thomas and Gerd Perkins Professor of EECS (Post-Tenure)",
        "Name": "William Freeman",
        "Email": "billf@csail.mit.edu",
        "Phone number": "(617) 253-8828"
    },
    {
        "Research Interest": "RLE ApplPhysDev Biomed bio-EECS",
        "Position": "Elihu Thomson Professor in EE",
        "Name": "James Fujimoto",
        "Email": "jgfuji@mit.edu",
        "Phone number": "(617) 253-8528"
    },
    {
        "Research Interest": "RLE InfoSys",
        "Position": "Missing",
        "Name": "Robert Gallager",
        "Email": "gallager@mit.edu",
        "Phone number": "(617) 253-2533"
    },
    {
        "Research Interest": "CSAIL Systems",
        "Position": "TIBCO Career Development Assistant Professor",
        "Name": "Manya Ghobadi",
        "Email": "ghobadi@mit.edu",
        "Phone number": "617-253-5851"
    },
    {
        "Research Interest": "CSAIL AI bio-EECS",
        "Position": "Professor of CS and Engineering",
        "Name": "David Gifford",
        "Email": "dkg@mit.edu",
        "Phone number": "(617) 253-6039"
    },
    {
        "Research Interest": "CSAIL Theory Cybersecurity",
        "Position": "RSA Professor ",
        "Name": "Shafi Goldwasser",
        "Email": "shafi@csail.mit.edu",
        "Phone number": "(617) 253-5914"
    },
    {
        "Research Interest": "CSAIL InfoSys Biomed AI bio-EECS",
        "Position": "Henry Ellis Warren (1894) Professor",
        "Name": "Polina Golland",
        "Email": "polina@csail.mit.edu",
        "Phone number": "(617) 253-8005"
    },
    {
        "Research Interest": "RLE Circuits ApplPhysDev Biomed bio-EECS",
        "Position": "J.W. Kieckhefer Professor of EECS and Health Sciences & Technology in IMES",
        "Name": "Martha Gray",
        "Email": "mgray@mit.edu",
        "Phone number": "(617) 258-8974"
    },
    {
        "Research Interest": "CSAIL AI bio-EECS",
        "Position": "Bernard M. Gordon Professor in Medical Engineering",
        "Name": "W. Eric L. Grimson",
        "Email": "egrimson@mit.edu",
        "Phone number": "617-253-4645"
    },
    {
        "Research Interest": "ApplPhysDev Biomed bio-EECS",
        "Position": "Professor of Biological, Electrical, and Mechanical Engineering;",
        "Name": "Alan Grodzinsky",
        "Email": "alg@mit.edu",
        "Phone number": "(617) 253-4969"
    },
    {
        "Research Interest": "CSAIL Biomed AI bio-EECS",
        "Position": "Dugald C. Jackson Professor of EECS ",
        "Name": "John Guttag",
        "Email": "guttag@mit.edu",
        "Phone number": "(617) 253-6022"
    },
    {
        "Research Interest": "RLE ApplPhysDev",
        "Position": "Associate Professor of EE",
        "Name": "Peter Hagelstein",
        "Email": "plh@mit.edu",
        "Phone number": "(617) 253-0899"
    },
    {
        "Research Interest": "MTL",
        "Position": "Robert J. Shillman (1974) Career Development Assistant Professor of EECS",
        "Name": "Song Han",
        "Email": "songhan@mit.edu",
        "Phone number": "(617) 253-0086"
    },
    {
        "Research Interest": "MTL Circuits ApplPhysDev Biomed Wireless",
        "Position": "Associate Professor of EECS",
        "Name": "Ruonan Han",
        "Email": "ruonan@mit.edu",
        "Phone number": "(617) 324-5281"
    },
    {
        "Research Interest": "RLE ApplPhysDev Biomed bio-EECS Energy Nanotech",
        "Position": "Professor of Biological Engineering",
        "Name": "Jongyoon Han",
        "Email": "jyhan@mit.edu",
        "Phone number": "(617) 253-2290"
    },
    {
        "Research Interest": "RLE Biomed bio-EECS",
        "Position": "Associate Professor of EECS and in IMES",
        "Name": "Thomas Heldt",
        "Email": "thomas@mit.edu",
        "Phone number": "617-324-5005"
    },
    {
        "Research Interest": "CSAIL AI",
        "Position": "Professor of CS and Engineering (Post-Tenure)",
        "Name": "Berthold Horn",
        "Email": "bkph@mit.edu",
        "Phone number": "(617) 253-5863"
    },
    {
        "Research Interest": "RLE ApplPhysDev Nanotech",
        "Position": "Distinguished Professor of EECS",
        "Name": "Qing Hu",
        "Email": "qhu@mit.edu",
        "Phone number": "(617) 253-1573"
    },
    {
        "Research Interest": "",
        "Position": "Henry Ellis Warren (1894) Professor",
        "Name": "Daniel Huttenlocher",
        "Email": "huttenlocher@mit.edu",
        "Phone number": "(617) 253-5388"
    },
    {
        "Research Interest": "CSAIL Theory Big Data",
        "Position": "Thomas D. and Virginia W. Cabot Professor",
        "Name": "Piotr Indyk",
        "Email": "indyk@csail.mit.edu",
        "Phone number": "(617) 452-3402"
    },
    {
        "Research Interest": "RLE ApplPhysDev Nanotech",
        "Position": "Elihu Thomson Professor of EE and Physics (Emeritus) ",
        "Name": "Erich Ippen",
        "Email": "ippen@mit.edu",
        "Phone number": "(617) 253-8504"
    },
    {
        "Research Interest": "CSAIL",
        "Position": "Bonnie and Marty (1964) Tenenbaum Career Development Assistant Professor",
        "Name": "Phillip Isola",
        "Email": "phillipi@mit.edu",
        "Phone number": "(617) 768-7983"
    },
    {
        "Research Interest": "CSAIL AI Big Data",
        "Position": "Thomas Siebel Professor of EECS ",
        "Name": "Tommi Jaakkola",
        "Email": "tommi@csail.mit.edu",
        "Phone number": "(617) 253-0440"
    },
    {
        "Research Interest": "CSAIL Systems Cybersecurity",
        "Position": "Professor of CS and Engineering",
        "Name": "Daniel Jackson",
        "Email": "dnj@csail.mit.edu",
        "Phone number": "(617) 258-8471"
    },
    {
        "Research Interest": "LIDS InfoSys Connections",
        "Position": "Dugald C. Jackson Professor of EECS",
        "Name": "Patrick Jaillet",
        "Email": "jaillet@mit.edu",
        "Phone number": "(617) 452-3379"
    },
    {
        "Research Interest": "CSAIL AI Big Data",
        "Position": "X-Window Consortium Career Development Associate Professor",
        "Name": "Stefanie Jegelka",
        "Email": "stefje@MIT.EDU",
        "Phone number": "(617) 324-6748"
    },
    {
        "Research Interest": "CSAIL Systems Cybersecurity Multicore",
        "Position": "Charles A. Piper (1935) Professor ",
        "Name": "M. Frans Kaashoek",
        "Email": "kaashoek@csail.mit.edu",
        "Phone number": "(617) 253-7149"
    },
    {
        "Research Interest": "CSAIL AI Robotics",
        "Position": "Panasonic Professor of CS and Engineering",
        "Name": "Leslie Kaelbling",
        "Email": "lpk@csail.mit.edu",
        "Phone number": "(617) 258-9695"
    },
    {
        "Research Interest": "CSAIL",
        "Position": "Missing",
        "Name": "Yael Kalai",
        "Email": "tauman@mit.edu",
        "Phone number": "617-253-5851"
    },
    {
        "Research Interest": "CSAIL AI Systems Theory Big Data Connections",
        "Position": "Professor of CS and Engineering",
        "Name": "David Karger",
        "Email": "karger@csail.mit.edu",
        "Phone number": "(617) 258-6167"
    },
    {
        "Research Interest": "RLE Circuits ApplPhysDev Energy Nanotech",
        "Position": "Professor of EE (Emeritus) ",
        "Name": "John Kassakian",
        "Email": "jgk@mit.edu",
        "Phone number": "(617) 253-3448"
    },
    {
        "Research Interest": "CSAIL Systems Cybersecurity Wireless",
        "Position": "Andrew (1956) and Erna Viterbi Professor ",
        "Name": "Dina Katabi",
        "Email": "dina@csail.mit.edu",
        "Phone number": "(617) 324-6027"
    },
    {
        "Research Interest": "CSAIL Biomed AI Big Data bio-EECS",
        "Position": "Professor of CS",
        "Name": "Manolis Kellis",
        "Email": "manoli@mit.edu",
        "Phone number": "(617) 253-2419"
    },
    {
        "Research Interest": "RLE Circuits ApplPhysDev Energy",
        "Position": "Professor of EE (Post-Tenure)",
        "Name": "James Kirtley, Jr.",
        "Email": "kirtley@mit.edu",
        "Phone number": "(617) 253-2357"
    },
    {
        "Research Interest": "RLE ApplPhysDev Energy Nanotech",
        "Position": "Professor of EE",
        "Name": "Leslie Kolodziejski",
        "Email": "leskolo@mit.edu",
        "Phone number": "(617) 253-6868"
    },
    {
        "Research Interest": "MTL RLE ApplPhysDev Energy Nanotech",
        "Position": "Professor of EE",
        "Name": "Jing Kong",
        "Email": "jingkong@mit.edu",
        "Phone number": "(617) 324-4068"
    },
    {
        "Research Interest": "CSAIL Systems Big Data",
        "Position": "ITT Career Development Associate Professor in Computer Technology",
        "Name": "Tim Kraska ",
        "Email": "kraska@mit.edu",
        "Phone number": "(510) 926-5856"
    },
    {
        "Research Interest": "CSAIL Systems",
        "Position": "Missing",
        "Name": "Butler Lampson",
        "Email": "blampson@microsoft.com",
        "Phone number": "(425) 703-5925"
    },
    {
        "Research Interest": "MTL RLE InfoSys Circuits ApplPhysDev Energy Nanotech",
        "Position": "Vitesse Professor of EE",
        "Name": "Jeffrey Lang",
        "Email": "lang@mit.edu",
        "Phone number": "(617) 253-4687"
    },
    {
        "Research Interest": "MTL Circuits ApplPhysDev",
        "Position": "Advanced Television and Signal Processing (ATSP) Professor of EE",
        "Name": "Hae-Seung (Harry) Lee",
        "Email": "hslee@mtl.mit.edu",
        "Phone number": "(617) 253-5174"
    },
    {
        "Research Interest": "RLE Circuits ApplPhysDev Energy",
        "Position": "Professor of EECS",
        "Name": "Steven Leeb",
        "Email": "sbleeb@mit.edu",
        "Phone number": "(617) 253-9360"
    },
    {
        "Research Interest": "CSAIL Theory Multicore",
        "Position": "Edwin Sibley Webster Professor of EE; ",
        "Name": "Charles Leiserson",
        "Email": "cel@mit.edu",
        "Phone number": "(617) 253-5833"
    },
    {
        "Research Interest": "RLE InfoSys",
        "Position": "Professor of EE (Post-Tenure)",
        "Name": "Jae Lim",
        "Email": "jslim@mit.edu",
        "Phone number": "(617) 253-8143"
    },
    {
        "Research Interest": "CSAIL Systems Cybersecurity",
        "Position": "Missing",
        "Name": "Barbara Liskov",
        "Email": "liskov@csail.mit.edu",
        "Phone number": "(617) 253-5886"
    },
    {
        "Research Interest": "MTL ApplPhysDev Nanotech",
        "Position": "Associate Professor of EECS",
        "Name": "Luqiao Liu",
        "Email": "luqiao@mit.edu",
        "Phone number": "617-253-0019"
    },
    {
        "Research Interest": "CSAIL AI bio-EECS Robotics",
        "Position": "SoE Professor in Teaching Excellence",
        "Name": "Tom\\xc3\\xa1s Lozano-P\\xc3\\xa9rez",
        "Email": "tlp@mit.edu",
        "Phone number": "(617) 253-7889"
    },
    {
        "Research Interest": "RLE Biomed bio-EECS Nanotech",
        "Position": "Associate Professor of EE",
        "Name": "Timothy Lu",
        "Email": "timlu@mit.edu",
        "Phone number": "(617) 715-4808"
    },
    {
        "Research Interest": "CSAIL Theory Wireless",
        "Position": "NEC Professor of Software Science and Engineering",
        "Name": "Nancy Lynch",
        "Email": "lynch@csail.mit.edu",
        "Phone number": "(617) 253-7225"
    },
    {
        "Research Interest": "CSAIL Systems Big Data Energy Wireless",
        "Position": "College of Computing Distinguished Professor of Computing",
        "Name": "Samuel Madden",
        "Email": "madden@csail.mit.edu",
        "Phone number": "(617) 258-6643"
    },
    {
        "Research Interest": "CSAIL Theory Big Data",
        "Position": "Professor of CS",
        "Name": "Aleksander Madry",
        "Email": "madry@mit.edu",
        "Phone number": "(617) 324-6739"
    },
    {
        "Research Interest": "CSAIL InfoSys Theory",
        "Position": "Institute Professor",
        "Name": "Thomas Magnanti",
        "Email": "magnanti@mit.edu",
        "Phone number": "(617) 253-6604"
    },
    {
        "Research Interest": "CSAIL AI Robotics",
        "Position": "Professor of EECS ",
        "Name": "Wojciech Matusik",
        "Email": "wojciech@csail.mit.edu",
        "Phone number": "(617) 324-8432"
    },
    {
        "Research Interest": "RLE InfoSys Wireless",
        "Position": "Cecil H. Green Professor of EECS",
        "Name": "Muriel M\\xc3\\xa9dard",
        "Email": "medard@mit.edu",
        "Phone number": "(617) 253-3167"
    },
    {
        "Research Interest": "LIDS InfoSys",
        "Position": "Professor of EE",
        "Name": "Alexandre Megretski",
        "Email": "ameg@mit.edu",
        "Phone number": "(617) 253-9828"
    },
    {
        "Research Interest": "CSAIL Theory",
        "Position": "Missing",
        "Name": "Albert Meyer",
        "Email": "meyer@csail.mit.edu",
        "Phone number": "(617) 253-6024"
    },
    {
        "Research Interest": "CSAIL Theory Connections",
        "Position": "Ford Foundation Professor of Engineering",
        "Name": "Silvio Micali",
        "Email": "silvio@csail.mit.edu",
        "Phone number": "(617) 253-5949"
    },
    {
        "Research Interest": "CSAIL AI Systems Big Data Connections Cybersecurity",
        "Position": "Distinguished Professor in CS",
        "Name": "Rob Miller",
        "Email": "rcm@mit.edu",
        "Phone number": "(617) 324-6028"
    },
    {
        "Research Interest": "LIDS InfoSys",
        "Position": "Professor of EE (Post-Tenure)",
        "Name": "Sanjoy Mitter",
        "Email": "mitter@mit.edu",
        "Phone number": "(617) 253-2160"
    },
    {
        "Research Interest": "CSAIL Systems Cybersecurity Multicore Wireless",
        "Position": "Professor of CS and Engineering",
        "Name": "Robert Morris",
        "Email": "rtm@csail.mit.edu",
        "Phone number": "(617) 253-5983"
    },
    {
        "Research Interest": "CSAIL AI",
        "Position": "Institute Professor (Emeritus)",
        "Name": "Joel Moses",
        "Email": "moses@mit.edu",
        "Phone number": "(617) 253-8592"
    },
    {
        "Research Interest": "CSAIL",
        "Position": "Assistant Professor of EECS",
        "Name": "Stefanie Mueller",
        "Email": "stefanie.mueller@mit.edu",
        "Phone number": "(617) 253-5851"
    },
    {
        "Research Interest": "CSAIL",
        "Position": "Assistant Profeesor",
        "Name": "Anand V Natarajan",
        "Email": "anandn@mit.edu",
        "Phone number": "408-910-4116"
    },
    {
        "Research Interest": "MTL RLE ApplPhysDev Energy Nanotech",
        "Position": "E.E. Landsman (1958) Career Development Assistant Professor",
        "Name": "Farnaz Niroui",
        "Email": "fniroui@mit.edu ",
        "Phone number": "617-253-4600"
    },
    {
        "Research Interest": "MTL RLE Circuits ApplPhysDev Nanotech",
        "Position": "Assistant Professor of EECS",
        "Name": "Jelena Notaros",
        "Email": "notaros@mit.edu",
        "Phone number": "617-xxx-xxxx"
    },
    {
        "Research Interest": "RLE Circuits ApplPhysDev Nanotech",
        "Position": "Emanuel E. Landsman (1958) Career Development Assistant Professor of EECS",
        "Name": "Kevin P. O&#039;Brien",
        "Email": "kpobrien@mit.edu",
        "Phone number": "(617) 253-0986"
    },
    {
        "Research Interest": "RLE Circuits ApplPhysDev Nanotech",
        "Position": "Associate Professor of EECS",
        "Name": "WillIam D. Oliver",
        "Email": "william.oliver@mit.edu",
        "Phone number": " (617) 258-6018"
    },
    {
        "Research Interest": "RLE InfoSys bio-EECS",
        "Position": "Ford Professor of Engineering (Post-Tenure)",
        "Name": "Alan Oppenheim",
        "Email": "avo@mit.edu",
        "Phone number": "(617) 253-4177"
    },
    {
        "Research Interest": "RLE ApplPhysDev Nanotech",
        "Position": "Professor of EE (Post-Tenure)",
        "Name": "Terry Orlando",
        "Email": "orlando@mit.edu",
        "Phone number": "(617) 253-5888"
    },
    {
        "Research Interest": "LIDS InfoSys Connections",
        "Position": "MathWorks Professor of EECS",
        "Name": "Asuman Ozdaglar",
        "Email": "asuman@mit.edu",
        "Phone number": "(617) 253-4607"
    },
    {
        "Research Interest": "MTL ApplPhysDev Energy Nanotech",
        "Position": "Professor of EE",
        "Name": "Tom\\xc3\\xa1s Palacios",
        "Email": "tpalacios@mit.edu",
        "Phone number": "(617) 324-2395"
    },
    {
        "Research Interest": "",
        "Position": "Missing",
        "Name": "Ronald Parker",
        "Email": "parker@PSFC.MIT.EDU",
        "Phone number": "(617) 258-6662"
    },
    {
        "Research Interest": "LIDS InfoSys Connections",
        "Position": "Joseph F. & Nancy P. Keithley Professor",
        "Name": "Pablo Parrilo",
        "Email": "parrilo@mit.edu",
        "Phone number": "(617) 324-1542"
    },
    {
        "Research Interest": "MTL Circuits",
        "Position": "Dugald C. Jackson Professor of EE (Emeritus) ",
        "Name": "Paul Penfield, Jr.",
        "Email": "penfield@mit.edu",
        "Phone number": "(617) 253-2506"
    },
    {
        "Research Interest": "MTL RLE Circuits ApplPhysDev Energy",
        "Position": "Joseph F. and Nancy P. Keithley Professor",
        "Name": "David Perreault",
        "Email": "djperrea@mit.edu",
        "Phone number": "(617) 258-6038"
    },
    {
        "Research Interest": "LIDS InfoSys Wireless",
        "Position": "Associate Professor of EECS",
        "Name": "Yury Polyanskiy",
        "Email": "yp@mit.edu",
        "Phone number": "(617) 324-0047"
    },
    {
        "Research Interest": "CSAIL",
        "Position": "Edgerton Career Development Assistant Professor of EECS ",
        "Name": "Jonathan Ragan-Kelley",
        "Email": "jrk@mit.edu",
        "Phone number": "801-913-0101"
    },
    {
        "Research Interest": "RLE ApplPhysDev bio-EECS Energy Nanotech",
        "Position": "Professor of EE",
        "Name": "Rajeev Ram",
        "Email": "rajeev@mit.edu",
        "Phone number": "(617) 253-4182"
    },
    {
        "Research Interest": "MTL ApplPhysDev Nanotech",
        "Position": "Professor of EE",
        "Name": "L. Rafael Reif",
        "Email": "reif@mit.edu",
        "Phone number": "(617) 253-0148"
    },
    {
        "Research Interest": "MTL RLE Circuits",
        "Position": "X-Window Consortium Career Development Assistant Professor of EECS",
        "Name": "Negar Reiskarimian",
        "Email": "negarr@mit.edu ",
        "Phone number": "617-253-0726"
    },
    {
        "Research Interest": "CSAIL Systems Cybersecurity",
        "Position": "Professor of CS and Engineering",
        "Name": "Martin Rinard",
        "Email": "rinard@csail.mit.edu",
        "Phone number": "(617) 258-6922"
    },
    {
        "Research Interest": "CSAIL Theory Cybersecurity",
        "Position": "Institute Professor",
        "Name": "Ronald Rivest",
        "Email": "rivest@mit.edu",
        "Phone number": "(617) 253-5880"
    },
    {
        "Research Interest": "CSAIL Theory Big Data",
        "Position": "Edwin Sibley Webster Professor",
        "Name": "Ronitt Rubinfeld",
        "Email": "ronitt@csail.mit.edu",
        "Phone number": "(617) 253-0884"
    },
    {
        "Research Interest": "",
        "Position": "Thomas Lord Associate Professor of MSE; ",
        "Name": "Jennifer L.M. Rupp",
        "Email": "jrupp@mit.edu",
        "Phone number": "(617) 253-4477"
    },
    {
        "Research Interest": "CSAIL AI Robotics Wireless",
        "Position": "Andrew (1956) and Erna Viterbi Professor",
        "Name": "Daniela Rus",
        "Email": "rus@csail.mit.edu",
        "Phone number": "(617) 258-7567"
    },
    {
        "Research Interest": "CSAIL",
        "Position": "Professor of EECS (Emeritus)",
        "Name": "Jerome Saltzer",
        "Email": "saltzer@mit.edu",
        "Phone number": "(617) 253-6016"
    },
    {
        "Research Interest": "CSAIL Systems Big Data Multicore",
        "Position": "Associate Professor of EECS",
        "Name": "Daniel Sanchez Martin",
        "Email": "sanchez@csail.mit.edu",
        "Phone number": "(617) 715-4886"
    },
    {
        "Research Interest": "CSAIL",
        "Position": "NBX Career Development Assistant Professor of EECS ",
        "Name": "Arvind Satyanarayan ",
        "Email": "arvindsatya@mit.edu",
        "Phone number": "(617) 258-0697"
    },
    {
        "Research Interest": "RLE Circuits Energy Nanotech",
        "Position": "Bernard M. Gordon Professor of the Practice (Emeritus)",
        "Name": "Joel Schindall",
        "Email": "joels@mit.edu",
        "Phone number": "(617) 253-3934"
    },
    {
        "Research Interest": "MTL ApplPhysDev bio-EECS Nanotech",
        "Position": "Ray and Maria Stata Professor of EECS",
        "Name": "Martin A. Schmidt",
        "Email": "schmidt@mtl.mit.edu",
        "Phone number": "(617) 253-7817"
    },
    {
        "Research Interest": "MTL",
        "Position": "Missing",
        "Name": "Stephen Senturia",
        "Email": "sds@mtl.mit.edu",
        "Phone number": "(617) 253-6869"
    },
    {
        "Research Interest": "LIDS InfoSys AI Connections Robotics Wireless",
        "Position": "Professor of EECS",
        "Name": "Devavrat Shah",
        "Email": "devavrat@mit.edu",
        "Phone number": "(617) 253-4670"
    },
    {
        "Research Interest": "RLE InfoSys Circuits ApplPhysDev Nanotech",
        "Position": "Julius A. Stratton Professor of EE (Post-Tenure)",
        "Name": "Jeffrey Shapiro",
        "Email": "jhs@mit.edu",
        "Phone number": "(617) 253-4179"
    },
    {
        "Research Interest": "CSAIL Theory",
        "Position": "Professor of EECS",
        "Name": "Nir Shavit",
        "Email": "shanir@csail.mit.edu",
        "Phone number": "(617) 324-8440"
    },
    {
        "Research Interest": "MTL RLE Circuits ApplPhysDev Big Data bio-EECS Energy Nanotech",
        "Position": "Associate Professor of EECS ",
        "Name": "Max Shulaker",
        "Email": "shulaker@mit.edu",
        "Phone number": "(617) 324-2730"
    },
    {
        "Research Interest": "CSAIL",
        "Position": "Douglas Ross (1954) Career Development Assistant Professor of Software Technology",
        "Name": "Julian Shun",
        "Email": "jshun@mit.edu ",
        "Phone number": "(617) 258-0669"
    },
    {
        "Research Interest": "RLE ApplPhysDev Nanotech",
        "Position": "Joseph F. and Nancy P. Keithley Professor of EE (Emeritus)",
        "Name": "Henry Smith",
        "Email": "hismith@mit.edu",
        "Phone number": "(617) 253-6865"
    },
    {
        "Research Interest": "MTL Circuits ApplPhysDev Biomed Wireless",
        "Position": "Clarence J. LeBel Professor of EE (Post-Tenure)",
        "Name": "Charles Sodini",
        "Email": "sodini@mit.edu",
        "Phone number": "(617) 253-4938"
    },
    {
        "Research Interest": "CSAIL Systems Multicore",
        "Position": "Professor of EECS",
        "Name": "Armando Solar-Lezama",
        "Email": "asolar@csail.mit.edu",
        "Phone number": "(617) 324-8356"
    },
    {
        "Research Interest": "CSAIL AI Theory Big Data Connections Robotics",
        "Position": "Associate Professor of EECS",
        "Name": "Justin Solomon",
        "Email": "jsolomon@mit.edu",
        "Phone number": "(617) 324-6738"
    },
    {
        "Research Interest": "CSAIL",
        "Position": "von Helmholtz Associate Professor of Medical Engineering EECS and in IMES",
        "Name": "David Sontag",
        "Email": "dsontag@mit.edu",
        "Phone number": "(617) 253-9757"
    },
    {
        "Research Interest": "LIDS",
        "Position": "Edgerton Career Development Associate Professor of EECS and in IDSS",
        "Name": "Suvrit Sra",
        "Email": "suvrit@mit.edu",
        "Phone number": "(617) 253-3816"
    },
    {
        "Research Interest": "CSAIL Systems Big Data",
        "Position": "Adjunct Professor of CS and Engineering",
        "Name": "Michael Stonebraker",
        "Email": "stonebraker@csail.mit.edu",
        "Phone number": "(617) 253-3538"
    },
    {
        "Research Interest": "RLE Biomed bio-EECS",
        "Position": "Professor in Biomedical Engineering",
        "Name": "Collin Stultz",
        "Email": "cmstultz@mit.edu",
        "Phone number": "(617) 253-4961"
    },
    {
        "Research Interest": "CSAIL AI bio-EECS Connections",
        "Position": "Panasonic Professor ",
        "Name": "Gerald Sussman",
        "Email": "gjs@mit.edu",
        "Phone number": "(617) 253-5874"
    },
    {
        "Research Interest": "MTL RLE InfoSys Circuits AI Systems Big Data Energy Wireless",
        "Position": "Associate Professor of EECS",
        "Name": "Vivienne Sze",
        "Email": "sze@mit.edu",
        "Phone number": "617.324.7352"
    },
    {
        "Research Interest": "CSAIL Biomed AI bio-EECS",
        "Position": "Professor of CS and Engineering; Professor of Health Sciences and Technology",
        "Name": "Peter Szolovits",
        "Email": "psz@mit.edu",
        "Phone number": "(617) 253-3476"
    },
    {
        "Research Interest": "CSAIL AI Robotics",
        "Position": "Toyota Professor",
        "Name": "Russell Tedrake",
        "Email": "russt@csail.mit.edu",
        "Phone number": "(617) 253-1778 or (617) 297-ROBOT"
    },
    {
        "Research Interest": "CSAIL Biomed AI bio-EECS Nanotech",
        "Position": "Professor of Biological Engineering",
        "Name": "Bruce Tidor",
        "Email": "tidor@mit.edu",
        "Phone number": "(617) 253-7258"
    },
    {
        "Research Interest": "CSAIL AI Big Data",
        "Position": "Thomas and Gerd Perkins Professor",
        "Name": "Antonio Torralba",
        "Email": "torralba@csail.mit.edu",
        "Phone number": "(617) 253-7258"
    },
    {
        "Research Interest": "LIDS InfoSys Connections",
        "Position": "Clarence J. LeBel Professor of EE",
        "Name": "John Tsitsiklis",
        "Email": "jnt@mit.edu",
        "Phone number": "(617) 253-6175"
    },
    {
        "Research Interest": "LIDS InfoSys Big Data bio-EECS",
        "Position": "Associate Professor of EECS and in IDSS",
        "Name": "Caroline Uhler",
        "Email": "cuhler@mit.edu",
        "Phone number": "(617) 253-4181"
    },
    {
        "Research Interest": "CSAIL Theory Cybersecurity",
        "Position": "Associate Professor of EECS",
        "Name": "Vinod Vaikuntanathan",
        "Email": "vinodv@csail.mit.edu",
        "Phone number": "(617) 324-8444"
    },
    {
        "Research Interest": "RLE InfoSys Circuits ApplPhysDev Biomed bio-EECS",
        "Position": "Henry Ellis Warren (1894) Professor of Electrical and Biomedical Engineering (Post-Tenure)",
        "Name": "George Verghese",
        "Email": "verghese@mit.edu",
        "Phone number": "(617) 253-4612"
    },
    {
        "Research Interest": "RLE ApplPhysDev Biomed bio-EECS Nanotech",
        "Position": "Clarence J. Lebel Professor of EE",
        "Name": "Joel Voldman",
        "Email": "voldman@mit.edu",
        "Phone number": "(617) 253-2094"
    },
    {
        "Research Interest": "CSAIL Systems Multicore",
        "Position": "Missing",
        "Name": "Stephen Ward",
        "Email": "ward@mit.edu",
        "Phone number": "(617) 253-2094"
    },
    {
        "Research Interest": "RLE ApplPhysDev",
        "Position": "Professor of EE",
        "Name": "Cardinal Warde",
        "Email": "warde@mit.edu",
        "Phone number": "(617) 253-6858"
    },
    {
        "Research Interest": "RLE InfoSys Circuits Theory bio-EECS Nanotech",
        "Position": "Cecil H. Green Professor of EE ",
        "Name": "Jacob White",
        "Email": "white@mit.edu",
        "Phone number": "(617) 253-2543"
    },
    {
        "Research Interest": "CSAIL Theory",
        "Position": "Associate Professor of EECS",
        "Name": "Virginia Williams",
        "Email": "virgi@mit.edu",
        "Phone number": "617-253-5851"
    },
    {
        "Research Interest": "CSAIL Theory",
        "Position": "Professor of EECS",
        "Name": "Ryan Williams",
        "Email": "rrw@mit.edu",
        "Phone number": "617-253-5851"
    },
    {
        "Research Interest": "CSAIL LIDS InfoSys AI",
        "Position": "Edwin Sibley Webster Professor of EECS (Post-Tenure)",
        "Name": "Alan Willsky",
        "Email": "willsky@mit.edu",
        "Phone number": "(617) 253-2356"
    },
    {
        "Research Interest": "RLE InfoSys bio-EECS Wireless",
        "Position": "Sumitomo Electric Industries Professor in Engineering",
        "Name": "Gregory Wornell",
        "Email": "gww@mit.edu",
        "Phone number": "(617) 253-3513"
    },
    {
        "Research Interest": "CSAIL",
        "Position": "Homer A. Burnell Career Development Assistant Professor of EECS",
        "Name": "Mengjia Yan",
        "Email": "mengjiay@mit.edu",
        "Phone number": "617-258-0719"
    },
    {
        "Research Interest": "RLE ApplPhysDev Nanotech",
        "Position": "Missing",
        "Name": "Markus Zahn",
        "Email": "zahn@mit.edu",
        "Phone number": "(617) 253-4688"
    },
    {
        "Research Interest": "CSAIL Systems Big Data Cybersecurity Multicore Wireless",
        "Position": "Professor of EECS",
        "Name": "Nickolai Zeldovich",
        "Email": "nickolai@csail.mit.edu",
        "Phone number": "(617) 253-6005"
    },
    {
        "Research Interest": "RLE InfoSys Wireless",
        "Position": "Professor of EE",
        "Name": "Lizhong Zheng",
        "Email": "lizhong@mit.edu",
        "Phone number": "(617) 452-2941"
    },
    {
        "Research Interest": "CSAIL InfoSys Circuits AI",
        "Position": "Delta Electronics Professor of EECS (Post-Tenure)",
        "Name": "Victor Zue",
        "Email": "zue@csail.mit.edu",
        "Phone number": "(617) 253-8513"
    }
]