[
    {
        "Research Interest": " Predictive Analytics, Machine Learning, Biologically Inspired Knowledge Discovery, and Data Science ",
        "Position": "Clinical Assistant Professor of Computer Science",
        "Name": "Anasse Bari"
    },
    {
        "Research Interest": " Computational fluid dynamics, adaptive methods, and parallel scientific computing. ",
        "Position": "Silver Professor of Computer Science and Mathematics",
        "Name": "Marsha Berger"
    },
    {
        "Research Interest": "Missing",
        "Position": "Clinical Associate Professor of Computer Science",
        "Name": "Amos Bloomberg"
    },
    {
        "Research Interest": " Computer security, applied cryptography, cryptocurrencies, security economics ",
        "Position": "Assistant Professor of Computer Science",
        "Name": "Joseph Bonneau"
    },
    {
        "Research Interest": " Algorithms for learning regulatory networks/biological control, computational structural biology, and systems-biology. ",
        "Position": "Professor of Biology and Computer Science",
        "Name": "Richard Bonneau"
    },
    {
        "Research Interest": " Machine learning, high-dimensional statistics, signal processing ",
        "Position": "Assistant Professor of Computer Science and Data Science",
        "Name": "Joan Bruna"
    },
    {
        "Research Interest": " Machine learning, natural languages, machine translation, artificial intelligence ",
        "Position": "Associate Professor of Computer Science and Data Science",
        "Name": "Kyunghyun Cho"
    },
    {
        "Research Interest": "Missing",
        "Position": "Clinical Associate Professor of Computer Science",
        "Name": "Joshua Clayton"
    },
    {
        "Research Interest": " Algorithmics, algorithmic economics and game theory, algorithms in nature and society. ",
        "Position": "Silver Professor of Computer Science",
        "Name": "Richard Cole"
    },
    {
        "Research Interest": " Abstract interpretation, semantics, verification, and static analysis. ",
        "Position": "Silver Professor of Computer Science",
        "Name": "Patrick Cousot"
    },
    {
        "Research Interest": " Artificial intelligence, knowledge representation, and automated commonsense reasoning. ",
        "Position": "Professor of Computer Science",
        "Name": "Ernest Davis"
    },
    {
        "Research Interest": " Cryptography, security, information theory, complexity theory, algorithms. ",
        "Position": "Professor of Computer Science",
        "Name": "Yevgeniy Dodis"
    },
    {
        "Research Interest": " Computer vision and computational photography. ",
        "Position": "Professor of Computer Science",
        "Name": "Rob Fergus"
    },
    {
        "Research Interest": "Missing",
        "Position": "Clinical Associate Professor of Computer Science",
        "Name": "Jean-Claude Franchitti"
    },
    {
        "Research Interest": " Computer Vision and Learning, with recent interest in the use of Group and Quantum methods. ",
        "Position": "Associate Professor of Computer Science and Neural Science",
        "Name": "Davi Geiger"
    },
    {
        "Research Interest": " Design and implementation of programming languages, compiler verification, and compiler optimizations. ",
        "Position": "Associate Professor of Computer Science",
        "Name": "Benjamin Goldberg"
    },
    {
        "Research Interest": " Parallel computing, computer architecture, operating systems, distributed systems, and free software. ",
        "Position": "Professor of Computer Science",
        "Name": "Allan Gottlieb"
    },
    {
        "Research Interest": " Natural language processing. ",
        "Position": "Professor of Computer Science",
        "Name": "Ralph Grishman"
    },
    {
        "Research Interest": " Natural language processing, machine learning ",
        "Position": "Assistant Professor of Computer Science and Data Science",
        "Name": "He He"
    },
    {
        "Research Interest": "Missing",
        "Position": "Clinical Associate Professor of Computer Science",
        "Name": "Craig Kapp"
    },
    {
        "Research Interest": " Algorithmic techniques for designing computer-based systems. ",
        "Position": "Professor of Computer Science",
        "Name": "Zvi Kedem"
    },
    {
        "Research Interest": " Data Science, Machine Learning, Quantum Computing ",
        "Position": "Professor of Computer Science, Mathematics and Data Science",
        "Name": "Julia Kempe"
    },
    {
        "Research Interest": " Algorithms, computational complexity, and computational intractability. ",
        "Position": "Silver Professor of Computer Science",
        "Name": "Subhash Khot"
    },
    {
        "Research Interest": "Missing",
        "Position": "Clinical Associate Professor of Computer Science",
        "Name": "Joanna Klukowska"
    },
    {
        "Research Interest": "Missing",
        "Position": "Clinical Professor of Computer Science",
        "Name": "Evan Korth"
    },
    {
        "Research Interest": " Machine learning, computer vision, autonomous robotics, computational neuroscience, computational statistics, computational economics, hardware architectures for vision, digital libraries, and data compression. ",
        "Position": "Silver Professor of Computer Science",
        "Name": "Yann LeCun"
    },
    {
        "Research Interest": " Distributed systems, operating systems, wireless networks. ",
        "Position": "Professor of Computer Science",
        "Name": "Jinyang Li"
    },
    {
        "Research Interest": "Missing",
        "Position": "Clinical Professor of Computer Science",
        "Name": "Suzanne McIntosh"
    },
    {
        "Research Interest": " Natural Language Processing, Linguistics, Pre-college Computer Science Education. ",
        "Position": "Clinical Associate Professor of Computer Science",
        "Name": "Adam Meyers"
    },
    {
        "Research Interest": " Bioinformatics, algorithmic algebra, robotics, computational biology, and computational finance. ",
        "Position": "Professor of Computer Science, Mathematics, and Cell Biology",
        "Name": "Bhubaneswar Mishra"
    },
    {
        "Research Interest": " Machine learning, computational biology, text and speech processing, algorithms, and theory. ",
        "Position": "Professor of Computer Science",
        "Name": "Mehryar Mohri"
    },
    {
        "Research Interest": " machine learning; event and pattern detection; applications for societal good; public health, safety, and security; algorithmic fairness; urban systems ",
        "Position": "Associate Professor of Public Service and Computer Science",
        "Name": "Daniel Neill"
    },
    {
        "Research Interest": "Missing",
        "Position": "Clinical Professor of Computer Science",
        "Name": "Sana Odeh"
    },
    {
        "Research Interest": " Numerical analysis, linear algebra, optimization, and mathematical programming. ",
        "Position": "Silver Professor of Computer Science and Mathematics",
        "Name": "Michael Overton"
    },
    {
        "Research Interest": " Distributed systems, systems, networking ",
        "Position": "Assistant Professor of Computer Science",
        "Name": "Aurojit Panda"
    },
    {
        "Research Interest": " Geometry Processing, Computer Graphics and Digital Fabrication ",
        "Position": "Assistant Professor of Computer Science",
        "Name": "Daniele Panozzo"
    },
    {
        "Research Interest": " Computational statistics, Bayesian inference, model reduction, high-dimensional approximation, machine learning, numerical analysis, numerical linear algebra ",
        "Position": "Assistant Professor of Computer Science",
        "Name": "Benjamin Peherstorfer"
    },
    {
        "Research Interest": " Computer graphics, simulation, computer/human interface, multimedia, and animation. ",
        "Position": "Professor of Computer Science",
        "Name": "Kenneth Perlin"
    },
    {
        "Research Interest": " Robot Learning, Robotic Manipulation, Reinforcement Learning, Machine Learning. ",
        "Position": "Assistant Professor of Computer Science",
        "Name": "Lerrel Pinto"
    },
    {
        "Research Interest": " Machine Learning, Healthcare, Probabilistic and Causal Inference. ",
        "Position": "Assistant Professor of Computer Science",
        "Name": "Rajesh Ranganath"
    },
    {
        "Research Interest": " Wireless communication systems and networks, compressed sensing for wireless and video applications, RF/Analog circuit design, antennas and propagation, wireless for medical applications. ",
        "Position": "Professor of Electrical and Computer Engineering, Computer Science, and Radiology",
        "Name": "Theodore Rappaport"
    },
    {
        "Research Interest": " Lattice-based cryptography, quantum computation, and mathematical aspects of theoretical computer science. ",
        "Position": "Professor of Computer Science",
        "Name": "Oded Regev"
    },
    {
        "Research Interest": " Network inference and protein design for biology, software for searching databases of trees and graphs, outsourcing data while preserving privacy, finding patterns in time series, DNA computing, and puzzles. ",
        "Position": "Silver Professor of Computer Science",
        "Name": "Dennis Shasha"
    },
    {
        "Research Interest": " Cryptography and algorithms. ",
        "Position": "Professor of Computer Science",
        "Name": "Victor Shoup"
    },
    {
        "Research Interest": " VLSI design, analysis of algorithms, lower bounds, parallel algorithms, probability, and combinatorial geometry. ",
        "Position": "Associate Professor of Computer Science",
        "Name": "Alan Siegel"
    },
    {
        "Research Interest": " Programmable routers, computer networks, hardware and software for computer systems. ",
        "Position": "Assistant Professor of Computer Science",
        "Name": "Anirudh Sivaraman"
    },
    {
        "Research Interest": " Networks, distributed systems, computing for development . ",
        "Position": "Professor of Computer Science",
        "Name": "Lakshminarayanan Subramanian"
    },
    {
        "Research Interest": "Missing",
        "Position": "Clinical Associate Professor of Computer Science",
        "Name": "Joseph Versoza"
    },
    {
        "Research Interest": " Systems, security, and networks. ",
        "Position": "Professor of Computer Science",
        "Name": "Michael Walfish"
    },
    {
        "Research Interest": " Program analysis and verification; automated deduction; concurrent software; software productivity ",
        "Position": "Associate Professor of Computer Science",
        "Name": "Thomas Wies"
    },
    {
        "Research Interest": " Machine learning, Bayesian statistics, numerical linear algebra. ",
        "Position": "Assistant Professor of Computer Science and Data Science",
        "Name": "Andrew Gordon Wilson"
    },
    {
        "Research Interest": " Optimization, scientific computing, and linear algebra. ",
        "Position": "Silver Professor of Computer Science and Mathematics",
        "Name": "Margaret Wright"
    },
    {
        "Research Interest": " Computational geometry, computer algebra, visualization, algorithmic robotics, complexity theory, and numerical robustness issues and exact computation. ",
        "Position": "Professor of Computer Science",
        "Name": "Chee Yap"
    },
    {
        "Research Interest": " Parallel computing, hardware/software interaction, and computer architecture. ",
        "Position": "Clinical Professor of Computer Science",
        "Name": "Mohamed Zahran"
    },
    {
        "Research Interest": " Computer graphics, geometric modeling, subdivision surfaces, multiresolution surface representations, fluid and solid simulation, and perceptually based methods for computer graphics. ",
        "Position": "Silver Professor of Computer Science and Mathematics",
        "Name": "Denis Zorin"
    }
]