[
    {
        "Research Interest": "Missing",
        "Name": " Amal Ahmed ",
        "Position": "Missing"
    },
    {
        "Research Interest": "Missing",
        "Name": " Christopher Amato ",
        "Position": "Missing"
    },
    {
        "Research Interest": "Missing",
        "Name": " Arjun Guha ",
        "Position": "Missing"
    },
    {
        "Research Interest": "Missing",
        "Name": " Javed Aslam ",
        "Position": "Missing"
    },
    {
        "Research Interest": "Missing",
        "Name": " Kenneth Baclawski ",
        "Position": "Missing"
    },
    {
        "Research Interest": "Interdisciplinary With COS ",
        "Name": " Albert-L\\xc3\\xa1szl\\xc3\\xb3 Barab\\xc3\\xa1si ",
        "Position": "Missing"
    },
    {
        "Research Interest": "Missing",
        "Name": " Timothy W. Bickmore ",
        "Position": "Missing"
    },
    {
        "Research Interest": "Missing",
        "Name": " Michelle Borkin ",
        "Position": "Missing"
    },
    {
        "Research Interest": "Missing",
        "Name": " Carla E. Brodley ",
        "Position": "Missing"
    },
    {
        "Research Interest": "Missing",
        "Name": " Agnes H. Chan ",
        "Position": "Missing"
    },
    {
        "Research Interest": "Missing",
        "Name": " David Choffnes ",
        "Position": "Missing"
    },
    {
        "Research Interest": "Missing",
        "Name": " William D. Clinger ",
        "Position": "Missing"
    },
    {
        "Research Interest": "Missing",
        "Name": " Seth Cooper ",
        "Position": "Missing"
    },
    {
        "Research Interest": "Missing",
        "Name": " Gene Cooperman ",
        "Position": "Missing"
    },
    {
        "Research Interest": "Missing",
        "Name": " Peter Desnoyers ",
        "Position": "Missing"
    },
    {
        "Research Interest": "Missing",
        "Name": " Cody Dunne ",
        "Position": "Missing"
    },
    {
        "Research Interest": "Missing",
        "Name": " Ehsan Elhamifar ",
        "Position": "Missing"
    },
    {
        "Research Interest": "Missing",
        "Name": " Tina Eliassi-Rad ",
        "Position": "Missing"
    },
    {
        "Research Interest": "Interdisciplinary With CSSH ",
        "Name": " Don Fallis ",
        "Position": "Missing"
    },
    {
        "Research Interest": "Missing",
        "Name": " Matthias Felleisen ",
        "Position": "Missing"
    },
    {
        "Research Interest": "Missing",
        "Name": " Larry Finkelstein ",
        "Position": "Missing"
    },
    {
        "Research Interest": "Interdisciplinary With COE ",
        "Name": " Yun (Raymond) Fu ",
        "Position": "Missing"
    },
    {
        "Research Interest": "Missing",
        "Name": " Wolfgang Gatterbauer ",
        "Position": "Missing"
    },
    {
        "Research Interest": "Interdisciplinary With Bouv\\xc3\\xa9 ",
        "Name": " Matthew Goodwin ",
        "Position": "Missing"
    },
    {
        "Research Interest": "Interdisciplinary With COS ",
        "Name": " Paul Hand ",
        "Position": "Missing"
    },
    {
        "Research Interest": "Interdisciplinary With SOL ",
        "Name": " Woodrow Hartzog ",
        "Position": "Missing"
    },
    {
        "Research Interest": "Missing",
        "Name": " Hongyang Zhang ",
        "Position": "Missing"
    },
    {
        "Research Interest": "Interdisciplinary With Bouv\\xc3\\xa9 ",
        "Name": " Stephen Intille ",
        "Position": "Missing"
    },
    {
        "Research Interest": "Missing",
        "Name": " Ji-Yong Shin ",
        "Position": "Missing"
    },
    {
        "Research Interest": "Missing",
        "Name": " Huaizu Jiang ",
        "Position": "Missing"
    },
    {
        "Research Interest": "Missing",
        "Name": " Jonathan Bell ",
        "Position": "Missing"
    },
    {
        "Research Interest": "Interdisciplinary With COE ",
        "Name": " Engin Kirda ",
        "Position": "Missing"
    },
    {
        "Research Interest": "Interdisciplinary With CSSH ",
        "Name": " David Lazer ",
        "Position": "Missing"
    },
    {
        "Research Interest": "Missing",
        "Name": " Karl Lieberherr ",
        "Position": "Missing"
    },
    {
        "Research Interest": "Missing",
        "Name": " Long Lu ",
        "Position": "Missing"
    },
    {
        "Research Interest": "Missing",
        "Name": " David Madigan ",
        "Position": "Missing"
    },
    {
        "Research Interest": "Missing",
        "Name": " Panagiotos (Pete) Manolios ",
        "Position": "Missing"
    },
    {
        "Research Interest": "Interdisciplinary With COS ",
        "Name": " Stacy C. Marsella ",
        "Position": "Missing"
    },
    {
        "Research Interest": "Missing",
        "Name": " Ren\\xc3\\xa9e Miller ",
        "Position": "Missing"
    },
    {
        "Research Interest": "Missing",
        "Name": " Alan Mislove ",
        "Position": "Missing"
    },
    {
        "Research Interest": "Missing",
        "Name": " Huy L\\xc3\\xaa Nguyen ",
        "Position": "Missing"
    },
    {
        "Research Interest": "Missing",
        "Name": " Cristina Nita-Rotaru ",
        "Position": "Missing"
    },
    {
        "Research Interest": "Missing",
        "Name": " Guevara Noubir ",
        "Position": "Missing"
    },
    {
        "Research Interest": "Missing",
        "Name": " Alina Oprea ",
        "Position": "Missing"
    },
    {
        "Research Interest": "Interdisciplinary With Bouv\\xc3\\xa9 ",
        "Name": " Rupal Patel ",
        "Position": "Missing"
    },
    {
        "Research Interest": "Missing",
        "Name": " Robert Platt ",
        "Position": "Missing"
    },
    {
        "Research Interest": "Missing",
        "Name": " Predrag Radivojac ",
        "Position": "Missing"
    },
    {
        "Research Interest": "Missing",
        "Name": " Rajmohan Rajaraman ",
        "Position": "Missing"
    },
    {
        "Research Interest": "Missing",
        "Name": " Aanjhan Ranganathan ",
        "Position": "Missing"
    },
    {
        "Research Interest": "Missing",
        "Name": " Richard Rasala ",
        "Position": "Missing"
    },
    {
        "Research Interest": "Missing",
        "Name": " Mirek Riedewald ",
        "Position": "Missing"
    },
    {
        "Research Interest": "Interdisciplinary With DMSB ",
        "Name": " Christoph Riedl ",
        "Position": "Missing"
    },
    {
        "Research Interest": "Interdisciplinary With COE ",
        "Name": " William Robertson ",
        "Position": "Missing"
    },
    {
        "Research Interest": "Missing",
        "Name": " Abhi Shelat ",
        "Position": "Missing"
    },
    {
        "Research Interest": "Missing",
        "Name": " Olin Shivers ",
        "Position": "Missing"
    },
    {
        "Research Interest": "Missing",
        "Name": " David Smith ",
        "Position": "Missing"
    },
    {
        "Research Interest": "Missing",
        "Name": " Ravi Sundaram ",
        "Position": "Missing"
    },
    {
        "Research Interest": "Missing",
        "Name": " Frank Tip ",
        "Position": "Missing"
    },
    {
        "Research Interest": "Missing",
        "Name": " Alexandra To ",
        "Position": "Missing"
    },
    {
        "Research Interest": "Missing",
        "Name": " Stavros Tripakis ",
        "Position": "Missing"
    },
    {
        "Research Interest": "Missing",
        "Name": " Jonathan Ullman ",
        "Position": "Missing"
    },
    {
        "Research Interest": "Missing",
        "Name": " Jan-Willem van de Meent ",
        "Position": "Missing"
    },
    {
        "Research Interest": "Interdisciplinary With Bouv\\xc3\\xa9, COS ",
        "Name": " Alessandro Vespignani ",
        "Position": "Missing"
    },
    {
        "Research Interest": "Missing",
        "Name": " Emanuele Viola ",
        "Position": "Missing"
    },
    {
        "Research Interest": "Missing",
        "Name": " Jan Vitek ",
        "Position": "Missing"
    },
    {
        "Research Interest": "Missing",
        "Name": " Olga Vitek ",
        "Position": "Missing"
    },
    {
        "Research Interest": "Missing",
        "Name": " Thomas Wahl ",
        "Position": "Missing"
    },
    {
        "Research Interest": "Interdisciplinary With SOL ",
        "Name": " Ari Waldman ",
        "Position": "Missing"
    },
    {
        "Research Interest": "Missing",
        "Name": " Byron Wallace ",
        "Position": "Missing"
    },
    {
        "Research Interest": "Missing",
        "Name": " Mitchell Wand ",
        "Position": "Missing"
    },
    {
        "Research Interest": "Missing",
        "Name": " Lu Wang ",
        "Position": "Missing"
    },
    {
        "Research Interest": "Missing",
        "Name": " Daniel Wichs ",
        "Position": "Missing"
    },
    {
        "Research Interest": "Missing",
        "Name": " Christo Wilson ",
        "Position": "Missing"
    },
    {
        "Research Interest": "Missing",
        "Name": " Lawson Wong ",
        "Position": "Missing"
    },
    {
        "Research Interest": "Missing",
        "Name": " Ricardo Baeza-Yates ",
        "Position": "Missing"
    },
    {
        "Research Interest": "Missing",
        "Name": " Jan Cuny ",
        "Position": "Missing"
    },
    {
        "Research Interest": "Missing",
        "Name": " Ian Gorton ",
        "Position": "Missing"
    },
    {
        "Research Interest": "Interdisciplinary With Bouv\\xc3\\xa9 ",
        "Name": " Holly Jimison ",
        "Position": "Missing"
    },
    {
        "Research Interest": "Interdisciplinary With Bouv\\xc3\\xa9 ",
        "Name": " Misha Pavel ",
        "Position": "Missing"
    },
    {
        "Research Interest": "Missing",
        "Name": " Jodi Tims ",
        "Position": "Missing"
    },
    {
        "Research Interest": "Missing",
        "Name": " Ghita Amor-Tijani ",
        "Position": "Missing"
    },
    {
        "Research Interest": "Missing",
        "Name": " Jose Annunziato ",
        "Position": "Missing"
    },
    {
        "Research Interest": "Missing",
        "Name": " Keith Bagley ",
        "Position": "Missing"
    },
    {
        "Research Interest": "Missing",
        "Name": " Kylie Ariel Bemis ",
        "Position": "Missing"
    },
    {
        "Research Interest": "Missing",
        "Name": " Tamara Bonaci ",
        "Position": "Missing"
    },
    {
        "Research Interest": "Missing",
        "Name": " Raman &#8220;Chandra&#8221; Chandrasekar ",
        "Position": "Missing"
    },
    {
        "Research Interest": "Missing",
        "Name": " Nate Derbinsky ",
        "Position": "Missing"
    },
    {
        "Research Interest": "Missing",
        "Name": " Kathleen Durant ",
        "Position": "Missing"
    },
    {
        "Research Interest": "Missing",
        "Name": " Bethany Edmunds ",
        "Position": "Vancouver"
    },
    {
        "Research Interest": "Missing",
        "Name": " Abigail Evans ",
        "Position": "Missing"
    },
    {
        "Research Interest": "Missing",
        "Name": " Felix Muzny ",
        "Position": "Missing"
    },
    {
        "Research Interest": "Missing",
        "Name": " Clark Freifeld ",
        "Position": "Missing"
    },
    {
        "Research Interest": "Missing",
        "Name": " Kevin Gold ",
        "Position": "Missing"
    },
    {
        "Research Interest": "Missing",
        "Name": " John Alexis Guerra Gomez ",
        "Position": "Missing"
    },
    {
        "Research Interest": "Missing",
        "Name": " Philip Gust ",
        "Position": "Missing"
    },
    {
        "Research Interest": "Missing",
        "Name": " Benjamin Hescott ",
        "Position": "Missing"
    },
    {
        "Research Interest": "Missing",
        "Name": " Matt Higger ",
        "Position": "Missing"
    },
    {
        "Research Interest": "Missing",
        "Name": " Richard Hoshino ",
        "Position": "Vancouver"
    },
    {
        "Research Interest": "Missing",
        "Name": " Alden Jackson ",
        "Position": "Missing"
    },
    {
        "Research Interest": "Missing",
        "Name": " Maria Jump ",
        "Position": "Missing"
    },
    {
        "Research Interest": "Missing",
        "Name": " Edward Katz ",
        "Position": "Missing"
    },
    {
        "Research Interest": "Missing",
        "Name": " Benjamin Lerner ",
        "Position": "Missing"
    },
    {
        "Research Interest": "Missing",
        "Name": " Bruce Maxwell ",
        "Position": "Portland"
    },
    {
        "Research Interest": "Missing",
        "Name": " Vidoje Mihajlovikj ",
        "Position": "Missing"
    },
    {
        "Research Interest": "Missing",
        "Name": " Tony Mullen ",
        "Position": "Missing"
    },
    {
        "Research Interest": "Missing",
        "Name": " Diogenes Nunez ",
        "Position": "Missing"
    },
    {
        "Research Interest": "Missing",
        "Name": " Themis A. Papageorge ",
        "Position": "Missing"
    },
    {
        "Research Interest": "Missing",
        "Name": " John Park ",
        "Position": "Missing"
    },
    {
        "Research Interest": "Missing",
        "Name": " Virgil Pavlu ",
        "Position": "Missing"
    },
    {
        "Research Interest": "Missing",
        "Name": " John Rachlin ",
        "Position": "Missing"
    },
    {
        "Research Interest": "Missing",
        "Name": " Leena Razzaq ",
        "Position": "Missing"
    },
    {
        "Research Interest": "Missing",
        "Name": " Sami Rollins ",
        "Position": "San Francisco"
    },
    {
        "Research Interest": "Missing",
        "Name": " Martin Schedlbauer ",
        "Position": "Missing"
    },
    {
        "Research Interest": "Missing",
        "Name": " Walter Schnyder ",
        "Position": "Missing"
    },
    {
        "Research Interest": "Missing",
        "Name": " Sarah Sellke ",
        "Position": "Missing"
    },
    {
        "Research Interest": "Missing",
        "Name": " Mike Shah ",
        "Position": "Missing"
    },
    {
        "Research Interest": "Missing",
        "Name": " Amit Shesh ",
        "Position": "Missing"
    },
    {
        "Research Interest": "Missing",
        "Name": " Jose Sierra ",
        "Position": "Missing"
    },
    {
        "Research Interest": "Missing",
        "Name": " Adrienne Slaughter ",
        "Position": "Missing"
    },
    {
        "Research Interest": "Missing",
        "Name": " Jay Spitulnik ",
        "Position": "Missing"
    },
    {
        "Research Interest": "Missing",
        "Name": " Laney Strange ",
        "Position": "Missing"
    },
    {
        "Research Interest": "Missing",
        "Name": " Nathaniel Tuck ",
        "Position": "Missing"
    },
    {
        "Research Interest": "Missing",
        "Name": " Scott Valcourt ",
        "Position": "Portland"
    },
    {
        "Research Interest": "Missing",
        "Name": " Andrew van der Poel ",
        "Position": "Missing"
    },
    {
        "Research Interest": "Missing",
        "Name": " Ferdinand Vesely ",
        "Position": "Missing"
    },
    {
        "Research Interest": "Missing",
        "Name": " Caglar Yildirim ",
        "Position": "Missing"
    },
    {
        "Research Interest": "Missing",
        "Name": " Neal E. Young ",
        "Position": "Missing"
    },
    {
        "Research Interest": "Missing",
        "Name": " Steven Abramson ",
        "Position": "Missing"
    },
    {
        "Research Interest": "Missing",
        "Name": " Mamoun Abu-Samaha ",
        "Position": "Missing"
    },
    {
        "Research Interest": "Missing",
        "Name": " Everaldo Marques de Aguiar Junior ",
        "Position": "Missing"
    },
    {
        "Research Interest": "Missing",
        "Name": " Michal Aibin ",
        "Position": "Vancouver"
    },
    {
        "Research Interest": "Missing",
        "Name": " Omar Alonso ",
        "Position": "Missing"
    },
    {
        "Research Interest": "Missing",
        "Name": " Kevin Amorin ",
        "Position": "Missing"
    },
    {
        "Research Interest": "Missing",
        "Name": " Erik Anderson ",
        "Position": "Missing"
    },
    {
        "Research Interest": "Missing",
        "Name": " Sara Arunagiri ",
        "Position": "Online"
    },
    {
        "Research Interest": "Missing",
        "Name": " Kathleen Aubrey ",
        "Position": "Missing"
    },
    {
        "Research Interest": "Missing",
        "Name": " Abraham Bagherjeiran ",
        "Position": "Missing"
    },
    {
        "Research Interest": "Missing",
        "Name": " Obafemi Balogun ",
        "Position": "Missing"
    },
    {
        "Research Interest": "Missing",
        "Name": " James Bartolotta ",
        "Position": "Missing"
    },
    {
        "Research Interest": "Missing",
        "Name": " Eli Barzilay ",
        "Position": "Missing"
    },
    {
        "Research Interest": "Missing",
        "Name": " Rahul Bhagat ",
        "Position": "Missing"
    },
    {
        "Research Interest": "Missing",
        "Name": " Anurag Bhardwaj ",
        "Position": "Missing"
    },
    {
        "Research Interest": "Missing",
        "Name": " Mark Bonicillo ",
        "Position": "Missing"
    },
    {
        "Research Interest": "Missing",
        "Name": " Elton Booker ",
        "Position": "Missing"
    },
    {
        "Research Interest": "Missing",
        "Name": " Derek Brodeur ",
        "Position": "Missing"
    },
    {
        "Research Interest": "Missing",
        "Name": " Joe Buck ",
        "Position": "Missing"
    },
    {
        "Research Interest": "Missing",
        "Name": " Dylan Cashman ",
        "Position": "Missing"
    },
    {
        "Research Interest": "Missing",
        "Name": " Pandurangan Chandrasekaran ",
        "Position": "Missing"
    },
    {
        "Research Interest": "Missing",
        "Name": " Zhuoqun Cheng ",
        "Position": "San Francisco"
    },
    {
        "Research Interest": "Missing",
        "Name": " Bruce Chhay ",
        "Position": "Missing"
    },
    {
        "Research Interest": "Missing",
        "Name": " Sophine Clachar ",
        "Position": "Online"
    },
    {
        "Research Interest": "Missing",
        "Name": " Sophine Clachar ",
        "Position": "Online"
    },
    {
        "Research Interest": "Missing",
        "Name": " Yvonne Coady ",
        "Position": "Vancouver"
    },
    {
        "Research Interest": "Missing",
        "Name": " Kyle K. Courtney ",
        "Position": "Missing"
    },
    {
        "Research Interest": "Missing",
        "Name": " Brian Cross ",
        "Position": "Missing"
    },
    {
        "Research Interest": "Missing",
        "Name": " Julien Delange ",
        "Position": "San Francisco"
    },
    {
        "Research Interest": "Missing",
        "Name": " Andrew Dickens ",
        "Position": "Missing"
    },
    {
        "Research Interest": "Missing",
        "Name": " Kevin Dill ",
        "Position": "Missing"
    },
    {
        "Research Interest": "Missing",
        "Name": " Alex Donaldson ",
        "Position": "Missing"
    },
    {
        "Research Interest": "Missing",
        "Name": " Marlin Jay Eller ",
        "Position": "Missing"
    },
    {
        "Research Interest": "Missing",
        "Name": " Ahmed Ezzat ",
        "Position": "Missing | Online"
    },
    {
        "Research Interest": "Missing",
        "Name": " Daniel Feinberg ",
        "Position": "Missing"
    },
    {
        "Research Interest": "Missing",
        "Name": " Jamon A. Foster ",
        "Position": "Missing"
    },
    {
        "Research Interest": "Missing",
        "Name": " Mojgan Ghasemi ",
        "Position": "Missing"
    },
    {
        "Research Interest": "Missing",
        "Name": " Christopher Gregg ",
        "Position": "Missing"
    },
    {
        "Research Interest": "Missing",
        "Name": " Kumaraguru Guhan ",
        "Position": "Missing"
    },
    {
        "Research Interest": "Missing",
        "Name": " Sunish Gupta ",
        "Position": "Missing"
    },
    {
        "Research Interest": "Missing",
        "Name": " Brent Hailpern ",
        "Position": "Missing"
    },
    {
        "Research Interest": "Missing",
        "Name": " Farhan Hameed ",
        "Position": "Missing"
    },
    {
        "Research Interest": "Missing",
        "Name": " Jason Hemann ",
        "Position": "Missing"
    },
    {
        "Research Interest": "Missing",
        "Name": " Michael Higgins ",
        "Position": "Missing"
    },
    {
        "Research Interest": "Missing",
        "Name": " Ally Hoffman ",
        "Position": "Missing"
    },
    {
        "Research Interest": "Missing",
        "Name": " Hamidreza Jahanjou ",
        "Position": "Missing"
    },
    {
        "Research Interest": "Missing",
        "Name": " Craig Johnson ",
        "Position": "Missing"
    },
    {
        "Research Interest": "Missing",
        "Name": " Austin Jorgensen ",
        "Position": "Missing"
    },
    {
        "Research Interest": "Missing",
        "Name": " Mary Kennedy ",
        "Position": "Missing"
    },
    {
        "Research Interest": "Missing",
        "Name": " Alexander Lash ",
        "Position": "Missing"
    },
    {
        "Research Interest": "Missing",
        "Name": " Hyonho Lee ",
        "Position": "Missing"
    },
    {
        "Research Interest": "Missing",
        "Name": " Aanchal Malhotra ",
        "Position": "Missing"
    },
    {
        "Research Interest": "Missing",
        "Name": " Marie A. Maloney ",
        "Position": "Missing"
    },
    {
        "Research Interest": "Missing",
        "Name": " Craig Martell ",
        "Position": "Missing"
    },
    {
        "Research Interest": "Missing",
        "Name": " Shivakumar Mathapathi ",
        "Position": "San Francisco"
    },
    {
        "Research Interest": "Missing",
        "Name": " Mardiros Merdinian ",
        "Position": "Missing"
    },
    {
        "Research Interest": "Missing",
        "Name": " Jorge Mex Perera ",
        "Position": "Toronto"
    },
    {
        "Research Interest": "Missing",
        "Name": " Chris Middleton ",
        "Position": "San Francisco"
    },
    {
        "Research Interest": "Missing",
        "Name": " Mark Miller ",
        "Position": "San Francisco"
    },
    {
        "Research Interest": "Missing",
        "Name": " Smruthi Mukund ",
        "Position": "San Francisco"
    },
    {
        "Research Interest": "Missing",
        "Name": " Robert Ness ",
        "Position": "Missing"
    },
    {
        "Research Interest": "Missing",
        "Name": " Adam C. Powell ",
        "Position": "Missing"
    },
    {
        "Research Interest": "Missing",
        "Name": " Mirjana Prpa ",
        "Position": "Vancouver"
    },
    {
        "Research Interest": "Missing",
        "Name": " Ehsan RahimiNasab ",
        "Position": "Missing"
    },
    {
        "Research Interest": "Missing",
        "Name": " Vinayak Rao ",
        "Position": "Missing"
    },
    {
        "Research Interest": "Missing",
        "Name": " Daniel Ries ",
        "Position": "Missing"
    },
    {
        "Research Interest": "Missing",
        "Name": " Shari Robbins ",
        "Position": "Missing"
    },
    {
        "Research Interest": "Missing",
        "Name": " Joseph J. Rushanan ",
        "Position": "Missing"
    },
    {
        "Research Interest": "Missing",
        "Name": " Prasad Saripalli ",
        "Position": "Missing"
    },
    {
        "Research Interest": "Missing",
        "Name": " James Shanahan ",
        "Position": "Missing"
    },
    {
        "Research Interest": "Missing",
        "Name": " Kevin Small ",
        "Position": "Missing"
    },
    {
        "Research Interest": "Missing",
        "Name": " Hosung Song ",
        "Position": "Missing"
    },
    {
        "Research Interest": "Missing",
        "Name": " Zhifeng Sun ",
        "Position": "Missing"
    }
]