[
    {
        "Position": "Peter and Adrienne Barris Chair of Computer Science",
        "Research Interest": "Professor of Computer Science",
        "Name": "Samir Khuller",
        "Phone number": "Missing"
    },
    {
        "Position": "Assistant Professor of Preventive Medicine and (by courtesy) Computer Science",
        "Research Interest": "Assistant Professor of Preventive Medicine and (by courtesy) Computer Science",
        "Name": "Nabil Alshurafa",
        "Phone number": "Missing"
    },
    {
        "Position": "Associate Professor of Computer Science",
        "Research Interest": "Associate Professor of Physical Medicine and Rehabilitation",
        "Name": "Brenna Argall",
        "Phone number": "Missing"
    },
    {
        "Position": "Professor of Computer Science",
        "Research Interest": "Professor of Computer Science",
        "Name": "Larry Birnbaum",
        "Phone number": "Missing"
    },
    {
        "Position": "Associate Professor, Communication Studies (by courtesy)",
        "Research Interest": "Associate Professor, Communication Studies (by courtesy)",
        "Name": "Jeremy Birnholtz",
        "Phone number": "Missing"
    },
    {
        "Position": "Professor of Computer Science",
        "Research Interest": "Professor of Computer Science",
        "Name": "Fabian Bustamante",
        "Phone number": "Missing"
    },
    {
        "Position": "Henry and Isabelle Dever Professor of Electrical and Computer Engineering (by courtesy)",
        "Research Interest": "Henry and Isabelle Dever Professor of Electrical and Computer Engineering (by courtesy)",
        "Name": "Alok Choudhary",
        "Phone number": "Missing"
    },
    {
        "Position": "Assistant Professor of Computer Science and (by courtesy) Electrical and Computer Engineering",
        "Research Interest": "Assistant Professor of Computer Science and (by courtesy) Electrical and Computer Engineering",
        "Name": "Simone Campanoni",
        "Phone number": "Missing"
    },
    {
        "Position": "Assistant Professor of Instruction",
        "Research Interest": "Assistant Professor of Instruction",
        "Name": "Katherine Compton",
        "Phone number": "Missing"
    },
    {
        "Position": "Professor of Computer Science",
        "Research Interest": "Professor of Computer Science",
        "Name": "Yan Chen",
        "Phone number": "Missing"
    },
    {
        "Position": "Associate Professor of Computer Science",
        "Research Interest": "Associate Professor of Electrical and Computer Engineering",
        "Name": "Oliver Cossairt",
        "Phone number": "Missing"
    },
    {
        "Position": "Assistant Professor, Communication Studies (by courtesy)",
        "Research Interest": "Assistant Professor, Communication Studies (by courtesy)",
        "Name": "Nick Diakopoulos",
        "Phone number": "Missing"
    },
    {
        "Position": "Assistant Professor of Computer Science",
        "Research Interest": "Assistant Professor of Computer Science",
        "Name": "Christos Dimoulas",
        "Phone number": "Missing"
    },
    {
        "Position": "Professor of Computer Science and (by courtesy) Electrical and Computer Engineering",
        "Research Interest": "Professor of Computer Science and (by courtesy) Electrical and Computer Engineering",
        "Name": "Peter Dinda",
        "Phone number": "Missing"
    },
    {
        "Position": "Associate Professor of Computer Science",
        "Research Interest": "Associate Professor of Computer Science",
        "Name": "Douglas Downey",
        "Phone number": "Missing"
    },
    {
        "Position": "Professor of Computer Science",
        "Research Interest": "Professor of Computer Science",
        "Name": "Robby Findler",
        "Phone number": "Missing"
    },
    {
        "Position": "Walter P. Murphy Professor of Computer Science",
        "Research Interest": "Walter P. Murphy Professor of Computer Science",
        "Name": "Ken Forbus",
        "Phone number": "Missing"
    },
    {
        "Position": "Associate Professor of Mechanical Engineering (by courtesy)",
        "Research Interest": "Associate Professor of Mechanical Engineering (by courtesy)",
        "Name": "Elizabeth Gerber",
        "Phone number": "Missing"
    },
    {
        "Position": "Professor, Communication Studies (by courtesy) ",
        "Research Interest": "Professor, Communication Studies (by courtesy) ",
        "Name": "Darren Gergle",
        "Phone number": "Missing"
    },
    {
        "Position": "Assistant Professor of Instruction",
        "Research Interest": "Assistant Professor of Instruction",
        "Name": "Branden Ghena",
        "Phone number": "Missing"
    },
    {
        "Position": "Professor of Electrical and Computer Engineering and (by courtesy) Computer Science",
        "Research Interest": "Professor of Electrical and Computer Engineering and (by courtesy) Computer Science",
        "Name": "Dongning Guo",
        "Phone number": "Missing"
    },
    {
        "Position": "Professor of Computer Science",
        "Research Interest": "Bill and Cathy Osborn Professor",
        "Name": "Kristian Hammond",
        "Phone number": "Missing"
    },
    {
        "Position": "Associate Professor of Computer Science",
        "Research Interest": "Associate Professor of Electrical and Computer Engineering",
        "Name": "Nikos Hardavellas",
        "Phone number": "Missing"
    },
    {
        "Position": "Professor of Computer Science",
        "Research Interest": "Professor of Computer Science",
        "Name": "Jason Hartline",
        "Phone number": "Missing"
    },
    {
        "Position": "Associate Professor of Computer Science",
        "Research Interest": "Associate Professor of Communication Studies",
        "Name": "Brent Hecht",
        "Phone number": "Missing"
    },
    {
        "Position": "Assistant Professor of Electrical and Computer Engineering",
        "Research Interest": "Assistant Professor (by courtesy) of Preventive Medicine at Feinberg School of Medicine",
        "Name": "Josiah Hester",
        "Phone number": "Missing"
    },
    {
        "Position": "Research Associate Professor ",
        "Research Interest": "Research Associate Professor ",
        "Name": "Thomas Hinrichs",
        "Phone number": "Missing"
    },
    {
        "Position": "Associate Professor of Computer Science",
        "Research Interest": "Associate Professor of Education and Social Policy",
        "Name": "Michael Horn",
        "Phone number": "Missing"
    },
    {
        "Position": "Associate Professor of Computer Science",
        "Research Interest": "Charles Deering McCormick Professor of Teaching Excellence",
        "Name": "Ian Horswill",
        "Phone number": "Missing"
    },
    {
        "Position": "Associate Professor of Computer Science",
        "Research Interest": "Breed Junior Professor of Design",
        "Name": "Jessica Hullman",
        "Phone number": "Missing"
    },
    {
        "Position": "Associate Professor of Electrical and Computer Engineering",
        "Research Interest": "Associate Professor of Computer Science",
        "Name": "Russell Joseph",
        "Phone number": "Missing"
    },
    {
        "Position": "Professor of Computer Science",
        "Research Interest": "Professor of Computer Science",
        "Name": "Ming-Yang Kao",
        "Phone number": "Missing"
    },
    {
        "Position": "Professor of Electrical and Computer Engineering and (by courtesy) Computer Science",
        "Research Interest": "Joseph Cummings Professor",
        "Name": "Aggelos Katsaggelos",
        "Phone number": "Missing"
    },
    {
        "Position": "Assistant Professor of Computer Science",
        "Research Interest": "Assistant Professor of Computer Science",
        "Name": "Matthew Kay",
        "Phone number": "Missing"
    },
    {
        "Position": "Professor of Computer Science",
        "Research Interest": "Professor of Computer Science",
        "Name": "Aleksandar Kuzmanovic",
        "Phone number": "Missing"
    },
    {
        "Position": "Senior Lecturer in the Pritzker School of Law and Computer Science",
        "Research Interest": "Senior Lecturer in the Pritzker School of Law and Computer Science",
        "Name": "Daniel W. Linna Jr.",
        "Phone number": "Missing"
    },
    {
        "Position": "Associate Professor of Computer Science",
        "Research Interest": "Associate Professor of Statistics",
        "Name": "Han Liu",
        "Phone number": "Missing"
    },
    {
        "Position": "Assistant Professor, Feinberg School of Medicine (by courtesy)",
        "Research Interest": "Assistant Professor, Feinberg School of Medicine (by courtesy)",
        "Name": "Yuan Luo",
        "Phone number": "Missing"
    },
    {
        "Position": "Associate Professor of Computer Science",
        "Research Interest": "Associate Professor of Computer Science",
        "Name": "Konstantin Makarychev",
        "Phone number": "Missing"
    },
    {
        "Position": "Professor of Electrical and Computer Engineering",
        "Research Interest": "Professor of Computer Science",
        "Name": "Gokhan Memik",
        "Phone number": "Missing"
    },
    {
        "Position": "Professor of Electrical and Computer Engineering",
        "Research Interest": "Professor of Computer Science",
        "Name": "Seda Memik",
        "Phone number": "Missing"
    },
    {
        "Position": "Assistant Professor of Computer Science ",
        "Research Interest": "Assistant Professor of Education and Social Policy",
        "Name": "Eleanor O\\'Rourke",
        "Phone number": "Missing"
    },
    {
        "Position": "Professor of Computer Science",
        "Research Interest": "Professor of Radio, Television and Film",
        "Name": "Bryan Pardo",
        "Phone number": "Missing"
    },
    {
        "Position": "Associate Professor of Computer Science",
        "Research Interest": "Associate Professor of Computer Science",
        "Name": "Chris Riesbeck",
        "Phone number": "Missing"
    },
    {
        "Position": "Assistant Professor of Computer Science",
        "Research Interest": "Assistant Professor of Computer Science",
        "Name": "Jennie Rogers",
        "Phone number": "Missing"
    },
    {
        "Position": "Assistant Professor of Computer Science",
        "Research Interest": "The Lisa Wissner-Slivka and Benjamin Slivka Professor in Computer Science",
        "Name": "Michael Rubenstein",
        "Phone number": "Missing"
    },
    {
        "Position": "Professor of Instruction",
        "Research Interest": "Chookaszian Family Teaching Professor",
        "Name": "Sara Owsley Sood ",
        "Phone number": "Missing"
    },
    {
        "Position": "Assistant Professor of Instruction",
        "Research Interest": "Assistant Professor of Instruction",
        "Name": "Vincent St-Amour",
        "Phone number": "Missing"
    },
    {
        "Position": "Assistant Professor of Instruction ",
        "Research Interest": "Director of TGS MS Programs for CS, CE, and EE",
        "Name": "Stephen Tarzia",
        "Phone number": "Missing"
    },
    {
        "Position": "Assistant Professor of Instruction",
        "Research Interest": "Assistant Professor of Instruction",
        "Name": "Jesse Tov",
        "Phone number": "Missing"
    },
    {
        "Position": "Associate Professor of Computer Science",
        "Research Interest": "Associate Professor of Computer Science",
        "Name": "Jack Tumblin",
        "Phone number": "Missing"
    },
    {
        "Position": "Assistant Professor of Instruction",
        "Research Interest": "Assistant Professor of Instruction",
        "Name": "Sarah Van Wart",
        "Phone number": "Missing"
    },
    {
        "Position": "Assistant Professor of Computer Science",
        "Research Interest": "Assistant Professor of Computer Science",
        "Name": "Aravindan Vijayaraghavan",
        "Phone number": "Missing"
    },
    {
        "Position": "Assistant Professor of Computer Science",
        "Research Interest": "Assistant Professor of Computer Science",
        "Name": "Xiao Wang",
        "Phone number": "Missing"
    },
    {
        "Position": "Assistant Professor of Industrial Engineering and Management Sciences and (by courtesy) Computer Science",
        "Research Interest": "Zhaoran Wang",
        "Name": "Zhaoran Wang",
        "Phone number": "Missing"
    },
    {
        "Position": "Professor of Computer Science",
        "Research Interest": "Lorraine Morton Professor",
        "Name": "Uri Wilensky",
        "Phone number": "Missing"
    },
    {
        "Position": "Assistant Professor of Computer Science",
        "Research Interest": "Assistant Professor of Education and Social Policy",
        "Name": "Marcelo Worsley",
        "Phone number": "Missing"
    },
    {
        "Position": "Professor of Electrical and Computer Engineering and (by courtesy) Computer Science",
        "Research Interest": "Professor of Electrical and Computer Engineering and (by courtesy) Computer Science",
        "Name": "Ying Wu",
        "Phone number": "Missing"
    },
    {
        "Position": "Associate Professor of Computer Science",
        "Research Interest": "Allen K. and Johnnie Cordell Breed Junior Professor of Design",
        "Name": "Haoqi Zhang",
        "Phone number": "Missing"
    },
    {
        "Position": "Associate Professor of Electrical and Computer Engineering and (by courtesy) Computer Science",
        "Research Interest": "Associate Professor of Electrical and Computer Engineering and (by courtesy) Computer Science",
        "Name": "Qi Zhu",
        "Phone number": "Missing"
    }
]