[
    {
        "Position": "Baylor College of Medicine",
        "Research Interest": "Missing",
        "Name": "Michael Beauchamp",
        "Email": "michael.beauchamp@bcm.edu",
        "Phone number": "Missing"
    },
    {
        "Position": "Polymathic Consulting",
        "Research Interest": "Missing",
        "Name": "Michael Brogioli",
        "Email": "brogioli@alumni.rice.edu",
        "Phone number": "Missing"
    },
    {
        "Position": "Texas Instruments",
        "Research Interest": "Missing",
        "Name": "Anand Dabak",
        "Email": "anand.dabak@rice.edu",
        "Phone number": "Missing"
    },
    {
        "Position": "Baylor College of Medicine",
        "Research Interest": "Missing",
        "Name": "Clifford Dacso",
        "Email": "cdacso@bcm.edu",
        "Phone number": "Missing"
    },
    {
        "Position": "UT Health",
        "Research Interest": "Missing",
        "Name": "Valentin Dragoi",
        "Email": "Valentin.Dragoi@uth.tmc.edu",
        "Phone number": "Missing"
    },
    {
        "Position": "Duke University",
        "Research Interest": "Missing",
        "Name": "Henry Everitt",
        "Email": "heveritt@duke.edu",
        "Phone number": "Missing"
    },
    {
        "Position": "Baylor College of Medicine",
        "Research Interest": "Missing",
        "Name": "Wayne Goodman",
        "Email": "wgoodman@bcm.edu",
        "Phone number": "Missing"
    },
    {
        "Position": "Ben Gurion University",
        "Research Interest": "Missing",
        "Name": "Omer Hanan Gurewitz",
        "Email": "gurewitz@cse.bgu.ac.il",
        "Phone number": "Missing"
    },
    {
        "Position": "Baylor College of Medicine",
        "Research Interest": "Missing",
        "Name": "Vaishnav Krishnan",
        "Email": "vaishnav.krishnan@bcm.edu",
        "Phone number": "Missing"
    },
    {
        "Position": "University of Oulu",
        "Research Interest": "Missing",
        "Name": "Markku Juntti",
        "Email": "markku.juntti@oulu.fi",
        "Phone number": "Missing"
    },
    {
        "Position": "Baylor College of Medicine",
        "Research Interest": "Missing",
        "Name": "Matthew McGinley",
        "Email": "matthew.mcginley@bcm.edu",
        "Phone number": "Missing"
    }
]