[
    {
        "Research Interest": "Missing",
        "Position": "Missing",
        "Name": "Sara Achour ",
        "Phone number": "",
        "Email": "Missing"
    },
    {
        "Research Interest": "Missing",
        "Position": "",
        "Name": "Maneesh Agrawala",
        "Phone number": "",
        "Email": "Missing"
    },
    {
        "Research Interest": "Missing",
        "Position": "Missing",
        "Name": "Alex Aiken",
        "Phone number": "5-3359",
        "Email": "Missing"
    },
    {
        "Research Interest": "Missing",
        "Position": "Missing",
        "Name": "Nima Anari",
        "Phone number": "",
        "Email": "Missing"
    },
    {
        "Research Interest": "Missing",
        "Position": "Missing",
        "Name": "Peter Bailis",
        "Phone number": "",
        "Email": "Missing"
    },
    {
        "Research Interest": "Missing",
        "Position": "Missing",
        "Name": "Clark Barrett",
        "Phone number": "650-736-0822",
        "Email": "Missing"
    },
    {
        "Research Interest": "Missing",
        "Position": "Click here",
        "Name": "Gill Bejerano",
        "Phone number": "650 723-7666",
        "Email": "Missing"
    },
    {
        "Research Interest": "Missing",
        "Position": "Missing",
        "Name": "Michael Bernstein",
        "Phone number": "4-1248",
        "Email": "Missing"
    },
    {
        "Research Interest": "Missing",
        "Position": "Missing",
        "Name": "Jeannette Bohg ",
        "Phone number": "650-497-1021",
        "Email": "Missing"
    },
    {
        "Research Interest": "Missing",
        "Position": "Missing",
        "Name": "Dan Boneh",
        "Phone number": "5-3897",
        "Email": "Missing"
    },
    {
        "Research Interest": "Missing",
        "Position": "Missing",
        "Name": "Emma Brunskill",
        "Phone number": "",
        "Email": "Missing"
    },
    {
        "Research Interest": "Missing",
        "Position": "",
        "Name": "Moses Charikar",
        "Phone number": "",
        "Email": "Missing"
    },
    {
        "Research Interest": "Missing",
        "Position": "",
        "Name": "Bill Dally",
        "Phone number": "5-8945",
        "Email": "Missing"
    },
    {
        "Research Interest": "Missing",
        "Position": "Missing",
        "Name": "Ron Dror",
        "Phone number": "497-8586",
        "Email": "Missing"
    },
    {
        "Research Interest": "Missing",
        "Position": "Missing",
        "Name": "Zakir Durumeric",
        "Phone number": "4-6279",
        "Email": "Missing"
    },
    {
        "Research Interest": "Missing",
        "Position": "Missing",
        "Name": "Dawson Engler",
        "Phone number": "3-0762",
        "Email": "Missing"
    },
    {
        "Research Interest": "Missing",
        "Position": "Missing",
        "Name": "Stefano Ermon ",
        "Phone number": "498-9942",
        "Email": "Missing"
    },
    {
        "Research Interest": "Missing",
        "Position": "",
        "Name": "Kayvon Fatahalian",
        "Phone number": "",
        "Email": "Missing"
    },
    {
        "Research Interest": "Missing",
        "Position": "",
        "Name": "Ron Fedkiw",
        "Phone number": "",
        "Email": "Missing"
    },
    {
        "Research Interest": "Missing",
        "Position": "Missing",
        "Name": "Chelsea Finn",
        "Phone number": "",
        "Email": "Missing"
    },
    {
        "Research Interest": "Missing",
        "Position": "",
        "Name": "Mike Genesereth",
        "Phone number": "3-0934",
        "Email": "Missing"
    },
    {
        "Research Interest": "Missing",
        "Position": "Missing",
        "Name": "Noah Goodman",
        "Phone number": "",
        "Email": "Missing"
    },
    {
        "Research Interest": "Missing",
        "Position": "Missing",
        "Name": "Leonidas Guibas",
        "Phone number": "3-0304",
        "Email": "Missing"
    },
    {
        "Research Interest": "Missing",
        "Position": "Missing",
        "Name": "Patrick Hanrahan",
        "Phone number": "3-8530",
        "Email": "Missing"
    },
    {
        "Research Interest": "Missing",
        "Position": "Missing",
        "Name": "Tatsu Hashimoto",
        "Phone number": "",
        "Email": "Missing"
    },
    {
        "Research Interest": "Missing",
        "Position": "",
        "Name": "John Hennessy",
        "Phone number": "3-2481",
        "Email": "Missing"
    },
    {
        "Research Interest": "Missing",
        "Position": "Missing",
        "Name": "Mark Horowitz",
        "Phone number": "5-3707",
        "Email": "Missing"
    },
    {
        "Research Interest": "Missing",
        "Position": "Missing",
        "Name": "Doug James",
        "Phone number": "650-723-0104",
        "Email": "Missing"
    },
    {
        "Research Interest": "Missing",
        "Position": "",
        "Name": "Dan Jurafsky",
        "Phone number": "723-4284",
        "Email": "Missing"
    },
    {
        "Research Interest": "Missing",
        "Position": "Missing",
        "Name": "Sachin Katti",
        "Phone number": "650-724-8960",
        "Email": "Missing"
    },
    {
        "Research Interest": "Missing",
        "Position": "Missing",
        "Name": "Oussama Khatib",
        "Phone number": "3-9753",
        "Email": "Missing"
    },
    {
        "Research Interest": "Missing",
        "Position": "Missing",
        "Name": "Fred Kjoelstad",
        "Phone number": "",
        "Email": "Missing"
    },
    {
        "Research Interest": "Missing",
        "Position": "",
        "Name": "Fred Kjolstad ",
        "Phone number": "",
        "Email": "Missing"
    },
    {
        "Research Interest": "Missing",
        "Position": "Missing",
        "Name": "Christos Kozyrakis",
        "Phone number": "5-3716",
        "Email": "Missing"
    },
    {
        "Research Interest": "Missing",
        "Position": "",
        "Name": "Anshul Kundaje",
        "Phone number": "650-723-2353",
        "Email": "Missing"
    },
    {
        "Research Interest": "Missing",
        "Position": "Missing",
        "Name": "Monica Lam",
        "Phone number": "5-3714",
        "Email": "Missing"
    },
    {
        "Research Interest": "Missing",
        "Position": "Missing",
        "Name": "James Landay",
        "Phone number": "498-8215",
        "Email": "Missing"
    },
    {
        "Research Interest": "Missing",
        "Position": "Missing",
        "Name": "Jure Leskovec",
        "Phone number": "725-3711",
        "Email": "Missing"
    },
    {
        "Research Interest": "Missing",
        "Position": "Missing",
        "Name": "Philip Levis",
        "Phone number": "5-9046",
        "Email": "Missing"
    },
    {
        "Research Interest": "Missing",
        "Position": "Missing",
        "Name": "Fei-Fei Li",
        "Phone number": "",
        "Email": "Missing"
    },
    {
        "Research Interest": "Missing",
        "Position": "Missing",
        "Name": "Percy Liang ",
        "Phone number": "725-8797",
        "Email": "Missing"
    },
    {
        "Research Interest": "Missing",
        "Position": "Missing",
        "Name": "Karen Liu",
        "Phone number": "",
        "Email": "Missing"
    },
    {
        "Research Interest": "Missing",
        "Position": "Missing",
        "Name": "Tengyu Ma",
        "Phone number": "",
        "Email": "Missing"
    },
    {
        "Research Interest": "Missing",
        "Position": "Missing",
        "Name": "Chris Manning",
        "Phone number": "3-7683",
        "Email": "Missing"
    },
    {
        "Research Interest": "Missing",
        "Position": "Click here",
        "Name": "David Mazieres",
        "Phone number": "(415) 490-9451",
        "Email": "Missing"
    },
    {
        "Research Interest": "Missing",
        "Position": "",
        "Name": "Nick McKeown",
        "Phone number": "650-725-3641",
        "Email": "Missing"
    },
    {
        "Research Interest": "Missing",
        "Position": "Missing",
        "Name": "John Mitchell",
        "Phone number": "3-8634",
        "Email": "Missing"
    },
    {
        "Research Interest": "Missing",
        "Position": "",
        "Name": "Subhasish Mitra",
        "Phone number": "724-1915",
        "Email": "Missing"
    },
    {
        "Research Interest": "Missing",
        "Position": "Missing",
        "Name": "Kunle Olukotun",
        "Phone number": "5-3713",
        "Email": "Missing"
    },
    {
        "Research Interest": "Missing",
        "Position": "Missing",
        "Name": "John Ousterhout",
        "Phone number": "721-6325",
        "Email": "Missing"
    },
    {
        "Research Interest": "Missing",
        "Position": "",
        "Name": "Chris Piech ",
        "Phone number": "",
        "Email": "Missing"
    },
    {
        "Research Interest": "Missing",
        "Position": "Missing",
        "Name": "Balaji Prabhakar",
        "Phone number": "3-5896",
        "Email": "Missing"
    },
    {
        "Research Interest": "Missing",
        "Position": "Missing",
        "Name": "Chris Re",
        "Phone number": "",
        "Email": "Missing"
    },
    {
        "Research Interest": "Missing",
        "Position": "Missing",
        "Name": "Omer Reingold",
        "Phone number": "",
        "Email": "Missing"
    },
    {
        "Research Interest": "Missing",
        "Position": "Missing",
        "Name": "Mendel Rosenblum",
        "Phone number": "3-0474",
        "Email": "Missing"
    },
    {
        "Research Interest": "Missing",
        "Position": "Missing",
        "Name": "Aviad Rubinstein ",
        "Phone number": "",
        "Email": "Missing"
    },
    {
        "Research Interest": "Missing",
        "Position": "Missing",
        "Name": "Dorsa Sadigh",
        "Phone number": "",
        "Email": "Missing"
    },
    {
        "Research Interest": "Missing",
        "Position": "Missing",
        "Name": "Mehran Sahami",
        "Phone number": "3-6059",
        "Email": "Missing"
    },
    {
        "Research Interest": "Missing",
        "Position": "Missing",
        "Name": "Silvio Savarese",
        "Phone number": "650-497-0360",
        "Email": "Missing"
    },
    {
        "Research Interest": "Missing",
        "Position": "Missing",
        "Name": "Li-Yang Tan",
        "Phone number": "",
        "Email": "Missing"
    },
    {
        "Research Interest": "Missing",
        "Position": "Missing",
        "Name": "Caroline Trippel",
        "Phone number": "",
        "Email": "Missing"
    },
    {
        "Research Interest": "Missing",
        "Position": "Missing",
        "Name": "Greg Valiant",
        "Phone number": "650-723-1787",
        "Email": "Missing"
    },
    {
        "Research Interest": "Missing",
        "Position": "Missing",
        "Name": "Jennifer Widom",
        "Phone number": "3-9745",
        "Email": "Missing"
    },
    {
        "Research Interest": "Missing",
        "Position": "Missing",
        "Name": "Keith Winstein ",
        "Phone number": "617-388-2138",
        "Email": "Missing"
    },
    {
        "Research Interest": "Missing",
        "Position": "Missing",
        "Name": "Mary Wootters ",
        "Phone number": "",
        "Email": "Missing"
    },
    {
        "Research Interest": "Missing",
        "Position": "Missing",
        "Name": "Jiajun Wu",
        "Phone number": "",
        "Email": "Missing"
    },
    {
        "Research Interest": "Missing",
        "Position": "Missing",
        "Name": "Daniel Yamins",
        "Phone number": "",
        "Email": "Missing"
    },
    {
        "Research Interest": "Missing",
        "Position": "Missing",
        "Name": "Matei Zaharia",
        "Phone number": "",
        "Email": "Missing"
    },
    {
        "Research Interest": "Missing",
        "Position": "",
        "Name": "Mohammad Akbarpour ",
        "Phone number": "",
        "Email": "Missing"
    },
    {
        "Research Interest": "Missing",
        "Position": "Missing",
        "Name": "Russ Altman",
        "Phone number": "725-3394",
        "Email": "Missing"
    },
    {
        "Research Interest": "Missing",
        "Position": "",
        "Name": "Kwabena Boahen ",
        "Phone number": "",
        "Email": "Missing"
    },
    {
        "Research Interest": "Missing",
        "Position": "Missing",
        "Name": "Stephen Boyd",
        "Phone number": "650-723-0002",
        "Email": "Missing"
    },
    {
        "Research Interest": "Missing",
        "Position": "Missing",
        "Name": "John Duchi ",
        "Phone number": "",
        "Email": "Missing"
    },
    {
        "Research Interest": "Missing",
        "Position": "Missing",
        "Name": "Sean Follmer",
        "Phone number": "",
        "Email": "Missing"
    },
    {
        "Research Interest": "Missing",
        "Position": "Missing",
        "Name": "Jacob Fox ",
        "Phone number": "",
        "Email": "Missing"
    },
    {
        "Research Interest": "Missing",
        "Position": "Missing",
        "Name": "Surya Ganguli ",
        "Phone number": "",
        "Email": "Missing"
    },
    {
        "Research Interest": "Missing",
        "Position": "",
        "Name": "Ashish Goel",
        "Phone number": "",
        "Email": "Missing"
    },
    {
        "Research Interest": "Missing",
        "Position": "Missing",
        "Name": "Sharad Goel",
        "Phone number": "",
        "Email": "Missing"
    },
    {
        "Research Interest": "Missing",
        "Position": "Missing",
        "Name": "Patrick Hayden ",
        "Phone number": "",
        "Email": "Missing"
    },
    {
        "Research Interest": "Missing",
        "Position": "",
        "Name": "Thomas Icard ",
        "Phone number": "",
        "Email": "Missing"
    },
    {
        "Research Interest": "Missing",
        "Position": "Missing",
        "Name": "Ramesh Johari",
        "Phone number": "",
        "Email": "Missing"
    },
    {
        "Research Interest": "Missing",
        "Position": "Missing",
        "Name": "Mykel Kochenderfer",
        "Phone number": "650-497-3574",
        "Email": "Missing"
    },
    {
        "Research Interest": "Missing",
        "Position": "",
        "Name": "Michael Levitt ",
        "Phone number": "276-0500",
        "Email": "Missing"
    },
    {
        "Research Interest": "Missing",
        "Position": "",
        "Name": "Scott Linderman ",
        "Phone number": "",
        "Email": "Missing"
    },
    {
        "Research Interest": "Missing",
        "Position": "Missing",
        "Name": "Stephen Montgomery",
        "Phone number": "725-9641",
        "Email": "Missing"
    },
    {
        "Research Interest": "Missing",
        "Position": "Missing",
        "Name": "Marco Pavone ",
        "Phone number": "",
        "Email": "Missing"
    },
    {
        "Research Interest": "Missing",
        "Position": "Missing",
        "Name": "Roy Pea ",
        "Phone number": "724-3720",
        "Email": "Missing"
    },
    {
        "Research Interest": "Missing",
        "Position": "Missing",
        "Name": "Chris Potts ",
        "Phone number": "",
        "Email": "Missing"
    },
    {
        "Research Interest": "Missing",
        "Position": "",
        "Name": "Priyanka Raina ",
        "Phone number": "",
        "Email": "Missing"
    },
    {
        "Research Interest": "Missing",
        "Position": "",
        "Name": "Daniel Rubin ",
        "Phone number": "",
        "Email": "Missing"
    },
    {
        "Research Interest": "Missing",
        "Position": "Missing",
        "Name": "Aaron Sidford ",
        "Phone number": "",
        "Email": "Missing"
    },
    {
        "Research Interest": "Missing",
        "Position": "Missing",
        "Name": "Camille Utterback ",
        "Phone number": "",
        "Email": "Missing"
    },
    {
        "Research Interest": "Missing",
        "Position": "Missing",
        "Name": "Ge Wang",
        "Phone number": "",
        "Email": "Missing"
    },
    {
        "Research Interest": "Missing",
        "Position": "Missing",
        "Name": "Gordon Wetzstein",
        "Phone number": "",
        "Email": "Missing"
    },
    {
        "Research Interest": "Missing",
        "Position": "Missing",
        "Name": "Serena Yeung ",
        "Phone number": "",
        "Email": "Missing"
    },
    {
        "Research Interest": "Missing",
        "Position": "Missing",
        "Name": "James Zou",
        "Phone number": "",
        "Email": "Missing"
    },
    {
        "Research Interest": "Missing",
        "Position": "Missing",
        "Name": "David Cheriton",
        "Phone number": "3-1131",
        "Email": "Missing"
    },
    {
        "Research Interest": "Missing",
        "Position": "",
        "Name": "Tom Dienstbier",
        "Phone number": "",
        "Email": "Missing"
    },
    {
        "Research Interest": "Missing",
        "Position": "Missing",
        "Name": "David Dill",
        "Phone number": "5-3642",
        "Email": "Missing"
    },
    {
        "Research Interest": "Missing",
        "Position": "",
        "Name": "Edward Feigenbaum",
        "Phone number": "",
        "Email": "Missing"
    },
    {
        "Research Interest": "Missing",
        "Position": "Missing",
        "Name": "Richard Fikes",
        "Phone number": "650-823-3429",
        "Email": "Missing"
    },
    {
        "Research Interest": "Missing",
        "Position": "Regular Mail Only",
        "Name": "Don Knuth",
        "Phone number": "",
        "Email": "Missing"
    },
    {
        "Research Interest": "Missing",
        "Position": "Missing",
        "Name": "Jean-Claude Latombe",
        "Phone number": "3-0350",
        "Email": "Missing"
    },
    {
        "Research Interest": "Missing",
        "Position": "Missing",
        "Name": "Marc Levoy",
        "Phone number": "5-4089",
        "Email": "Missing"
    },
    {
        "Research Interest": "Missing",
        "Position": "",
        "Name": "Teresa Meng",
        "Phone number": "5-3636",
        "Email": "Missing"
    },
    {
        "Research Interest": "Missing",
        "Position": "Missing",
        "Name": "Serge Plotkin",
        "Phone number": "",
        "Email": "Missing"
    },
    {
        "Research Interest": "Missing",
        "Position": "Missing",
        "Name": "Vaughan Pratt",
        "Phone number": "",
        "Email": "Missing"
    },
    {
        "Research Interest": "Missing",
        "Position": "Missing",
        "Name": "Eric Roberts",
        "Phone number": "",
        "Email": "Missing"
    },
    {
        "Research Interest": "Missing",
        "Position": "Missing",
        "Name": "Kenneth Salisbury",
        "Phone number": "725-3358",
        "Email": "Missing"
    },
    {
        "Research Interest": "Missing",
        "Position": "Missing",
        "Name": "Yoav Shoham",
        "Phone number": "",
        "Email": "Missing"
    },
    {
        "Research Interest": "Missing",
        "Position": "",
        "Name": "Jeff Ullman",
        "Phone number": "",
        "Email": "Missing"
    },
    {
        "Research Interest": "Missing",
        "Position": "Missing",
        "Name": "Gio Wiederhold",
        "Phone number": "5-8363",
        "Email": "Missing"
    },
    {
        "Research Interest": "Missing",
        "Position": "Missing",
        "Name": "Terry Winograd",
        "Phone number": "3-2780",
        "Email": "Missing"
    },
    {
        "Research Interest": "Missing",
        "Position": "Missing",
        "Name": "Jay Borenstein",
        "Phone number": "6-8242",
        "Email": "Missing"
    },
    {
        "Research Interest": "Missing",
        "Position": "",
        "Name": "Jerry Cain ",
        "Phone number": "650-725-8597",
        "Email": "Missing"
    },
    {
        "Research Interest": "Missing",
        "Position": "",
        "Name": "Michael Chang ",
        "Phone number": "",
        "Email": "Missing"
    },
    {
        "Research Interest": "Missing",
        "Position": "Missing",
        "Name": "Chris Gregg ",
        "Phone number": "650-736-0383",
        "Email": "Missing"
    },
    {
        "Research Interest": "Missing",
        "Position": "Missing",
        "Name": "Cynthia Lee ",
        "Phone number": "497-3070",
        "Email": "Missing"
    },
    {
        "Research Interest": "Missing",
        "Position": "",
        "Name": "Nick Parlante",
        "Phone number": "5-4727",
        "Email": "Missing"
    },
    {
        "Research Interest": "Missing",
        "Position": "",
        "Name": "Keith Schwarz ",
        "Phone number": "650-723-4350",
        "Email": "Missing"
    },
    {
        "Research Interest": "Missing",
        "Position": "Missing",
        "Name": "Julie Stanford ",
        "Phone number": "",
        "Email": "Missing"
    },
    {
        "Research Interest": "Missing",
        "Position": "Missing",
        "Name": "Nick Troccoli",
        "Phone number": "650-723-3642",
        "Email": "Missing"
    },
    {
        "Research Interest": "Missing",
        "Position": "Missing",
        "Name": "Christina Wodtke ",
        "Phone number": "",
        "Email": "Missing"
    },
    {
        "Research Interest": "Missing",
        "Position": "Missing",
        "Name": "Lisa Yan",
        "Phone number": "",
        "Email": "Missing"
    },
    {
        "Research Interest": "Missing",
        "Position": "",
        "Name": "Patrick Young",
        "Phone number": "3-6090",
        "Email": "Missing"
    },
    {
        "Research Interest": "Missing",
        "Position": "Missing",
        "Name": "Julie Zelenski ",
        "Phone number": "5-8596",
        "Email": "Missing"
    },
    {
        "Research Interest": "Missing",
        "Position": "",
        "Name": "Edward Chang",
        "Phone number": "5-3903",
        "Email": "Missing"
    },
    {
        "Research Interest": "Missing",
        "Position": "",
        "Name": "Changhoon Kim ",
        "Phone number": "",
        "Email": "Missing"
    },
    {
        "Research Interest": "Missing",
        "Position": "Missing",
        "Name": "Daphne Koller",
        "Phone number": "",
        "Email": "Missing"
    },
    {
        "Research Interest": "Missing",
        "Position": "",
        "Name": "Bill MacCartney",
        "Phone number": "",
        "Email": "Missing"
    },
    {
        "Research Interest": "Missing",
        "Position": "Missing",
        "Name": "Andrew Ng",
        "Phone number": "5-2593",
        "Email": "Missing"
    },
    {
        "Research Interest": "Missing",
        "Position": "Missing",
        "Name": "Sebastian Thrun",
        "Phone number": "",
        "Email": "Missing"
    },
    {
        "Research Interest": "Missing",
        "Position": "Missing",
        "Name": "Kamil Krzysztof Kluczniak ",
        "Phone number": "",
        "Email": "Missing"
    },
    {
        "Research Interest": "Missing",
        "Position": "Missing",
        "Name": "Marco Patrignani ",
        "Phone number": "",
        "Email": "Missing"
    },
    {
        "Research Interest": "Missing",
        "Position": "Missing",
        "Name": "Dongjun Shin ",
        "Phone number": "",
        "Email": "Missing"
    },
    {
        "Research Interest": "Missing",
        "Position": "",
        "Name": "Yaron Singer ",
        "Phone number": "",
        "Email": "Missing"
    }
]