[
    {
        "Position": "Professor and Chair",
        "Email": " kfisher@cs.tufts.edu",
        "Name": "Kathleen Fisher",
        "Phone number": "617-627-3831",
        "Research Interest": "Missing"
    },
    {
        "Position": "Professor and Associate Chair",
        "Email": " Jeffrey.Foster@tufts.edu",
        "Name": "Jeffrey Foster",
        "Phone number": "617-627-2225",
        "Research Interest": "Missing"
    },
    {
        "Position": "Associate Teaching Professor",
        "Email": " martin.allen@tufts.edu",
        "Name": "Martin Allen",
        "Phone number": "617-627-2225",
        "Research Interest": "Missing"
    },
    {
        "Position": "Associate Professor",
        "Email": " remco@cs.tufts.edu",
        "Name": "Remco Chang",
        "Phone number": "617-627-3681",
        "Research Interest": "Missing"
    },
    {
        "Position": "Associate Teaching Professor",
        "Email": " mchow@cs.tufts.edu",
        "Name": "Ming Chow",
        "Phone number": "617-627-2225",
        "Research Interest": "Missing"
    },
    {
        "Position": "Associate Professor",
        "Email": " couch@cs.tufts.edu",
        "Name": "Alva Couch",
        "Phone number": "617-627-3674",
        "Research Interest": "Missing"
    },
    {
        "Position": "Professor",
        "Email": " cowen@cs.tufts.edu",
        "Name": "Lenore Cowen",
        "Phone number": "617-627-5134",
        "Research Interest": "Missing"
    },
    {
        "Position": "Professor",
        "Email": " jp.deruiter@tufts.edu",
        "Name": "J.P. de Ruiter",
        "Phone number": "617-627-2531",
        "Research Interest": "Missing"
    },
    {
        "Position": "Associate Professor",
        "Email": " fahad@cs.tufts.edu",
        "Name": "Fahad Dogar",
        "Phone number": "617-627-2225",
        "Research Interest": "Missing"
    },
    {
        "Position": "Lecturer",
        "Email": " kedwards@cs.tufts.edu",
        "Name": "Karen Edwards",
        "Phone number": "617-627-2225",
        "Research Interest": "Missing"
    },
    {
        "Position": "Associate Professor",
        "Email": " sguyer@cs.tufts.edu",
        "Name": "Samuel Guyer",
        "Phone number": "617-627-4948",
        "Research Interest": "Missing"
    },
    {
        "Position": "Professor",
        "Email": " soha@cs.tufts.edu",
        "Name": "Soha Hassoun",
        "Phone number": "617-627-5177",
        "Research Interest": "Missing"
    },
    {
        "Position": "Assistant Professor",
        "Email": " Bert.Huang@tufts.edu",
        "Name": "Bert Huang",
        "Phone number": "617-627-2225",
        "Research Interest": "Missing"
    },
    {
        "Position": "Missing",
        "Email": " Michael.Hughes@tufts.edu",
        "Name": "Michael Hughes",
        "Phone number": "617-627-2225",
        "Research Interest": "Missing"
    },
    {
        "Position": "Professor",
        "Email": " jacob@cs.tufts.edu",
        "Name": "Robert Jacob",
        "Phone number": "617-627-2225 ",
        "Research Interest": "Missing"
    },
    {
        "Position": "Visiting Assistant Professor",
        "Email": " Matias.Korman@tufts.edu",
        "Name": "Matias Korman",
        "Phone number": "617-627-2225",
        "Research Interest": "Missing"
    },
    {
        "Position": "Professor",
        "Email": " susan.landau@tufts.edu",
        "Name": "Susan Landau",
        "Phone number": "617-627-4792",
        "Research Interest": "Missing"
    },
    {
        "Position": "Assistant Teaching Professor",
        "Email": "dave@cs.tufts.edu",
        "Name": "David Lillethun",
        "Phone number": "617-627-2225",
        "Research Interest": "Missing"
    },
    {
        "Position": "Missing",
        "Email": " liping.liu@tufts.edu",
        "Name": "Liping Liu",
        "Phone number": "617-627-0556 ",
        "Research Interest": "Missing"
    },
    {
        "Position": "Professor of the Practice",
        "Email": " noah@cs.tufts.edu",
        "Name": "Noah Mendelsohn",
        "Phone number": "617-627-0537",
        "Research Interest": "Missing"
    },
    {
        "Position": "Assistant Teaching Professor",
        "Email": " mmonroe@cs.tufts.edu",
        "Name": "Megan Monroe",
        "Phone number": "617-627-2225 ",
        "Research Interest": "Missing"
    },
    {
        "Position": "Missing",
        "Email": " abani.patra@tufts.edu",
        "Name": "Abani Patra",
        "Phone number": "617-627-3718",
        "Research Interest": "Missing"
    },
    {
        "Position": "Associate Professor",
        "Email": " nr@cs.tufts.edu",
        "Name": "Norman Ramsey",
        "Phone number": "617-627-4923",
        "Research Interest": "Missing"
    },
    {
        "Position": "Missing",
        "Email": " raja.sambasivan@tufts.edu",
        "Name": "Raja Sambasivan",
        "Phone number": "617-627-2225 ",
        "Research Interest": "Missing"
    },
    {
        "Position": "Professor",
        "Email": " matthias.scheutz@tufts.edu",
        "Name": "Matthias Scheutz",
        "Phone number": "617-627-0453",
        "Research Interest": "Missing"
    },
    {
        "Position": "Associate Teaching Professor",
        "Email": " msheldon@cs.tufts.edu",
        "Name": "Mark Sheldon",
        "Phone number": "617-627-2491",
        "Research Interest": "Missing"
    },
    {
        "Position": "Missing",
        "Email": " elaine.short@tufts.edu",
        "Name": "Elaine Schaertl Short",
        "Phone number": "617-627-2225",
        "Research Interest": "Missing"
    },
    {
        "Position": "Missing",
        "Email": " jsinapov@cs.tufts.edu",
        "Name": "Jivko Sinapov",
        "Phone number": "617-627-2225",
        "Research Interest": "Missing"
    },
    {
        "Position": "Professor",
        "Email": " slonim@cs.tufts.edu",
        "Name": "Donna Slonim",
        "Phone number": "617-627-5068",
        "Research Interest": "Missing"
    },
    {
        "Position": "Professor",
        "Email": " diane.souvaine@tufts.edu",
        "Name": "Diane Souvaine",
        "Phone number": "617-627-2486",
        "Research Interest": "Missing"
    },
    {
        "Position": "Assistant Teaching Professor",
        "Email": " richard.townsend@tufts.edu",
        "Name": "Richard Townsend",
        "Phone number": "617-627-2225 ",
        "Research Interest": "Missing"
    },
    {
        "Position": "Visiting Assistant Professor",
        "Email": " daniel.votipka@tufts.edu",
        "Name": "Daniel Votipka",
        "Phone number": "617-627-2225",
        "Research Interest": "Missing"
    },
    {
        "Position": "Adjunct Associate Professor",
        "Email": "shuchin.aeron@tufts.edu",
        "Name": "Shuchin Aeron",
        "Phone number": "617-627-4653 ",
        "Research Interest": "Missing"
    },
    {
        "Position": "Adjunct Professor",
        "Email": " marina.bers@tufts.edu",
        "Name": "Marina Umaschi Bers",
        "Phone number": "617-627-4490",
        "Research Interest": "Missing"
    },
    {
        "Position": "Adjunct Professor",
        "Email": " bruce.boghosian@tufts.edu",
        "Name": "Bruce Boghosian",
        "Phone number": "617-627-3054",
        "Research Interest": "Missing"
    },
    {
        "Position": "Adjunct Professor",
        "Email": " gregory.crane@tufts.edu",
        "Name": "Gregory Crane",
        "Phone number": "617-627-2435",
        "Research Interest": "Missing"
    },
    {
        "Position": "Missing",
        "Email": "ethan.danahy@tufts.edu",
        "Name": "Ethan Danahy",
        "Phone number": "617-627-5888 ",
        "Research Interest": "Missing"
    },
    {
        "Position": "Adjunct Associate Professor",
        "Email": "mark.hempstead@tufts.edu",
        "Name": "Mark Hempstead",
        "Phone number": "617-627-0969 ",
        "Research Interest": "Missing"
    },
    {
        "Position": "Adjunct Associate Professor",
        "Email": "khan@ece.tufts.edu",
        "Name": "Usman Khan",
        "Phone number": "617-627-5299",
        "Research Interest": "Missing"
    },
    {
        "Position": "Adjunct Professor",
        "Email": " misha.kilmer@tufts.edu",
        "Name": "Misha Kilmer",
        "Phone number": "617-627-2005",
        "Research Interest": "Missing"
    },
    {
        "Position": "Adjunct Professor",
        "Email": "elmiller@ece.tufts.edu",
        "Name": "Eric Miller",
        "Phone number": "617-627-0835",
        "Research Interest": "Missing"
    },
    {
        "Position": "Adjunct Professor",
        "Email": "karen@ece.tufts.edu",
        "Name": "Karen Panetta",
        "Phone number": "617-627-5976",
        "Research Interest": "Missing"
    },
    {
        "Position": "Research Assistant Professor",
        "Email": " Antonio.Roque@tufts.edu",
        "Name": "Antonio Roque",
        "Phone number": "617.627.2225",
        "Research Interest": "Missing"
    },
    {
        "Position": "Adjunct Associate Professor",
        "Email": " csadmin@cs.tufts.edu",
        "Name": "Orit Shaer",
        "Phone number": "617-627-2225",
        "Research Interest": "Missing"
    },
    {
        "Position": "Adjunct Assistant Professor",
        "Email": " josephine.wolff@tufts.edu",
        "Name": "Josephine Wolff",
        "Phone number": "617-617-3700",
        "Research Interest": "Missing"
    },
    {
        "Position": "Part-Time Lecturer",
        "Email": "basus@cs.tufts.edu",
        "Name": "Shrutarshi Basu",
        "Phone number": "617-627-2225",
        "Research Interest": "Missing"
    },
    {
        "Position": "Part-Time Lecturer",
        "Email": "lisad@cs.tufts.edu",
        "Name": "Lisa DiOrio",
        "Phone number": "617-627-2225",
        "Research Interest": "Missing"
    },
    {
        "Position": "Part-Time Lecturer",
        "Email": " fabrizio.santini@tufts.edu",
        "Name": "Fabrizio Santini",
        "Phone number": "857-389-2091",
        "Research Interest": "Missing"
    },
    {
        "Position": "Part-Time Lecturer",
        "Email": " jitendra.singh@tufts.edu",
        "Name": "Jitendra Singh",
        "Phone number": "617-627-2225",
        "Research Interest": "Missing"
    },
    {
        "Position": "Part-Time Lecturer",
        "Email": "rvsrvs@cs.tufts.edu",
        "Name": "R. Van Simmons",
        "Phone number": "617-627-2225",
        "Research Interest": "Missing"
    },
    {
        "Position": "Part-Time Lecturer",
        "Email": "wexler@cs.tufts.edu",
        "Name": "Thomas Wexler",
        "Phone number": "617-627-2225",
        "Research Interest": "Missing"
    },
    {
        "Position": "Part-Time Lecturer",
        "Email": " jason.wiser@tufts.edu",
        "Name": "Jason Wiser",
        "Phone number": "617-627-2225",
        "Research Interest": "Missing"
    },
    {
        "Position": "Part-Time Lecturer",
        "Email": "ayurik@cs.tufts.edu",
        "Name": "Aline Yurik",
        "Phone number": "617-627-2225",
        "Research Interest": "Missing"
    }
]