[
    {
        "Research Interest": "Missing",
        "Position": "Missing",
        "Name": "Michael Mislove",
        "Phone number": "Missing",
        "Email": "Missing"
    },
    {
        "Research Interest": "Missing",
        "Position": "Missing",
        "Name": "Carola Wenk",
        "Phone number": "Missing",
        "Email": "Missing"
    },
    {
        "Research Interest": "Missing",
        "Position": "Missing",
        "Name": "Ramgopal Mettu",
        "Phone number": "Missing",
        "Email": "Missing"
    },
    {
        "Research Interest": "Missing",
        "Position": "Missing",
        "Name": "Jihun Hamm",
        "Phone number": "Missing",
        "Email": "Missing"
    },
    {
        "Research Interest": "Missing",
        "Position": "Missing",
        "Name": "Aron Culotta",
        "Phone number": "Missing",
        "Email": "Missing"
    },
    {
        "Research Interest": "Missing",
        "Position": "Missing",
        "Name": "Brian Summa",
        "Phone number": "Missing",
        "Email": "Missing"
    },
    {
        "Research Interest": "Missing",
        "Position": "Missing",
        "Name": "Zizhan Zheng",
        "Phone number": "Missing",
        "Email": "Missing"
    },
    {
        "Research Interest": "AddThis",
        "Position": "Missing",
        "Name": "Aron Culotta",
        "Phone number": "Missing",
        "Email": "Missing"
    }
]