[
    {
        "Name": "Tarek Abdelzaher",
        "Position": "Professor and Willett Faculty Scholar",
        "Research Interest": "Missing",
        "Phone number": "Missing",
        "Email": "Missing"
    },
    {
        "Name": "Sarita V. Adve",
        "Position": "Richard T. Cheng Professor",
        "Research Interest": "Missing",
        "Phone number": "Missing",
        "Email": "Missing"
    },
    {
        "Name": "Vikram Adve",
        "Position": "Donald B. Gillies Professor in Computer Science",
        "Research Interest": "Missing",
        "Phone number": "Missing",
        "Email": "Missing"
    },
    {
        "Name": "Gul A. Agha",
        "Position": "Professor Emeritus",
        "Research Interest": "Missing",
        "Phone number": "Missing",
        "Email": "Missing"
    },
    {
        "Name": "Abdussalam Alawini",
        "Position": "Teaching Assistant Professor",
        "Research Interest": "Missing",
        "Phone number": "Missing",
        "Email": "Missing"
    },
    {
        "Name": "Haitham Al-Hassanieh",
        "Position": "Assistant Professor, Electrical and Computer Engineering",
        "Research Interest": "Missing",
        "Phone number": "Missing",
        "Email": "Missing"
    },
    {
        "Name": "Gabrielle Dawn Allen",
        "Position": "Research Professor & Senior Research Scientist, NCSA",
        "Research Interest": "Missing",
        "Phone number": "Missing",
        "Email": "Missing"
    },
    {
        "Name": "Nancy M. Amato",
        "Position": "Abel Bliss Professor of Engineering",
        "Research Interest": "Missing",
        "Phone number": "Missing",
        "Email": "Missing"
    },
    {
        "Name": "Mark A. Anastasio",
        "Position": "Donald Biggar Willett Professor in Engineering & Head, Bioengineering",
        "Research Interest": "Missing",
        "Phone number": "Missing",
        "Email": "Missing"
    },
    {
        "Name": "Lawrence Angrave",
        "Position": "Teaching Professor, Gies RC Evans Innovation Fellow, CITL Fellow",
        "Research Interest": "Missing",
        "Phone number": "Missing",
        "Email": "Missing"
    },
    {
        "Name": "Brian P. Bailey",
        "Position": "Professor",
        "Research Interest": "Missing",
        "Phone number": "Missing",
        "Email": "Missing"
    },
    {
        "Name": "Michael Bailey",
        "Position": "Associate Professor, Electrical and Computer Engineering",
        "Research Interest": "Missing",
        "Phone number": "Missing",
        "Email": "Missing"
    },
    {
        "Name": "Adam Bates",
        "Position": "Assistant Professor",
        "Research Interest": "Missing",
        "Phone number": "Missing",
        "Email": "Missing"
    },
    {
        "Name": "Mattox Alan Beckman",
        "Position": "Teaching Assistant Professor",
        "Research Interest": "Missing",
        "Phone number": "Missing",
        "Email": "Missing"
    },
    {
        "Name": "Catherine Lesley Blake",
        "Position": "Associate Professor, Information Sciences",
        "Research Interest": "Missing",
        "Phone number": "Missing",
        "Email": "Missing"
    },
    {
        "Name": "Nikita Borisov",
        "Position": "Associate Professor, Electrical and Computer Engineering",
        "Research Interest": "Missing",
        "Phone number": "Missing",
        "Email": "Missing"
    },
    {
        "Name": "Timothy Bretl",
        "Position": "Associate Professor, Aerospace Engineering",
        "Research Interest": "Missing",
        "Phone number": "Missing",
        "Email": "Missing"
    },
    {
        "Name": "Robert J. Brunner",
        "Position": "Professor, Astronomy",
        "Research Interest": "Missing",
        "Phone number": "Missing",
        "Email": "Missing"
    },
    {
        "Name": "Matthew Caesar",
        "Position": "Associate Professor",
        "Research Interest": "Missing",
        "Phone number": "Missing",
        "Email": "Missing"
    },
    {
        "Name": "Roy H. Campbell",
        "Position": "Sohaib and Sara Abbasi Professor Emeritus",
        "Research Interest": "Missing",
        "Phone number": "Missing",
        "Email": "Missing"
    },
    {
        "Name": "George Chacko",
        "Position": "Research Associate Professor",
        "Research Interest": "Missing",
        "Phone number": "Missing",
        "Email": "Missing"
    },
    {
        "Name": "Geoffrey Werner Challen",
        "Position": "Teaching Associate Professor",
        "Research Interest": "Missing",
        "Phone number": "Missing",
        "Email": "Missing"
    },
    {
        "Name": "Timothy Moon-Yew Chan",
        "Position": "Founder Professor in Engineering",
        "Research Interest": "Missing",
        "Phone number": "Missing",
        "Email": "Missing"
    },
    {
        "Name": "Karthekeyan Chandrasekaran",
        "Position": "Assistant Professor, Industrial and Enterprise Systems Engineering",
        "Research Interest": "Missing",
        "Phone number": "Missing",
        "Email": "Missing"
    },
    {
        "Name": "Eshwar Chandrasekharan",
        "Position": "Assistant Professor",
        "Research Interest": "Missing",
        "Phone number": "Missing",
        "Email": "Missing"
    },
    {
        "Name": "Kevin Chenchuan Chang",
        "Position": "Professor",
        "Research Interest": "Missing",
        "Phone number": "Missing",
        "Email": "Missing"
    },
    {
        "Name": "Chandra Sekhar Chekuri",
        "Position": "Professor",
        "Research Interest": "Missing",
        "Phone number": "Missing",
        "Email": "Missing"
    },
    {
        "Name": "Deming Chen",
        "Position": "Professor, Electrical and Computer Engineering",
        "Research Interest": "Missing",
        "Phone number": "Missing",
        "Email": "Missing"
    },
    {
        "Name": "Girish Chowdhary",
        "Position": "Associate Professor, Agricultural and Biological Engineering",
        "Research Interest": "Missing",
        "Phone number": "Missing",
        "Email": "Missing"
    },
    {
        "Name": "Benjamin Cosman",
        "Position": "Teaching Assistant Professor",
        "Research Interest": "Missing",
        "Phone number": "Missing",
        "Email": "Missing"
    },
    {
        "Name": "Donna J. Cox",
        "Position": "Professor, Art and Design, National Center for Supercomputing Applications",
        "Research Interest": "Missing",
        "Phone number": "Missing",
        "Email": "Missing"
    },
    {
        "Name": "Ryan Matthew Cunningham",
        "Position": "Lecturer",
        "Research Interest": "Missing",
        "Phone number": "Missing",
        "Email": "Missing"
    },
    {
        "Name": "Neal E. Davis",
        "Position": "Teaching Assistant Professor",
        "Research Interest": "Missing",
        "Phone number": "Missing",
        "Email": "Missing"
    },
    {
        "Name": "Gerald F. DeJong, II",
        "Position": "Professor Emeritus",
        "Research Interest": "Missing",
        "Phone number": "Missing",
        "Email": "Missing"
    },
    {
        "Name": "Payam Delgosha",
        "Position": "Research Assistant Professor",
        "Research Interest": "Missing",
        "Phone number": "Missing",
        "Email": "Missing"
    },
    {
        "Name": "Jana Diesner",
        "Position": "Associate Professor, Information Sciences",
        "Research Interest": "Missing",
        "Phone number": "Missing",
        "Email": "Missing"
    },
    {
        "Name": "Minh N. Do",
        "Position": "Department Affiliate",
        "Research Interest": "Missing",
        "Phone number": "Missing",
        "Email": "Missing"
    },
    {
        "Name": "Katherine Rose Driggs-Campbell",
        "Position": "Assistant Professor, Electrical & Computer Engineering",
        "Research Interest": "Missing",
        "Phone number": "Missing",
        "Email": "Missing"
    },
    {
        "Name": "Geir E. Dullerud",
        "Position": "Professor, Mechanical Science and Engineering",
        "Research Interest": "Missing",
        "Phone number": "Missing",
        "Email": "Missing"
    },
    {
        "Name": "Mohammed El-Kebir",
        "Position": "Assistant Professor",
        "Research Interest": "Missing",
        "Phone number": "Missing",
        "Email": "Missing"
    },
    {
        "Name": "Jeff G. Erickson",
        "Position": "Professor and Education Innovation Fellow",
        "Research Interest": "Missing",
        "Phone number": "Missing",
        "Email": "Missing"
    },
    {
        "Name": "Carl Evans",
        "Position": "Teaching Assistant Professor",
        "Research Interest": "Missing",
        "Phone number": "Missing",
        "Email": "Missing"
    },
    {
        "Name": "Wade A. Fagen-Ulmschneider",
        "Position": "Teaching Associate Professor",
        "Research Interest": "Missing",
        "Phone number": "Missing",
        "Email": "Missing"
    },
    {
        "Name": "Paul Fischer",
        "Position": "Professor",
        "Research Interest": "Missing",
        "Phone number": "Missing",
        "Email": "Missing"
    },
    {
        "Name": "Margaret M. Fleck",
        "Position": "Research Associate Professor and Senior Lecturer",
        "Research Interest": "Missing",
        "Phone number": "Missing",
        "Email": "Missing"
    },
    {
        "Name": "Christopher Wardlaw Fletcher",
        "Position": "Assistant Professor",
        "Research Interest": "Missing",
        "Phone number": "Missing",
        "Email": "Missing"
    },
    {
        "Name": "Michael A. Forbes",
        "Position": "Assistant Professor",
        "Research Interest": "Missing",
        "Phone number": "Missing",
        "Email": "Missing"
    },
    {
        "Name": "David Forsyth",
        "Position": "Fulton Watson Copp Chair in Computer Science",
        "Research Interest": "Missing",
        "Phone number": "Missing",
        "Email": "Missing"
    },
    {
        "Name": "H. George Friedman",
        "Position": "Professor Emeritus",
        "Research Interest": "Missing",
        "Phone number": "Missing",
        "Email": "Missing"
    },
    {
        "Name": "Jugal Garg",
        "Position": "Assistant Professor, Industrial and Enterprise Systems Engineering",
        "Research Interest": "Missing",
        "Phone number": "Missing",
        "Email": "Missing"
    },
    {
        "Name": "Charles Gear",
        "Position": "Professor Emeritus",
        "Research Interest": "Missing",
        "Phone number": "Missing",
        "Email": "Missing"
    },
    {
        "Name": "Yael Gertner",
        "Position": "Teaching Assistant Professor",
        "Research Interest": "Missing",
        "Phone number": "Missing",
        "Email": "Missing"
    },
    {
        "Name": "Saugata Ghose",
        "Position": "Assistant Professor (Joining Spring 2021)",
        "Research Interest": "Missing",
        "Phone number": "Missing",
        "Email": "Missing"
    },
    {
        "Name": "Roxana Girju",
        "Position": "Professor, Linguistics",
        "Research Interest": "Missing",
        "Phone number": "Missing",
        "Email": "Missing"
    },
    {
        "Name": "Philip B. Godfrey",
        "Position": "Associate Professor",
        "Research Interest": "Missing",
        "Phone number": "Missing",
        "Email": "Missing"
    },
    {
        "Name": "Mani Golparvar Fard",
        "Position": "Associate Professor, Civil and Environmental Engineering",
        "Research Interest": "Missing",
        "Phone number": "Missing",
        "Email": "Missing"
    },
    {
        "Name": "William D. Gropp",
        "Position": "Thomas M. Siebel Chair in Computer Science",
        "Research Interest": "Missing",
        "Phone number": "Missing",
        "Email": "Missing"
    },
    {
        "Name": "Liangyan Gui",
        "Position": "Research Assistant Professor (Joining Fall 2021)",
        "Research Interest": "Missing",
        "Phone number": "Missing",
        "Email": "Missing"
    },
    {
        "Name": "Carl Gunter",
        "Position": "Professor",
        "Research Interest": "Missing",
        "Phone number": "Missing",
        "Email": "Missing"
    },
    {
        "Name": "Elsa Gunter",
        "Position": "Research Professor and Senior Lecturer",
        "Research Interest": "Missing",
        "Phone number": "Missing",
        "Email": "Missing"
    },
    {
        "Name": "Indranil Gupta",
        "Position": "Professor",
        "Research Interest": "Missing",
        "Phone number": "Missing",
        "Email": "Missing"
    },
    {
        "Name": "Saurabh Gupta",
        "Position": "Assistant Professor, Electrical & Computer Engineering",
        "Research Interest": "Missing",
        "Phone number": "Missing",
        "Email": "Missing"
    },
    {
        "Name": "Jiawei Han",
        "Position": "Michael Aiken Chair",
        "Research Interest": "Missing",
        "Phone number": "Missing",
        "Email": "Missing"
    },
    {
        "Name": "Mehdi T. Harandi",
        "Position": "Associate Professor Emeritus",
        "Research Interest": "Missing",
        "Phone number": "Missing",
        "Email": "Missing"
    },
    {
        "Name": "Sariel Har-Peled",
        "Position": "Donald Biggar Willett Professor in Engineering",
        "Research Interest": "Missing",
        "Phone number": "Missing",
        "Email": "Missing"
    },
    {
        "Name": "John C. Hart",
        "Position": "Professor",
        "Research Interest": "Missing",
        "Phone number": "Missing",
        "Email": "Missing"
    },
    {
        "Name": "Mark Hasegawa-Johnson",
        "Position": "Professor, Electrical and Computer Engineering",
        "Research Interest": "Missing",
        "Phone number": "Missing",
        "Email": "Missing"
    },
    {
        "Name": "Kris K. Hauser",
        "Position": "Associate Professor",
        "Research Interest": "Missing",
        "Phone number": "Missing",
        "Email": "Missing"
    },
    {
        "Name": "Jing Rui He",
        "Position": "Associate Professor, School of Information Sciences",
        "Research Interest": "Missing",
        "Phone number": "Missing",
        "Email": "Missing"
    },
    {
        "Name": "Michael T. Heath",
        "Position": "Professor and Fulton Watson Copp Chair Emeritus",
        "Research Interest": "Missing",
        "Phone number": "Missing",
        "Email": "Missing"
    },
    {
        "Name": "Geoffrey Lindsay Herman",
        "Position": "Teaching Associate Professor",
        "Research Interest": "Missing",
        "Phone number": "Missing",
        "Email": "Missing"
    },
    {
        "Name": "Julia Constanze Hockenmaier",
        "Position": "Associate Professor and Willett Faculty Scholar",
        "Research Interest": "Missing",
        "Phone number": "Missing",
        "Email": "Missing"
    },
    {
        "Name": "Derek W. Hoiem",
        "Position": "Associate Professor",
        "Research Interest": "Missing",
        "Phone number": "Missing",
        "Email": "Missing"
    },
    {
        "Name": "Yih-Chun Hu",
        "Position": "Associate Professor, Electrical and Computer Engineering",
        "Research Interest": "Missing",
        "Phone number": "Missing",
        "Email": "Missing"
    },
    {
        "Name": "Jian Huang",
        "Position": "Assistant Professor, Electrical and Computer Engineering",
        "Research Interest": "Missing",
        "Phone number": "Missing",
        "Email": "Missing"
    },
    {
        "Name": "Yun Huang",
        "Position": "Assistant Professor, Information Sciences",
        "Research Interest": "Missing",
        "Phone number": "Missing",
        "Email": "Missing"
    },
    {
        "Name": "Wen-mei Hwu",
        "Position": "AMD Jerry Sanders Chair, Electrical and Computer Engineering",
        "Research Interest": "Missing",
        "Phone number": "Missing",
        "Email": "Missing"
    },
    {
        "Name": "Ravishankar K. Iyer",
        "Position": "Professor, Electrical and Computer Engineering",
        "Research Interest": "Missing",
        "Phone number": "Missing",
        "Email": "Missing"
    },
    {
        "Name": "Reyhaneh Jabbarvand",
        "Position": "Assistant Professor (Joining Spring 2021)",
        "Research Interest": "Missing",
        "Phone number": "Missing",
        "Email": "Missing"
    },
    {
        "Name": "Sheldon Howard Jacobson",
        "Position": "Founder Professor in Engineering",
        "Research Interest": "Missing",
        "Phone number": "Missing",
        "Email": "Missing"
    },
    {
        "Name": "Heng Ji",
        "Position": "Professor",
        "Research Interest": "Missing",
        "Phone number": "Missing",
        "Email": "Missing"
    },
    {
        "Name": "Jing Jiang",
        "Position": "Lecturer",
        "Research Interest": "Missing",
        "Phone number": "Missing",
        "Email": "Missing"
    },
    {
        "Name": "Nan Jiang",
        "Position": "Assistant Professor",
        "Research Interest": "Missing",
        "Phone number": "Missing",
        "Email": "Missing"
    },
    {
        "Name": "Laxmikant V. Kale",
        "Position": "Paul and Cynthia Saylor Professor Emeritus",
        "Research Interest": "Missing",
        "Phone number": "Missing",
        "Email": "Missing"
    },
    {
        "Name": "Samuel N. Kamin",
        "Position": "Associate Professor Emeritus",
        "Research Interest": "Missing",
        "Phone number": "Missing",
        "Email": "Missing"
    },
    {
        "Name": "Karrie Karahalios",
        "Position": "Professor",
        "Research Interest": "Missing",
        "Phone number": "Missing",
        "Email": "Missing"
    },
    {
        "Name": "Daniel S. Katz",
        "Position": "Research Associate Professor, NCSA",
        "Research Interest": "Missing",
        "Phone number": "Missing",
        "Email": "Missing"
    },
    {
        "Name": "T. Kesavadas",
        "Position": "Professor, Industrial and Enterprise Systems Engineering",
        "Research Interest": "Missing",
        "Phone number": "Missing",
        "Email": "Missing"
    },
    {
        "Name": "Dakshita Khurana",
        "Position": "Assistant Professor",
        "Research Interest": "Missing",
        "Phone number": "Missing",
        "Email": "Missing"
    },
    {
        "Name": "Nam Sung Kim",
        "Position": "Professor, Electrical and Computer Engineering",
        "Research Interest": "Missing",
        "Phone number": "Missing",
        "Email": "Missing"
    },
    {
        "Name": "Volodymyr Kindratenko",
        "Position": "Research Associate Professor, NCSA",
        "Research Interest": "Missing",
        "Phone number": "Missing",
        "Email": "Missing"
    },
    {
        "Name": "Alex Kirlik",
        "Position": "Professor",
        "Research Interest": "Missing",
        "Phone number": "Missing",
        "Email": "Missing"
    },
    {
        "Name": "Andreas Paul Eberhard Kloeckner",
        "Position": "Associate Professor",
        "Research Interest": "Missing",
        "Phone number": "Missing",
        "Email": "Missing"
    },
    {
        "Name": "Sanmi Koyejo",
        "Position": "Assistant Professor",
        "Research Interest": "Missing",
        "Phone number": "Missing",
        "Email": "Missing"
    },
    {
        "Name": "William T. Kramer",
        "Position": "Research Professor",
        "Research Interest": "Missing",
        "Phone number": "Missing",
        "Email": "Missing"
    },
    {
        "Name": "Robin Hillary Kravets",
        "Position": "Professor",
        "Research Interest": "Missing",
        "Phone number": "Missing",
        "Email": "Missing"
    },
    {
        "Name": "David J. Kuck",
        "Position": "Professor Emeritus",
        "Research Interest": "Missing",
        "Phone number": "Missing",
        "Email": "Missing"
    },
    {
        "Name": "Rakesh Kumar",
        "Position": "Professor, Electrical and Computer Engineering",
        "Research Interest": "Missing",
        "Phone number": "Missing",
        "Email": "Missing"
    },
    {
        "Name": "Ranjitha Kumar",
        "Position": "Assistant Professor",
        "Research Interest": "Missing",
        "Phone number": "Missing",
        "Email": "Missing"
    },
    {
        "Name": "Steven M. LaValle",
        "Position": "Professor",
        "Research Interest": "Missing",
        "Phone number": "Missing",
        "Email": "Missing"
    },
    {
        "Name": "Duncan H. Lawrie",
        "Position": "Professor Emeritus",
        "Research Interest": "Missing",
        "Phone number": "Missing",
        "Email": "Missing"
    },
    {
        "Name": "Svetlana Lazebnik",
        "Position": "Associate Professor and Willett Faculty Scholar",
        "Research Interest": "Missing",
        "Phone number": "Missing",
        "Email": "Missing"
    },
    {
        "Name": "Kirill Levchenko",
        "Position": "Associate Professor, Electrical and Computer Engineering",
        "Research Interest": "Missing",
        "Phone number": "Missing",
        "Email": "Missing"
    },
    {
        "Name": "Colleen M. Lewis",
        "Position": "Assistant Professor",
        "Research Interest": "Missing",
        "Phone number": "Missing",
        "Email": "Missing"
    },
    {
        "Name": "Bo Li",
        "Position": "Assistant Professor",
        "Research Interest": "Missing",
        "Phone number": "Missing",
        "Email": "Missing"
    },
    {
        "Name": "King C. Li",
        "Position": "Dean, Carle Illinois College of Medicine",
        "Research Interest": "Missing",
        "Phone number": "Missing",
        "Email": "Missing"
    },
    {
        "Name": "C.L. David Liu",
        "Position": "Professor Emeritus",
        "Research Interest": "Missing",
        "Phone number": "Missing",
        "Email": "Missing"
    },
    {
        "Name": "Hongye Liu",
        "Position": "Teaching Assistant Professor",
        "Research Interest": "Missing",
        "Phone number": "Missing",
        "Email": "Missing"
    },
    {
        "Name": "Jane W.-S. Liu",
        "Position": "Professor Emeritus",
        "Research Interest": "Missing",
        "Phone number": "Missing",
        "Email": "Missing"
    },
    {
        "Name": "Bertram Ludaescher",
        "Position": "Professor, Information Sciences",
        "Research Interest": "Missing",
        "Phone number": "Missing",
        "Email": "Missing"
    },
    {
        "Name": "Steven Lumetta",
        "Position": "Associate Professor, Electrical and Computer Engineering",
        "Research Interest": "Missing",
        "Phone number": "Missing",
        "Email": "Missing"
    },
    {
        "Name": "Darko Marinov",
        "Position": "Professor",
        "Research Interest": "Missing",
        "Phone number": "Missing",
        "Email": "Missing"
    },
    {
        "Name": "Kenton Guadron McHenry",
        "Position": "Research Assistant Professor, NCSA",
        "Research Interest": "Missing",
        "Phone number": "Missing",
        "Email": "Missing"
    },
    {
        "Name": "Ruta Mehta",
        "Position": "Assistant Professor",
        "Research Interest": "Missing",
        "Phone number": "Missing",
        "Email": "Missing"
    },
    {
        "Name": "Charith Mendis",
        "Position": "Assistant Professor (Joining Fall 2021)",
        "Research Interest": "Missing",
        "Phone number": "Missing",
        "Email": "Missing"
    },
    {
        "Name": "Jose Meseguer",
        "Position": "Professor",
        "Research Interest": "Missing",
        "Phone number": "Missing",
        "Email": "Missing"
    },
    {
        "Name": "M. Dennis Mickunas",
        "Position": "Associate Professor Emeritus",
        "Research Interest": "Missing",
        "Phone number": "Missing",
        "Email": "Missing"
    },
    {
        "Name": "Olgica Milenkovic",
        "Position": "Professor, Electrical and Computer Engineering",
        "Research Interest": "Missing",
        "Phone number": "Missing",
        "Email": "Missing"
    },
    {
        "Name": "Andrew Miller",
        "Position": "Assistant Professor, Electrical and Computer Engineering",
        "Research Interest": "Missing",
        "Phone number": "Missing",
        "Email": "Missing"
    },
    {
        "Name": "Sasa Misailovic",
        "Position": "Assistant Professor",
        "Research Interest": "Missing",
        "Phone number": "Missing",
        "Email": "Missing"
    },
    {
        "Name": "Sayan Mitra",
        "Position": "Professor, Electrical and Computer Engineering",
        "Research Interest": "Missing",
        "Phone number": "Missing",
        "Email": "Missing"
    },
    {
        "Name": "Radhika Mittal",
        "Position": "Assistant Professor, Electrical and Computer Engineering",
        "Research Interest": "Missing",
        "Phone number": "Missing",
        "Email": "Missing"
    },
    {
        "Name": "Sibin Mohan",
        "Position": "Research Assistant Professor",
        "Research Interest": "Missing",
        "Phone number": "Missing",
        "Email": "Missing"
    },
    {
        "Name": "Marco Morales Aguirre",
        "Position": "Teaching Associate Professor",
        "Research Interest": "Missing",
        "Phone number": "Missing",
        "Email": "Missing"
    },
    {
        "Name": "Rakesh Nagi",
        "Position": "Donald Biggar Willett Professor in Engineering",
        "Research Interest": "Missing",
        "Phone number": "Missing",
        "Email": "Missing"
    },
    {
        "Name": "Klara Nahrstedt",
        "Position": "Ralph M. and Catherine V. Fisher Professor",
        "Research Interest": "Missing",
        "Phone number": "Missing",
        "Email": "Missing"
    },
    {
        "Name": "Yee Man (Margaret) Ng",
        "Position": "Assistant Professor, Journalism and Institute of Communications Research",
        "Research Interest": "Missing",
        "Phone number": "Missing",
        "Email": "Missing"
    },
    {
        "Name": "David M. Nicol",
        "Position": "Professor, Electrical and Computer Engineering",
        "Research Interest": "Missing",
        "Phone number": "Missing",
        "Email": "Missing"
    },
    {
        "Name": "Michael Nowak",
        "Position": "Teaching Assistant Professor",
        "Research Interest": "Missing",
        "Phone number": "Missing",
        "Email": "Missing"
    },
    {
        "Name": "Idoia Ochoa",
        "Position": "Assistant Professor, Electrical and Computer Engineering",
        "Research Interest": "Missing",
        "Phone number": "Missing",
        "Email": "Missing"
    },
    {
        "Name": "Luke Olson",
        "Position": "Professor and Willett Faculty Scholar",
        "Research Interest": "Missing",
        "Phone number": "Missing",
        "Email": "Missing"
    },
    {
        "Name": "David A. Padua",
        "Position": "Donald Biggar Willett Professor in Engineering",
        "Research Interest": "Missing",
        "Phone number": "Missing",
        "Email": "Missing"
    },
    {
        "Name": "Yongjoo Park",
        "Position": "Assistant Professor",
        "Research Interest": "Missing",
        "Phone number": "Missing",
        "Email": "Missing"
    },
    {
        "Name": "Madhusudan Parthasarathy",
        "Position": "Professor",
        "Research Interest": "Missing",
        "Phone number": "Missing",
        "Email": "Missing"
    },
    {
        "Name": "Sanjay Patel",
        "Position": "Professor, Electrical and Computer Engineering",
        "Research Interest": "Missing",
        "Phone number": "Missing",
        "Email": "Missing"
    },
    {
        "Name": "Jian Peng",
        "Position": "Assistant Professor and Willett Faculty Fellow",
        "Research Interest": "Missing",
        "Phone number": "Missing",
        "Email": "Missing"
    },
    {
        "Name": "Leonard B. Pitt",
        "Position": "Professor Emeritus",
        "Research Interest": "Missing",
        "Phone number": "Missing",
        "Email": "Missing"
    },
    {
        "Name": "Maxim Raginsky",
        "Position": "Associate Professor, Electrical and Computer Engineering",
        "Research Interest": "Missing",
        "Phone number": "Missing",
        "Email": "Missing"
    },
    {
        "Name": "Lawrence Rauchwerger",
        "Position": "Professor",
        "Research Interest": "Missing",
        "Phone number": "Missing",
        "Email": "Missing"
    },
    {
        "Name": "Edward M. Reingold",
        "Position": "Professor Emeritus",
        "Research Interest": "Missing",
        "Phone number": "Missing",
        "Email": "Missing"
    },
    {
        "Name": "Ling Ren",
        "Position": "Assistant Professor",
        "Research Interest": "Missing",
        "Phone number": "Missing",
        "Email": "Missing"
    },
    {
        "Name": "Gene E. Robinson",
        "Position": "Department Affiliate",
        "Research Interest": "Missing",
        "Phone number": "Missing",
        "Email": "Missing"
    },
    {
        "Name": "Grigore Rosu",
        "Position": "Professor",
        "Research Interest": "Missing",
        "Phone number": "Missing",
        "Email": "Missing"
    },
    {
        "Name": "Romit Roy Choudhury",
        "Position": "Associate Professor, Electrical and Computer Engineering",
        "Research Interest": "Missing",
        "Phone number": "Missing",
        "Email": "Missing"
    },
    {
        "Name": "Paul E. Saylor",
        "Position": "Professor Emeritus",
        "Research Interest": "Missing",
        "Phone number": "Missing",
        "Email": "Missing"
    },
    {
        "Name": "Bruce R. Schatz",
        "Position": "Professor and Department Head, Medical Information Science",
        "Research Interest": "Missing",
        "Phone number": "Missing",
        "Email": "Missing"
    },
    {
        "Name": "Lane Oscar Schwartz",
        "Position": "Assistant Professor, Linguistics",
        "Research Interest": "Missing",
        "Phone number": "Missing",
        "Email": "Missing"
    },
    {
        "Name": "Alexander Schwing",
        "Position": "Assistant Professor, Electrical and Computer Engineering",
        "Research Interest": "Missing",
        "Phone number": "Missing",
        "Email": "Missing"
    },
    {
        "Name": "Edward Seidel",
        "Position": "Founder Professor, Physics",
        "Research Interest": "Missing",
        "Phone number": "Missing",
        "Email": "Missing"
    },
    {
        "Name": "Lui Sha",
        "Position": "Donald B. Gillies Chair in Computer Science",
        "Research Interest": "Missing",
        "Phone number": "Missing",
        "Email": "Missing"
    },
    {
        "Name": "Eric Gene Shaffer",
        "Position": "Teaching Assistant Professor",
        "Research Interest": "Missing",
        "Phone number": "Missing",
        "Email": "Missing"
    },
    {
        "Name": "Mariana Silva",
        "Position": "Teaching Assistant Professor",
        "Research Interest": "Missing",
        "Phone number": "Missing",
        "Email": "Missing"
    },
    {
        "Name": "Saurabh Sinha",
        "Position": "Professor and Willett Faculty Scholar",
        "Research Interest": "Missing",
        "Phone number": "Missing",
        "Email": "Missing"
    },
    {
        "Name": "Robert D. Skeel",
        "Position": "Professor Emeritus",
        "Research Interest": "Missing",
        "Phone number": "Missing",
        "Email": "Missing"
    },
    {
        "Name": "Paris Smaragdis",
        "Position": "Associate Professor",
        "Research Interest": "Missing",
        "Phone number": "Missing",
        "Email": "Missing"
    },
    {
        "Name": "Marc Snir",
        "Position": "Michael Faiman Professor Emeritus",
        "Research Interest": "Missing",
        "Phone number": "Missing",
        "Email": "Missing"
    },
    {
        "Name": "Brad R. Solomon",
        "Position": "Teaching Assistant Professor",
        "Research Interest": "Missing",
        "Phone number": "Missing",
        "Email": "Missing"
    },
    {
        "Name": "Edgar Solomonik",
        "Position": "Assistant Professor",
        "Research Interest": "Missing",
        "Phone number": "Missing",
        "Email": "Missing"
    },
    {
        "Name": "Rayadurgam Srikant",
        "Position": "Professor, Electrical and Computer Engineering",
        "Research Interest": "Missing",
        "Phone number": "Missing",
        "Email": "Missing"
    },
    {
        "Name": "Victoria Stodden",
        "Position": "Associate Professor, Information Sciences",
        "Research Interest": "Missing",
        "Phone number": "Missing",
        "Email": "Missing"
    },
    {
        "Name": "Jimeng Sun",
        "Position": "Professor",
        "Research Interest": "Missing",
        "Phone number": "Missing",
        "Email": "Missing"
    },
    {
        "Name": "Hari Sundaram",
        "Position": "Associate Professor",
        "Research Interest": "Missing",
        "Phone number": "Missing",
        "Email": "Missing"
    },
    {
        "Name": "Matus Jan Telgarsky",
        "Position": "Assistant Professor",
        "Research Interest": "Missing",
        "Phone number": "Missing",
        "Email": "Missing"
    },
    {
        "Name": "Hanghang Tong",
        "Position": "Associate Professor",
        "Research Interest": "Missing",
        "Phone number": "Missing",
        "Email": "Missing"
    },
    {
        "Name": "Josep Torrellas",
        "Position": "Saburo Muroga Professor",
        "Research Interest": "Missing",
        "Phone number": "Missing",
        "Email": "Missing"
    },
    {
        "Name": "Michael Bernard Twidale",
        "Position": "Professor, Information Sciences",
        "Research Interest": "Missing",
        "Phone number": "Missing",
        "Email": "Missing"
    },
    {
        "Name": "Lav R. Varshney",
        "Position": "Assistant Professor, Electrical and Computer Engineering",
        "Research Interest": "Missing",
        "Phone number": "Missing",
        "Email": "Missing"
    },
    {
        "Name": "Deepak Vasisht",
        "Position": "Assistant Professor",
        "Research Interest": "Missing",
        "Phone number": "Missing",
        "Email": "Missing"
    },
    {
        "Name": "Shobha Vasudevan",
        "Position": "Associate Professor, Electrical and Computer Engineering",
        "Research Interest": "Missing",
        "Phone number": "Missing",
        "Email": "Missing"
    },
    {
        "Name": "Pramod Viswanath",
        "Position": "Professor, Electrical and Computer Engineering",
        "Research Interest": "Missing",
        "Phone number": "Missing",
        "Email": "Missing"
    },
    {
        "Name": "Mahesh Viswanathan",
        "Position": "Professor",
        "Research Interest": "Missing",
        "Phone number": "Missing",
        "Email": "Missing"
    },
    {
        "Name": "Gang Wang",
        "Position": "Assistant Professor",
        "Research Interest": "Missing",
        "Phone number": "Missing",
        "Email": "Missing"
    },
    {
        "Name": "Shaowen Wang",
        "Position": "Professor, Geography",
        "Research Interest": "Missing",
        "Phone number": "Missing",
        "Email": "Missing"
    },
    {
        "Name": "Yang Wang",
        "Position": "Associate Professor, Information Sciences",
        "Research Interest": "Missing",
        "Phone number": "Missing",
        "Email": "Missing"
    },
    {
        "Name": "Yuxiong Wang",
        "Position": "Assistant Professor",
        "Research Interest": "Missing",
        "Phone number": "Missing",
        "Email": "Missing"
    },
    {
        "Name": "Tandy Warnow",
        "Position": "Founder Professor in Engineering",
        "Research Interest": "Missing",
        "Phone number": "Missing",
        "Email": "Missing"
    },
    {
        "Name": "Tiffani L. Williams",
        "Position": "Teaching Professor",
        "Research Interest": "Missing",
        "Phone number": "Missing",
        "Email": "Missing"
    },
    {
        "Name": "Marianne S. Winslett",
        "Position": "Professor Emerita",
        "Research Interest": "Missing",
        "Phone number": "Missing",
        "Email": "Missing"
    },
    {
        "Name": "Ouri Wolfson",
        "Position": "Professor, UIC Computer Science",
        "Research Interest": "Missing",
        "Phone number": "Missing",
        "Email": "Missing"
    },
    {
        "Name": "Martin D F Wong",
        "Position": "Professor, Electrical and Computer Engineering",
        "Research Interest": "Missing",
        "Phone number": "Missing",
        "Email": "Missing"
    },
    {
        "Name": "Michael Joseph Woodley",
        "Position": "Clinical Assistant Professor",
        "Research Interest": "Missing",
        "Phone number": "Missing",
        "Email": "Missing"
    },
    {
        "Name": "Abigail Wooldridge",
        "Position": "Assistant Professor, Industrial and Enterprise Systems Engineering",
        "Research Interest": "Missing",
        "Phone number": "Missing",
        "Email": "Missing"
    },
    {
        "Name": "Tao Xie",
        "Position": "Professor and Willett Faculty Scholar",
        "Research Interest": "Missing",
        "Phone number": "Missing",
        "Email": "Missing"
    },
    {
        "Name": "Tianyin Xu",
        "Position": "Assistant Professor",
        "Research Interest": "Missing",
        "Phone number": "Missing",
        "Email": "Missing"
    },
    {
        "Name": "ChengXiang Zhai",
        "Position": "Donald Biggar Willett Professor in Engineering",
        "Research Interest": "Missing",
        "Phone number": "Missing",
        "Email": "Missing"
    },
    {
        "Name": "Lingming Zhang",
        "Position": "Assistant Professor",
        "Research Interest": "Missing",
        "Phone number": "Missing",
        "Email": "Missing"
    },
    {
        "Name": "Yuan Zhou",
        "Position": "Assistant Professor, Industrial and Enterprise Systems Engineering",
        "Research Interest": "Missing",
        "Phone number": "Missing",
        "Email": "Missing"
    },
    {
        "Name": "Craig Zilles",
        "Position": "Associate Professor and Education Innovation Fellow",
        "Research Interest": "Missing",
        "Phone number": "Missing",
        "Email": "Missing"
    }
]