[
    {
        "Position": "Part-Time Lecturer of Computer Science",
        "Research Interest": "Missing",
        "Name": "Jeremy Abramson",
        "Email": "abramson@isi.edu"
    },
    {
        "Position": "Professor of Computer Science Practice",
        "Research Interest": "Missing",
        "Name": "Victor Adamchik",
        "Email": "adamchik@usc.edu"
    },
    {
        "Position": "Part-Time Lecturer of Computer Science",
        "Research Interest": "Missing",
        "Name": "Adelanya Adesanya",
        "Email": "aadesany@usc.edu"
    },
    {
        "Position": "Distinguished Professor of Computer Science and Henry Salvatori Chair in Computer Science",
        "Research Interest": "Missing",
        "Name": "Leonard M Adleman",
        "Email": "adleman@pollux.usc.edu"
    },
    {
        "Position": "Research Associate Professor of Computer Science",
        "Research Interest": "Missing",
        "Name": "Jose-LuisAmbite",
        "Email": "ambite@isi.edu"
    },
    {
        "Position": "Professor of Electrical and Computer Engineering and Computer Science",
        "Research Interest": "Missing",
        "Name": "Murali Annavaram",
        "Email": "annavara@usc.edu"
    },
    {
        "Position": "University Professor Emeritus and Professor Emeritus of Computer Science, Biomedical Engineering, Biological Sciences, and Psychology",
        "Research Interest": "Missing",
        "Name": "Michael A. Arbib",
        "Email": "arbib@pollux.usc.edu"
    },
    {
        "Position": "Part-Time Lecturer of Computer Science",
        "Research Interest": "Missing",
        "Name": "Ron Artstein",
        "Email": "artstein@ict.usc.edu"
    },
    {
        "Position": "Andrew and Erna Viterbi Early Career Chair and Associate Professor of Computer Science",
        "Research Interest": "Missing",
        "Name": "Nora Ayanian",
        "Email": "ayanian@usc.edu"
    },
    {
        "Position": "Andrew and Erna Viterbi Early Career Chair and Associate Professor of Computer Science",
        "Research Interest": "Missing",
        "Name": "Jernej Barbic",
        "Email": "jnb@usc.edu"
    },
    {
        "Position": "Senior Lecturer of Computer Science",
        "Research Interest": "Missing",
        "Name": "Sandra Batista",
        "Email": "sbatista@usc.edu"
    },
    {
        "Position": "Professor Emeritus of Computer Science, Electrical Engineering and Biomedical Engineering",
        "Research Interest": "Missing",
        "Name": "George Bekey",
        "Email": "gbekey@calpoly.edu"
    },
    {
        "Position": "Professor of Psychology and Computer Science",
        "Research Interest": "Missing",
        "Name": "Irving Biederman",
        "Email": "bieder@usc.edu"
    },
    {
        "Position": "Distinguished Professor of Computer Science, Astronautical Engineering, and Industrial and Systems Engineering and TRW Professor in Software Engineering",
        "Research Interest": "Missing",
        "Name": "Barry William Boehm",
        "Email": "boehm@usc.edu"
    },
    {
        "Position": "Senior Lecturer of Computer Science",
        "Research Interest": "Missing",
        "Name": "Claire Bono",
        "Email": "bono@pollux.usc.edu"
    },
    {
        "Position": "Professor of Electrical and Computer Engineering and Computer Science",
        "Research Interest": "Missing",
        "Name": "Todd Andrew Brun",
        "Email": "tbrun@usc.edu"
    },
    {
        "Position": "Senior Lecturer of Computer Science",
        "Research Interest": "Missing",
        "Name": "Bill Cheng",
        "Email": "bill.cheng@usc.edu"
    },
    {
        "Position": "Part-Time Lecturer of Computer Science",
        "Research Interest": "Missing",
        "Name": "Selina Chu",
        "Email": "selinach@usc.edu"
    },
    {
        "Position": "Adjunct Research Assistant Professor of Computer Science",
        "Research Interest": "Missing",
        "Name": "Bradford Clark",
        "Email": "clarkbk@usc.edu"
    },
    {
        "Position": "Part-Time Lecturer of Computer Science",
        "Research Interest": "Missing",
        "Name": "St. John Colon",
        "Email": "scolon@usc.edu"
    },
    {
        "Position": "Senior Lecturer of Computer Science",
        "Research Interest": "Missing",
        "Name": "Aaron Daniel Cote",
        "Email": "aaroncot@usc.edu"
    },
    {
        "Position": "WiSE Gabilan Assistant Professor and Assistant Professor of Computer Science and Aerospace and Mechanical Engineering",
        "Research Interest": "Missing",
        "Name": "Heather Culbertson",
        "Email": "hculbert@usc.edu"
    },
    {
        "Position": "Adjunct Research Professor of Computer Science",
        "Research Interest": "Missing",
        "Name": "Paul Debevec",
        "Email": "debevec@ict.usc.edu"
    },
    {
        "Position": "Research Professor of Computer Science and Principal Scientist at USC Information Sciences Institute",
        "Research Interest": "Missing",
        "Name": "Ewa Deelman",
        "Email": "deelman@isi.edu"
    },
    {
        "Position": "Assistant Professor of Computer Science",
        "Research Interest": "Missing",
        "Name": "Jyo Deshmukh",
        "Email": "jyotirmoy.deshmukh@usc.edu"
    },
    {
        "Position": "Adjunct Research Assistant Professor of Computer Science",
        "Research Interest": "Missing",
        "Name": "David DeVault",
        "Email": "devault@ict.usc.edu"
    },
    {
        "Position": "Associate Professor of Computer Science",
        "Research Interest": "Missing",
        "Name": "Bistra Dilkina",
        "Email": "dilkina@usc.edu"
    },
    {
        "Position": "Associate Professor of Computer Science",
        "Research Interest": "Missing",
        "Name": "Shaddin Dughmi",
        "Email": "shaddin@usc.edu"
    },
    {
        "Position": "Senior Lecturer of Computer Science",
        "Research Interest": "Missing",
        "Name": "Scott John Easley",
        "Email": "seasley@usc.edu"
    },
    {
        "Position": "Part-Time Lecturer of Computer Science",
        "Research Interest": "Missing",
        "Name": "Anna Farzindar",
        "Email": "farzinda@usc.edu"
    },
    {
        "Position": "Associate Professor of Communication and Computer Science",
        "Research Interest": "Missing",
        "Name": "Emilio Ferrara",
        "Email": "emiliofe@usc.edu"
    },
    {
        "Position": "Research Assistant Professor of Computer Science",
        "Research Interest": "Missing",
        "Name": "Rafael Ferreira da Silva",
        "Email": "rafsilva@isi.edu"
    },
    {
        "Position": "Research Associate Professor of Computer Science and Principal Scientist at USC Information Sciences Institute",
        "Research Interest": "Missing",
        "Name": "Aram Galstyan",
        "Email": "galstyan@isi.edu"
    },
    {
        "Position": "Part-Time Lecturer of Computer Science",
        "Research Interest": "Missing",
        "Name": "Daniel Garijo",
        "Email": "dgarijo@isi.edu"
    },
    {
        "Position": " Research Associate Professor of Computer Science",
        "Research Interest": "Missing",
        "Name": "Kallirroi Georgila",
        "Email": "kgeorgila@ict.usc.edu"
    },
    {
        "Position": "Associate Professor of Computer Science",
        "Research Interest": "Missing",
        "Name": "Shahram Ghandeharizadeh",
        "Email": "shahram@usc.edu"
    },
    {
        "Position": "Research Professor of Computer Science and Spatial Sciences and Principal Scientist at USC Information Sciences Institute",
        "Research Interest": "Missing",
        "Name": "Yolanda Gil",
        "Email": "gil@isi.edu"
    },
    {
        "Position": "Stephen and Etta Varra Professor and Professor of Computer Science and Electrical and Computer Engineering",
        "Research Interest": "Missing",
        "Name": "Leana Golubchik",
        "Email": "leana@usc.edu"
    },
    {
        "Position": "Senior Lecturer of Computer Science",
        "Research Interest": "Missing",
        "Name": "Andrew Goodney",
        "Email": "goodney@usc.edu"
    },
    {
        "Position": "Research Associate Professor of Computer Science",
        "Research Interest": "Missing",
        "Name": "Andrew Gordon",
        "Email": "gordon@ict.usc.edu"
    },
    {
        "Position": "Northrop Grumman Chair in Electrical and Computer Engineering and Professor of Computer Science and Electrical and Computer Engineering",
        "Research Interest": "Missing",
        "Name": "Ramesh Govindan",
        "Email": "ramesh@usc.edu"
    },
    {
        "Position": "Research Professor of Computer Science and Psychology",
        "Research Interest": "Missing",
        "Name": "Jonathan Gratch",
        "Email": "gratch@ict.usc.edu"
    },
    {
        "Position": "Smith International Professorship in Mechanical Engineering and Professor of Aerospace and Mechanical Engineering and Computer Science",
        "Research Interest": "Missing",
        "Name": "Satyandra K. Gupta",
        "Email": "guptask@usc.edu"
    },
    {
        "Position": "Associate Professor of Computer Science",
        "Research Interest": "Missing",
        "Name": "William Guillermo Halfond",
        "Email": "halfond@usc.edu"
    },
    {
        "Position": "Part Time Lecturer of Computer Science",
        "Research Interest": "Missing",
        "Name": "Parag Havaldar",
        "Email": "havaldar@usc.edu"
    },
    {
        "Position": "Research Professor of Computer Science and Principal Scientist at USC Information Sciences Institute",
        "Research Interest": "Missing",
        "Name": "John S. Heidemann",
        "Email": "johnh@isi.edu"
    },
    {
        "Position": "Research Professor of Computer Science",
        "Research Interest": "Missing",
        "Name": "Randall Hill",
        "Email": "hill@ict.usc.edu"
    },
    {
        "Position": "Research Professor Emeritus of Computer Science",
        "Research Interest": "Missing",
        "Name": "Jerry Robert Hobbs",
        "Email": "hobbs@isi.edu"
    },
    {
        "Position": "Professor of Computer Science and Electrical and Computer Engineering",
        "Research Interest": "Missing",
        "Name": "Ellis Horowitz",
        "Email": "horowitz@usc.edu"
    },
    {
        "Position": "Professor of Computer Science",
        "Research Interest": "Missing",
        "Name": "Ming-Deh A. Huang",
        "Email": "huang@pollux.usc.edu"
    },
    {
        "Position": "Part-Time Lecturer of Computer Science",
        "Research Interest": "Missing",
        "Name": "Filip Ilievski",
        "Email": "ilievski@usc.edu"
    },
    {
        "Position": "Professor of Computer Science and Psychology",
        "Research Interest": "Missing",
        "Name": "Laurent Itti",
        "Email": "itti@pollux.usc.edu"
    },
    {
        "Position": "Kenneth C. Dahlberg Early Career Chair and Associate Professor of Electrical and Computer Engineering, Computer Science, and Industrial and Systems Engineering",
        "Research Interest": "Missing",
        "Name": "Rahul Jain",
        "Email": "rahul.jain@usc.edu"
    },
    {
        "Position": "Assistant Professor of Data Sciences and Operations and Computer Science",
        "Research Interest": "Missing",
        "Name": "Adel Javanmard",
        "Email": "ajavanma@usc.edu"
    },
    {
        "Position": "Assistant Professor of Computer Science (Starting Fall 2021)",
        "Research Interest": "Missing",
        "Name": "Robin Jia",
        "Email": "robinjia@usc.edu"
    },
    {
        "Position": "Professor of Physics and Astronomy, Computer Science, Chemical Engineering and Materials Science, and Biomedical Engineering",
        "Research Interest": "Missing",
        "Name": "Rajiv Kalia",
        "Email": "rkalia@usc.edu"
    },
    {
        "Position": "Professor of Computer Science",
        "Research Interest": "Missing",
        "Name": "David Kempe",
        "Email": "David.M.Kempe@gmail.com"
    },
    {
        "Position": "Dean's Professor of Industrial and Systems Engineering and Professor of Industrial and Systems Engineering, Computer Science, Preventive Medicine, and Biomedical Sciences",
        "Research Interest": "Missing",
        "Name": "Carl F Kesselman",
        "Email": "carl@isi.edu"
    },
    {
        "Position": "Part-Time Lecturer of Computer Science",
        "Research Interest": "Missing",
        "Name": "Deborah Khider",
        "Email": "khider@usc.edu"
    },
    {
        "Position": "Part-Time Lecturer of Computer Science",
        "Research Interest": "Missing",
        "Name": "Seon Kim",
        "Email": "seonkim@usc.edu"
    },
    {
        "Position": "Part-Time Lecturer of Computer Science",
        "Research Interest": "Missing",
        "Name": "Andres Abeliuk Kimelman",
        "Email": "abeliuk@usc.edu"
    },
    {
        "Position": "Research Professor of Computer Science and Spatial Sciences",
        "Research Interest": "Missing",
        "Name": "Craig A. Knoblock",
        "Email": "knoblock@isi.edu"
    },
    {
        "Position": "Professor of Computer Science",
        "Research Interest": "Missing",
        "Name": "Sven Koenig",
        "Email": "skoenig@usc.edu"
    },
    {
        "Position": "Part-Time Lecturer of Computer Science",
        "Research Interest": "Missing",
        "Name": "Supannika Koolmanojwong",
        "Email": "koolmano@usc.edu"
    },
    {
        "Position": "Assistant Professor of Computer Science",
        "Research Interest": "Missing",
        "Name": "Aleksandra Korolova",
        "Email": "korolova@usc.edu"
    },
    {
        "Position": "Part-Time Lecturer of Computer Science",
        "Research Interest": "Missing",
        "Name": "Artjoms Kovalovs",
        "Email": "artem.kovalovs@gmail.com"
    },
    {
        "Position": "Ming Hsieh Faculty Fellow in Electrical and Computer Engineering-Systems and Professor of Electrical and Computer Engineering and Computer Science",
        "Research Interest": "Missing",
        "Name": "Bhaskar Krishnamachari",
        "Email": "bkrishna@usc.edu"
    },
    {
        "Position": "Distinguished Professor of Electrical and Computer Engineering and Computer Science",
        "Research Interest": "Missing",
        "Name": "C.-C. Jay Kuo",
        "Email": "cckuo@sipi.usc.edu"
    },
    {
        "Position": "Research Professor of Computer Science and Principal Scientist at USC Information Sciences Institute",
        "Research Interest": "Missing",
        "Name": "Kristina Lerman",
        "Email": "lerman@isi.edu"
    },
    {
        "Position": "Part-Time Lecturer of Computer Science",
        "Research Interest": "Missing",
        "Name": "Jaime Levy",
        "Email": "jaimelev@usc.edu"
    },
    {
        "Position": "Assistant Professor of Computer Science",
        "Research Interest": "Missing",
        "Name": "Joseph Lim",
        "Email": "limjj@usc.edu"
    },
    {
        "Position": "Philip and Cayley MacDonald Endowed Early Career Chair and Associate Professor of Computer Science, Electrical and Computer Engineering, and Biomedical Sciences",
        "Research Interest": "Missing",
        "Name": "Yan Liu",
        "Email": "liu32@usc.edu"
    },
    {
        "Position": "David Packard Chair in Manufacturing and Professor of Industrial and Systems Engineering, Aerospace and Mechanical Engineering, and Computer Science",
        "Research Interest": "Missing",
        "Name": "Stephen Chih-Yang Lu",
        "Email": "sclu@usc.edu"
    },
    {
        "Position": "Research Assistant Professor of Computer Science, Civil and Environmental Engineering, and Psychology",
        "Research Interest": "Missing",
        "Name": "Gale Lucas",
        "Email": "lucas@ict.usc.edu"
    },
    {
        "Position": "Research Associate Professor of Computer Science",
        "Research Interest": "Missing",
        "Name": "Bob Lucas",
        "Email": "rflucas@isi.edu"
    },
    {
        "Position": "Assistant Professor of Computer Science",
        "Research Interest": "Missing",
        "Name": "Haipeng Luo",
        "Email": "haipengl@usc.edu"
    },
    {
        "Position": "Part-Time Lecturer of Computer Science",
        "Research Interest": "Missing",
        "Name": "Vangelis Lympouridis",
        "Email": "vangelis@enosisvr.com"
    },
    {
        "Position": "Research Assistant Professor of Computer Science",
        "Research Interest": "Missing",
        "Name": "Iacopo Masi",
        "Email": "iacopo@isi.edu"
    },
    {
        "Position": "Chan Soon-Shiong Chair and Distinguished Professor of Computer Science, Neuroscience, and Pediatrics",
        "Research Interest": "Missing",
        "Name": "Maja Mataric",
        "Email": "mataric@usc.edu"
    },
    {
        "Position": "Adjunct Research Associate Professor of Computer Science",
        "Research Interest": "Missing",
        "Name": "Christian Mattmann",
        "Email": "mattmann@usc.edu"
    },
    {
        "Position": "Research Assistant Professor of Computer Science",
        "Research Interest": "Missing",
        "Name": "Jon May",
        "Email": "jonmay@isi.edu"
    },
    {
        "Position": "Professor Emeritus of Computer Science",
        "Research Interest": "Missing",
        "Name": "Gerard Guy Medioni",
        "Email": "medioni@usc.edu"
    },
    {
        "Position": "Professor of Computer Science",
        "Research Interest": "Missing",
        "Name": "Nenad Medvidovic",
        "Email": "neno@usc.edu"
    },
    {
        "Position": "Professor of Computer Science and Information Technology Practice",
        "Research Interest": "Missing",
        "Name": "Jeffrey Miller",
        "Email": "jeffrey.miller@usc.edu"
    },
    {
        "Position": "Research Associate Professor of Computer Science",
        "Research Interest": "Missing",
        "Name": "Jelena Mirkovic",
        "Email": "mirkovic@isi.edu"
    },
    {
        "Position": "Gordon S. Marshall Chair in Engineering and Professor of Electrical and Computer Engineering and Computer Science",
        "Research Interest": "Missing",
        "Name": "Urbashi Mitra",
        "Email": "ubli@usc.edu"
    },
    {
        "Position": "Part-Time Lecturer of Computer Science",
        "Research Interest": "Missing",
        "Name": "David Morgan",
        "Email": "davidmor@usc.edu"
    },
    {
        "Position": "Research Assistant Professor of Computer Science",
        "Research Interest": "Missing",
        "Name": "Fred Morstatter",
        "Email": "morstatt@usc.edu"
    },
    {
        "Position": "Part-Time Lecturer of Computer Science",
        "Research Interest": "Missing",
        "Name": "Ion Muslea",
        "Email": "muslea@usc.edu"
    },
    {
        "Position": "Professor of Computer Science, Physics and Astronomy, and Biological Sciences",
        "Research Interest": "Missing",
        "Name": "Aiichiro Nakano",
        "Email": "anakano@usc.edu"
    },
    {
        "Position": "University Professor, Niki and Max Nikias Chair in Engineering and Professor of Electrical and Computer Engineering, Computer Science, Linguistics, Psychology, Pediatrics, and Otolaryngology",
        "Research Interest": "Missing",
        "Name": "Shri Narayanan",
        "Email": "shri@sipi.usc.edu"
    },
    {
        "Position": "Research Professor of Computer Science with Distinction",
        "Research Interest": "Missing",
        "Name": "Premkumar Natarajan",
        "Email": "pnataraj@isi.edu"
    },
    {
        "Position": "Assistant Professor of Computer Science",
        "Research Interest": "Missing",
        "Name": "Muhammad Naveed",
        "Email": "mnaveed@usc.edu"
    },
    {
        "Position": "Associate Professor of Data Sciences and Operations and Computer Science",
        "Research Interest": "Missing",
        "Name": "Hamid Nazer-Zadeh",
        "Email": "nazerzad@marshall.usc.edu"
    },
    {
        "Position": "Associate Professor of Cinematic Arts and Computer Science",
        "Research Interest": "Missing",
        "Name": "Andy Nealen",
        "Email": "nealen@usc.edu"
    },
    {
        "Position": "Associate Professor of Computer Science Practice",
        "Research Interest": "Missing",
        "Name": "Clifford Neuman",
        "Email": "bcn@isi.edu"
    },
    {
        "Position": "Professor of Computer Science and Electrical and Computer Engineering",
        "Research Interest": "Missing",
        "Name": "Ulrich Neumann",
        "Email": "uneumann@pollux.usc.edu"
    },
    {
        "Position": "Fletcher Jones Professor in Computer Science and Professor of Computer Science and Electrical and Computer Engineering",
        "Research Interest": "Missing",
        "Name": "Ram Nevatia",
        "Email": "nevatia@usc.edu"
    },
    {
        "Position": "Assistant Professor of Computer Science",
        "Research Interest": "Missing",
        "Name": "Stefanos Nikolaidis",
        "Email": "nikolaid@usc.edu"
    },
    {
        "Position": "Part-Time Lecturer of Computer Science",
        "Research Interest": "Missing",
        "Name": "Luciano Nocera",
        "Email": "nocera@usc.edu"
    },
    {
        "Position": "Assistant Professor of Electrical and Computer Engineering and Computer Science",
        "Research Interest": "Missing",
        "Name": "Pierluigi Nuzzo",
        "Email": "nuzzo@usc.edu"
    },
    {
        "Position": "Part-Time Lecturer of Computer Science",
        "Research Interest": "Missing",
        "Name": "Marco Paolieri",
        "Email": "paolieri@usc.edu"
    },
    {
        "Position": "Adjunct Assistant Professor of Computer Science Practice",
        "Research Interest": "Missing",
        "Name": "Marco Papa",
        "Email": "papa@usc.edu"
    },
    {
        "Position": "Adjunct Research Assistant Professor of Computer Science",
        "Research Interest": "Missing",
        "Name": "Nanyun Peng",
        "Email": "nanyunpe@usc.edu"
    },
    {
        "Position": "Part-Time Lecturer of Computer Science",
        "Research Interest": "Missing",
        "Name": "Kim Yongmi Peters",
        "Email": "kypeters@usc.edu"
    },
    {
        "Position": "Charles Lee Powell Chair in Electrical and Computer Engineering and Professor of Electrical and Computer Engineering and Computer Science",
        "Research Interest": "Missing",
        "Name": "Viktor K Prasanna",
        "Email": "prasanna@usc.edu"
    },
    {
        "Position": "Professor of Electrical and Computer Engineering and Computer Science",
        "Research Interest": "Missing",
        "Name": "Konstantinos Psounis",
        "Email": "kpsounis@usc.edu"
    },
    {
        "Position": "Research Assistant Professor of Computer Science",
        "Research Interest": "Missing",
        "Name": "Jay Pujara",
        "Email": "jpujara@usc.edu"
    },
    {
        "Position": "Research Assistant Professor of Computer Science",
        "Research Interest": "Missing",
        "Name": "David Pynadath",
        "Email": "pynadath@usc.edu"
    },
    {
        "Position": "Assistant Professor of Electrical and Computer Engineering and Computer Science",
        "Research Interest": "Missing",
        "Name": "Xuehai Qian",
        "Email": "xuehai.qian@usc.edu"
    },
    {
        "Position": "Associate Professor of Computer Science Practice",
        "Research Interest": "Missing",
        "Name": "Saty Raghavachary",
        "Email": "saty@usc.edu"
    },
    {
        "Position": "Assistant Professor of Computer Science and Electrical and Computer Engineering",
        "Research Interest": "Missing",
        "Name": "Barath Raghavan",
        "Email": "barathra@usc.edu"
    },
    {
        "Position": "Professor of Electrical and Computer Engineering and Computer Science",
        "Research Interest": "Missing",
        "Name": "C S Raghavendra",
        "Email": "raghu@usc.edu"
    },
    {
        "Position": "Assistant Professor of Computer Science",
        "Research Interest": "Missing",
        "Name": "Mukund Raghothaman",
        "Email": "raghotha@usc.edu"
    },
    {
        "Position": "Lecturer of Computer Science",
        "Research Interest": "Missing",
        "Name": "Mohammad Reza Rajati",
        "Email": "rajati@usc.edu"
    },
    {
        "Position": "Research Assistant Professor of Computer Science",
        "Research Interest": "Missing",
        "Name": "Srivatsan Ravi",
        "Email": "srivatsr@usc.edu"
    },
    {
        "Position": "Assistant Professor Industrial and Systems Engineering, Computer Science, and Electrical and Computer Engineering",
        "Research Interest": "Missing",
        "Name": "Meisam Razaviyayn",
        "Email": "razaviya@usc.edu"
    },
    {
        "Position": "Professor of Electrical and Computer Engineering and Computer Science Practice",
        "Research Interest": "Missing",
        "Name": "Mark William Redekopp",
        "Email": "redekopp@usc.edu"
    },
    {
        "Position": "Associate Professor of Electrical and Computer Engineering and Computer Science",
        "Research Interest": "Missing",
        "Name": "Benjamin W. Reichardt",
        "Email": "ben.reichardt@gmail.com"
    },
    {
        "Position": "Assistant Professor of Computer Science",
        "Research Interest": "Missing",
        "Name": "Sean (Xiang) Ren",
        "Email": "xiangren@usc.edu"
    },
    {
        "Position": "Gordon Marshall Professor Emeritus of Computer Science, Electrical and Computer Engineering, and Civil and Environmental Engineering",
        "Research Interest": "Missing",
        "Name": "Aristides A.G. Requicha",
        "Email": "requicha@usc.edu"
    },
    {
        "Position": "Professor of Biological Sciences, Chemistry, Physics and Astronomy, and Computer Science",
        "Research Interest": "Missing",
        "Name": "Remo Rohs",
        "Email": "rohs@usc.edu"
    },
    {
        "Position": "Professor of Computer Science",
        "Research Interest": "Missing",
        "Name": "Paul S. Rosenbloom",
        "Email": "rosenbloom@usc.edu"
    },
    {
        "Position": "Part-Time Lecturer of Computer Science",
        "Research Interest": "Missing",
        "Name": "Mohammad Rostami",
        "Email": "rostamim@usc.edu"
    },
    {
        "Position": "Senior Lecturer of Computer Science",
        "Research Interest": "Missing",
        "Name": "Tatyana Ryutov",
        "Email": "tryutov@gmail.com"
    },
    {
        "Position": "Associate Professor of Biokinesiology and Physical Therapy, Computer Science, and Biomedical Engineering ",
        "Research Interest": "Missing",
        "Name": "Nicolas Schweighofer",
        "Email": "schweigh@usc.edu"
    },
    {
        "Position": "Zohrab A. Kaprielian Fellow in Engineering and Professor of Computer Science, Biomedical Engineering, and Biological Sciences",
        "Research Interest": "Missing",
        "Name": "Fei Sha",
        "Email": "feisha@usc.edu"
    },
    {
        "Position": "Helen N. and Emmett H. Jones Professorship in Engineering and Professor of Computer Science, Electrical and Computer Engineering, and Spatial Sciences",
        "Research Interest": "Missing",
        "Name": "Cyrus Shahabi",
        "Email": "shahabi@usc.edu"
    },
    {
        "Position": "Senior Lecturer of Computer Science",
        "Research Interest": "Missing",
        "Name": "Shahriar Shamsian",
        "Email": "sshamsia@usc.edu"
    },
    {
        "Position": "Assistant Professor of Computer Science (starting Fall 2021)",
        "Research Interest": "Missing",
        "Name": "Vatsal Sharan",
        "Email": "vsharan@usc.edu"
    },
    {
        "Position": "Associate Professor of Computer Science Practice",
        "Research Interest": "Missing",
        "Name": "Wei-Min Shen",
        "Email": "shen@isi.edu"
    },
    {
        "Position": "Research Assistant Professor of Computer Science",
        "Research Interest": "Missing",
        "Name": "Mohammad Soleymani",
        "Email": "msoleyma@usc.edu"
    },
    {
        "Position": "Andrew and Erna Viterbi Early Career Chair and Assistant Professor of Electrical and Computer Engineering and Computer Science",
        "Research Interest": "Missing",
        "Name": "Mahdi Soltanolkotabi",
        "Email": "soltanol@usc.edu"
    },
    {
        "Position": "Fletcher Jones Foundation Endowed Chair in Computer Science and Professor of Computer Science and Electrical and Computer Engineering",
        "Research Interest": "Missing",
        "Name": "Gaurav Suhas Sukhatme",
        "Email": "gaurav@usc.edu"
    },
    {
        "Position": "Assistant Professor of Data Sciences and Operations and Computer Science",
        "Research Interest": "Missing",
        "Name": "Tianshu Sun",
        "Email": "tianshus@usc.edu"
    },
    {
        "Position": "Research Professor of Computer Science",
        "Research Interest": "Missing",
        "Name": "Bill Swartout",
        "Email": "swartout@ict.usc.edu"
    },
    {
        "Position": "Research Associate Professor of Computer Science and Principal Scientist at USC Information Sciences Institute",
        "Research Interest": "Missing",
        "Name": "Pedro Alejandro Szekely",
        "Email": "pszekely@isi.edu"
    },
    {
        "Position": "University Professor, Seeley G. Mudd Professor of Engineering, and Professor of Computer Science and Mathematics",
        "Research Interest": "Missing",
        "Name": "Shanghua Teng",
        "Email": "shanghua@usc.edu"
    },
    {
        "Position": "Research Assistant Professor of Computer Science and Industrial and Systems Engineering",
        "Research Interest": "Missing",
        "Name": "Satish Kumar Thittamaranahalli",
        "Email": "thittama@usc.edu"
    },
    {
        "Position": "Assistant Professor of Computer Science (starting Fall 2021)",
        "Research Interest": "Missing",
        "Name": "Jesse Thomason",
        "Email": "jessetho@usc.edu"
    },
    {
        "Position": "Research Professor of Computer Science",
        "Research Interest": "Missing",
        "Name": "David Traum",
        "Email": "traum@ict.usc.edu"
    },
    {
        "Position": "Professor of Biomedical Engineering, Aerospace and Mechanical Engineering, Electrical and Computer Engineering, Computer Science, and Biokinesiology and Physical Therapy",
        "Research Interest": "Missing",
        "Name": "Francisco Valero-Cuevas",
        "Email": "valero@usc.edu"
    },
    {
        "Position": "Dean's Professor in Chemical Engineering and Materials Science, Biomedical Engineering, Computer Science, and Physics and Astronomy",
        "Research Interest": "Missing",
        "Name": "Priya Darshan Vashishta",
        "Email": "priyav@usc.edu"
    },
    {
        "Position": "Part-Time Lecturer of Computer Science",
        "Research Interest": "Missing",
        "Name": "Harshvardhan Vathsangam",
        "Email": "vathsang@usc.edu"
    },
    {
        "Position": "Assistant Professor of Industrial and Systems Engineering and Computer Science",
        "Research Interest": "Missing",
        "Name": "Phebe Vayanos",
        "Email": "phebe.vayanos@usc.edu"
    },
    {
        "Position": "Research Associate Professor of Computer Science",
        "Research Interest": "Missing",
        "Name": "Gregory L. Ver Steeg",
        "Email": "gregv@isi.edu"
    },
    {
        "Position": "Associate Professor of Computer Science",
        "Research Interest": "Missing",
        "Name": "Chao Wang",
        "Email": "wang626@usc.edu"
    },
    {
        "Position": "Research Assistant Professor of Computer Science",
        "Research Interest": "Missing",
        "Name": "Ning Wang",
        "Email": "nwang@ict.usc.edu"
    },
    {
        "Position": "University Professor Emeritus of Biological Sciences, Computer Science, and Mathematics ",
        "Research Interest": "Missing",
        "Name": "Michael S. Waterman",
        "Email": "msw@usc.edu"
    },
    {
        "Position": "Research Professor of Cinematic Arts and Computer Science",
        "Research Interest": "Missing",
        "Name": "Richard Weinberg",
        "Email": "weinberg@usc.edu"
    },
    {
        "Position": "Professor of Sociology, Computer Science, and Civil and Environmental Engineering",
        "Research Interest": "Missing",
        "Name": "John P. Wilson",
        "Email": "jpwilson@usc.edu"
    },
    {
        "Position": "Associate Professor of Computer Science Practice",
        "Research Interest": "Missing",
        "Name": "Wensheng Wu",
        "Email": "wenshenw@usc.edu"
    },
    {
        "Position": "Assistant Professor of Computer Science",
        "Research Interest": "Missing",
        "Name": "Jiapeng Zhang",
        "Email": "jiapengz@usc.edu"
    },
    {
        "Position": "Professor of Computer Science Practice",
        "Research Interest": "Missing",
        "Name": "Michael Zyda",
        "Email": "zyda@usc.edu"
    }
]