[
    {
        "Position": " Professor ",
        "Research Interest": "Missing",
        "Name": "Yali Amit",
        "Email": "Missing"
    },
    {
        "Position": " Bruce V. and Diana M. Rauner Distinguished Service Professor,",
        "Research Interest": "Missing",
        "Name": "L\\xc3\\xa1szl\\xc3\\xb3 Babai",
        "Email": "Missing"
    },
    {
        "Position": "Missing",
        "Research Interest": "Missing",
        "Name": "Andrew Binkowski",
        "Email": "Missing"
    },
    {
        "Position": "Missing",
        "Research Interest": "Missing",
        "Name": "Timothy Black",
        "Email": "Missing"
    },
    {
        "Position": "Missing",
        "Research Interest": "Missing",
        "Name": "Gerry Brady",
        "Email": "Missing"
    },
    {
        "Position": " Associate Professor",
        "Research Interest": "Missing",
        "Name": "David Cash",
        "Email": "Missing"
    },
    {
        "Position": " Assistant Professor ",
        "Research Interest": "Missing",
        "Name": "Raul Castro Fernandez",
        "Email": "Missing"
    },
    {
        "Position": "Missing",
        "Research Interest": "Missing",
        "Name": "Kyle Chard",
        "Email": "Missing"
    },
    {
        "Position": " Associate Clinical Professor",
        "Research Interest": "Missing",
        "Name": "Amitabh Chaudhary",
        "Email": "Missing"
    },
    {
        "Position": " Assistant Professor ",
        "Research Interest": "Missing",
        "Name": "Yuxin Chen",
        "Email": "Missing"
    },
    {
        "Position": " Assistant Professor ",
        "Research Interest": "Missing",
        "Name": "Marshini Chetty",
        "Email": "Missing"
    },
    {
        "Position": " William Eckhardt Distinguished Service Professor",
        "Research Interest": "Missing",
        "Name": "Andrew A. Chien",
        "Email": "Missing"
    },
    {
        "Position": " Seymour Goodman Professor",
        "Research Interest": "Missing",
        "Name": "Frederic Chong",
        "Email": "Missing"
    },
    {
        "Position": " Assistant Professor",
        "Research Interest": "Missing",
        "Name": "Ravi Chugh",
        "Email": "Missing"
    },
    {
        "Position": " Full Professor",
        "Research Interest": "Missing",
        "Name": "Julia Chuzhoy",
        "Email": "Missing"
    },
    {
        "Position": " Assistant Clinical Professor",
        "Research Interest": "Missing",
        "Name": "William Conner",
        "Email": "Missing"
    },
    {
        "Position": " Assistant Professor ",
        "Research Interest": "Missing",
        "Name": "Andrew Drucker",
        "Email": "Missing"
    },
    {
        "Position": "Missing",
        "Research Interest": "Missing",
        "Name": "Todd Dupont",
        "Email": "Missing"
    },
    {
        "Position": " Assistant Professor ",
        "Research Interest": "Missing",
        "Name": "Aaron Elmore",
        "Email": "Missing"
    },
    {
        "Position": "Missing",
        "Research Interest": "Missing",
        "Name": "Nick Feamster",
        "Email": "Missing"
    },
    {
        "Position": " Assistant Professor ",
        "Research Interest": "Missing",
        "Name": "William Fefferman",
        "Email": "Missing"
    },
    {
        "Position": " Arthur Holly Compton Distinguished Service Professor",
        "Research Interest": "Missing",
        "Name": "Ian Foster",
        "Email": "Missing"
    },
    {
        "Position": " Associate Professor ",
        "Research Interest": "Missing",
        "Name": "Diana Franklin",
        "Email": "Missing"
    },
    {
        "Position": "Missing",
        "Research Interest": "Missing",
        "Name": "Michael Franklin",
        "Email": "Missing"
    },
    {
        "Position": " Associate Member ",
        "Research Interest": "Missing",
        "Name": "Monisha Ghosh",
        "Email": "Missing"
    },
    {
        "Position": " Assistant Professor ",
        "Research Interest": "Missing",
        "Name": "Kevin Gimpel",
        "Email": "Missing"
    },
    {
        "Position": " Edward Carson Waller Distinguished Service Professor",
        "Research Interest": "Missing",
        "Name": "John Goldsmith",
        "Email": "Missing"
    },
    {
        "Position": "Missing",
        "Research Interest": "Missing",
        "Name": "Robert Grossman",
        "Email": "Missing"
    },
    {
        "Position": " Associate Professor",
        "Research Interest": "Missing",
        "Name": "Haryadi Gunawi",
        "Email": "Missing"
    },
    {
        "Position": " Associate Professor",
        "Research Interest": "Missing",
        "Name": "Henry Hoffmann",
        "Email": "Missing"
    },
    {
        "Position": " Assistant Professor",
        "Research Interest": "Missing",
        "Name": "Junchen Jiang",
        "Email": "Missing"
    },
    {
        "Position": " Assistant Professor ",
        "Research Interest": "Missing",
        "Name": "Eric Jonas",
        "Email": "Missing"
    },
    {
        "Position": " Associate Professor",
        "Research Interest": "Missing",
        "Name": "Gordon Kindlmann",
        "Email": "Missing"
    },
    {
        "Position": " Associate Professor",
        "Research Interest": "Missing",
        "Name": "Risi Kondor",
        "Email": "Missing"
    },
    {
        "Position": " Assistant Professor",
        "Research Interest": "Missing",
        "Name": "Sanjay Krishnan",
        "Email": "Missing"
    },
    {
        "Position": " George and Elizabeth Yovovich Professor ",
        "Research Interest": " Master, Physical Sciences Collegiate Division",
        "Name": "Stuart Kurtz",
        "Email": "Missing"
    },
    {
        "Position": " Assistant Professor",
        "Research Interest": "Missing",
        "Name": "Yanjing Li",
        "Email": "Missing"
    },
    {
        "Position": " Associate Professor",
        "Research Interest": "Missing",
        "Name": "Karen Livescu",
        "Email": "Missing"
    },
    {
        "Position": " Assistant Professor ",
        "Research Interest": "Missing",
        "Name": "Pedro Lopes",
        "Email": "Missing"
    },
    {
        "Position": " Professor",
        "Research Interest": "Missing",
        "Name": "Shan Lu",
        "Email": "Missing"
    },
    {
        "Position": " Professor Emeritus",
        "Research Interest": "Missing",
        "Name": "Dave MacQueen",
        "Email": "Missing"
    },
    {
        "Position": " Assistant Professor",
        "Research Interest": "Missing",
        "Name": "Michael Maire",
        "Email": "Missing"
    },
    {
        "Position": " Associate Professor",
        "Research Interest": "Missing",
        "Name": "Yury Makarychev",
        "Email": "Missing"
    },
    {
        "Position": " Professor ",
        "Research Interest": "Missing",
        "Name": "David McAllester",
        "Email": "Missing"
    },
    {
        "Position": " Professor",
        "Research Interest": "Missing",
        "Name": "Ketan Mulmuley",
        "Email": "Missing"
    },
    {
        "Position": "Missing",
        "Research Interest": "Missing",
        "Name": "Timothy Ng",
        "Email": "Missing"
    },
    {
        "Position": " Professor Emeritus",
        "Research Interest": "Missing",
        "Name": "Michael J. O\\'Donnell",
        "Email": "Missing"
    },
    {
        "Position": " Assistant Professor ",
        "Research Interest": "Missing",
        "Name": "Lorenzo Orecchia",
        "Email": "Missing"
    },
    {
        "Position": " Assistant Professor ",
        "Research Interest": "Missing",
        "Name": "Aaron Potechin",
        "Email": "Missing"
    },
    {
        "Position": "Missing",
        "Research Interest": "Missing",
        "Name": "Robert Rand (effective July 1)",
        "Email": "Missing"
    },
    {
        "Position": " Andrew MacLeish Distinguished Service Professor",
        "Research Interest": "Missing",
        "Name": "Alexander A. Razborov",
        "Email": "Missing"
    },
    {
        "Position": " Professor",
        "Research Interest": "Missing",
        "Name": "John H. Reppy",
        "Email": "Missing"
    },
    {
        "Position": " Associate Professor",
        "Research Interest": "Missing",
        "Name": "Anne Rogers",
        "Email": "Missing"
    },
    {
        "Position": " Associate Director MPCS ",
        "Research Interest": "Missing",
        "Name": "Lamont Kenneth Samuels",
        "Email": "Missing"
    },
    {
        "Position": " Louis Block Professor Emeritus,",
        "Research Interest": "Missing",
        "Name": "L. Ridgway Scott",
        "Email": "Missing"
    },
    {
        "Position": " Assistant Professor ",
        "Research Interest": "Missing",
        "Name": "Sarah Sebo ",
        "Email": "Missing"
    },
    {
        "Position": " Associate Professor",
        "Research Interest": "Missing",
        "Name": "Gregory Shakhnarovich",
        "Email": "Missing"
    },
    {
        "Position": " Senior Lecturer",
        "Research Interest": "Missing",
        "Name": "Adam Shaw",
        "Email": "Missing"
    },
    {
        "Position": " Professor",
        "Research Interest": "Missing",
        "Name": "Janos Simon",
        "Email": "Missing"
    },
    {
        "Position": "Missing",
        "Research Interest": "Missing",
        "Name": "Robert Soare",
        "Email": "Missing"
    },
    {
        "Position": " Senior Lecturer",
        "Research Interest": "Director ",
        "Name": "Borja Sotomayor",
        "Email": "Missing"
    },
    {
        "Position": " Professor",
        "Research Interest": "Missing",
        "Name": "Nathan Srebro",
        "Email": "Missing"
    },
    {
        "Position": " Professor,",
        "Research Interest": " Associate Laboratory Director, Computing, Environment and Life Sciences, Argonne",
        "Name": "Rick Stevens",
        "Email": "Missing"
    },
    {
        "Position": " Assistant Professor, Director of Graduate Studies",
        "Research Interest": "Missing",
        "Name": "Madhur Tulsiani",
        "Email": "Missing"
    },
    {
        "Position": " Neubauer Family Assistant Professor",
        "Research Interest": "Missing",
        "Name": "Blase Ur",
        "Email": "Missing"
    },
    {
        "Position": "Missing",
        "Research Interest": "Missing",
        "Name": "Matthew Wachs",
        "Email": "Missing"
    },
    {
        "Position": " Assistant Professor",
        "Research Interest": "Missing",
        "Name": "Matthew Walter",
        "Email": "Missing"
    },
    {
        "Position": " Professor",
        "Research Interest": "Missing",
        "Name": "Rebecca Willett",
        "Email": "Missing"
    },
    {
        "Position": "Missing",
        "Research Interest": "Missing",
        "Name": "Ben Y. Zhao",
        "Email": "Missing"
    },
    {
        "Position": "Missing",
        "Research Interest": "Missing",
        "Name": "Heather Zheng",
        "Email": "Missing"
    }
]