[
    {
        "Position": "Associate Professor",
        "Research Interest": "Missing",
        "Name": "Lisa Anthony, Ph.D.",
        "Phone number": "352-505-1589",
        "Email": "lanthony@cise.ufl.edu"
    },
    {
        "Position": "Associate Professor",
        "Research Interest": "Missing",
        "Name": "Arunava Banerjee, Ph.D.",
        "Phone number": "352-294-6641",
        "Email": "arunava@cise.ufl.edu"
    },
    {
        "Position": "Assistant Professor",
        "Research Interest": "Missing",
        "Name": "Vincent Bindschaedler, Ph.D.",
        "Phone number": "Assistant Professor",
        "Email": "vbindschadler@ufl.edu"
    },
    {
        "Position": "Assistant Engineer (Lecturer)",
        "Research Interest": "Missing",
        "Name": "Jeremiah J. Blanchard, M.S.",
        "Phone number": "Assistant Engineer (Lecturer)",
        "Email": "jblanch@cise.ufl.edu"
    },
    {
        "Position": "Associate Professor",
        "Research Interest": "Missing",
        "Name": "Christina Boucher, Ph.D.",
        "Phone number": "970-541-4682",
        "Email": "christinaboucher@ufl&#8230;"
    },
    {
        "Position": "Associate Professor",
        "Research Interest": "Missing",
        "Name": "Kristy Elizabeth Boyer, Ph.D.",
        "Phone number": "Associate Professor",
        "Email": "keboyer@ufl.edu"
    },
    {
        "Position": "Associate Professor",
        "Research Interest": "Missing",
        "Name": "Kevin R. B. Butler, Ph.D.",
        "Phone number": "352-294-2090",
        "Email": "butler@ufl.edu"
    },
    {
        "Position": "Professor",
        "Research Interest": "Missing",
        "Name": "Shigang Chen, Ph.D.",
        "Phone number": "352-214 9215",
        "Email": "sgchen@cise.ufl.edu"
    },
    {
        "Position": "Assistant Professor",
        "Research Interest": "Missing",
        "Name": "Sharon Lynn Chu, Ph.D.",
        "Phone number": "Assistant Professor",
        "Email": "slchu@ufl.edu"
    },
    {
        "Position": "Lecturer",
        "Research Interest": "Missing",
        "Name": "Peter J. Dobbins, Ph.D.",
        "Phone number": "Lecturer",
        "Email": "pjd@cise.ufl.edu"
    },
    {
        "Position": "Associate Professor",
        "Research Interest": "Missing",
        "Name": "Alin Dobra, Ph.D.",
        "Phone number": "352-392-9684",
        "Email": "adobra@cise.ufl.edu"
    },
    {
        "Position": "Associate Professor",
        "Research Interest": "Missing",
        "Name": "Alireza Entezari, Ph.D.",
        "Phone number": "352-505-1566",
        "Email": "entezari@cise.ufl.edu"
    },
    {
        "Position": "Assistant Professor",
        "Research Interest": "Missing",
        "Name": "James Fairbanks, Ph.D.",
        "Phone number": "Missing",
        "Email": "fairbanksj@ufl.edu"
    },
    {
        "Position": "Lecturer",
        "Research Interest": "Missing",
        "Name": "Joshua Fox",
        "Phone number": "Lecturer",
        "Email": "joshuafox@ufl.edu"
    },
    {
        "Position": "Professor",
        "Research Interest": "Missing",
        "Name": "Paul D. Gader, Ph.D.",
        "Phone number": "352-294-1629",
        "Email": "paul.gader@essie.ufl.edu"
    },
    {
        "Position": "Associate Professor",
        "Research Interest": "Missing",
        "Name": "Christina Gardner-McCune, Ph.D.",
        "Phone number": "352-505-1547",
        "Email": "gmccune@ufl.edu"
    },
    {
        "Position": "The Banks Family Preeminence Endowed Professor",
        "Research Interest": "Missing",
        "Name": "Juan E. Gilbert, Ph.D.",
        "Phone number": "352-392-1200",
        "Email": "juan@ufl.edu"
    },
    {
        "Position": "Assistant Professor",
        "Research Interest": "Missing",
        "Name": "Kiley Graim, Ph.D.",
        "Phone number": "Missing",
        "Email": "kgraim@ufl.edu"
    },
    {
        "Position": "Professor",
        "Research Interest": "Missing",
        "Name": "Abdelsalam (Sumi) Helal, Ph.D.",
        "Phone number": "352-214-0736",
        "Email": "helal@cise.ufl.edu"
    },
    {
        "Position": "Professor",
        "Research Interest": "Missing",
        "Name": "Ahmed Helmy, Ph.D.",
        "Phone number": "352-450-3428",
        "Email": "helmy@cise.ufl.edu"
    },
    {
        "Position": "Assistant Professor",
        "Research Interest": "Missing",
        "Name": "Kejun Huang, Ph.D.",
        "Phone number": "Assistant Professor",
        "Email": "kejun.huang@ufl.edu"
    },
    {
        "Position": "Assistant Professor",
        "Research Interest": "Missing",
        "Name": "Eakta Jain, Ph.D.",
        "Phone number": "352-294-6653",
        "Email": "ejain@ufl.edu"
    },
    {
        "Position": "Professor",
        "Research Interest": "Missing",
        "Name": "Tamer Kahveci, Ph.D.",
        "Phone number": "352-505-1554",
        "Email": "tamer@cise.ufl.edu"
    },
    {
        "Position": "Lecturer",
        "Research Interest": "Missing",
        "Name": "Amanpreet Kapoor",
        "Phone number": "Missing",
        "Email": "kapooramanpreet@ufl.edu"
    },
    {
        "Position": "Associate Professor",
        "Research Interest": "Missing",
        "Name": "Jonathan Kavalan, Ph.D.",
        "Phone number": "352-392-6834",
        "Email": "jcliu@cise.ufl.edu"
    },
    {
        "Position": "Professor",
        "Research Interest": "Missing",
        "Name": "Benjamin C. Lok, Ph.D.",
        "Phone number": "352-294-6556",
        "Email": "lok@cise.ufl.edu"
    },
    {
        "Position": "Assistant Professor",
        "Research Interest": "Missing",
        "Name": "Kyla McMullen, Ph.D.",
        "Phone number": "Missing",
        "Email": "Missing"
    },
    {
        "Position": "Professor",
        "Research Interest": "Missing",
        "Name": "Prabhat Mishra, Ph.D.",
        "Phone number": "352-294-6658",
        "Email": "prabhat@ufl.edu"
    },
    {
        "Position": "Assistant Professor",
        "Research Interest": "Missing",
        "Name": "Richard Newman, Ph.D.",
        "Phone number": "352-505-1579",
        "Email": "nemo@cise.ufl.edu"
    },
    {
        "Position": "Associate Professor",
        "Research Interest": "Missing",
        "Name": "Jih-Kwon Peir, Ph.D.",
        "Phone number": "352-505-1573",
        "Email": "peir@cise.ufl.edu"
    },
    {
        "Position": "Professor",
        "Research Interest": "Missing",
        "Name": "Jorg Peters, Ph.D.",
        "Phone number": "352-294-6661",
        "Email": "jorg@cise.ufl.edu"
    },
    {
        "Position": "Assistant Professor",
        "Research Interest": "Missing",
        "Name": "Eric Ragan, Ph.D.",
        "Phone number": "Assistant Professor",
        "Email": "eragan@ufl.edu"
    },
    {
        "Position": "Assistant Professor",
        "Research Interest": "Missing",
        "Name": "Sara Rampazzi, Ph.D",
        "Phone number": "Missing",
        "Email": "srampazzi@ufl.edu"
    },
    {
        "Position": "Professor",
        "Research Interest": "Missing",
        "Name": "Anand Rangarajan, Ph.D.",
        "Phone number": "352-505-1583",
        "Email": "anand@cise.ufl.edu"
    },
    {
        "Position": "Professor",
        "Research Interest": "Missing",
        "Name": "Sanjay Ranka, Ph.D.",
        "Phone number": "352-514-4213",
        "Email": "ranka@cise.ufl.edu"
    },
    {
        "Position": "Lecturer",
        "Research Interest": "Missing",
        "Name": "Cheryl Resch",
        "Phone number": "352-294-6664",
        "Email": "cheryl.resch@ufl.edu"
    },
    {
        "Position": "Emeritus Professor",
        "Research Interest": "Missing",
        "Name": "Gerhard X. Ritter, Ph.D.",
        "Phone number": "352-392-1200",
        "Email": "ritter@cise.ufl.edu"
    },
    {
        "Position": "Associate Professor",
        "Research Interest": "Missing",
        "Name": "Jaime Ruiz, Ph.D.",
        "Phone number": "Associate Professor",
        "Email": "jaime.ruiz@ufl.edu"
    },
    {
        "Position": "Distinguished Professor",
        "Research Interest": "Missing",
        "Name": "Sartaj Sahni, Ph.D.",
        "Phone number": "352-450-1490",
        "Email": "sahni@cise.ufl.edu"
    },
    {
        "Position": "Associate Professor",
        "Research Interest": "Missing",
        "Name": "Beverly Sanders, Ph.D.",
        "Phone number": "352-294-6667",
        "Email": "sanders@cise.ufl.edu"
    },
    {
        "Position": "Research Associate Scientist",
        "Research Interest": "Missing",
        "Name": "Mark S. Schmalz, Ph.D., O.D.",
        "Phone number": "352-505-1561",
        "Email": "mssz@cise.ufl.edu"
    },
    {
        "Position": "Professor",
        "Research Interest": "Missing",
        "Name": "Markus Schneider, Ph.D.",
        "Phone number": "352-505-1584",
        "Email": "mschneid@cise.ufl.edu"
    },
    {
        "Position": "Associate Professor",
        "Research Interest": "Missing",
        "Name": "Tom Shrimpton, Ph.D.",
        "Phone number": "352-294-2092",
        "Email": "teshrim@cise.ufl.edu"
    },
    {
        "Position": "Professor",
        "Research Interest": "Missing",
        "Name": "Meera Sitharam, Ph.D.",
        "Phone number": "352-294-6670",
        "Email": "sitharam@cise.ufl.edu"
    },
    {
        "Position": "Emeritus Professor",
        "Research Interest": "Missing",
        "Name": "Stanley Y. W. Su, Ph.D.",
        "Phone number": "352-450-2916",
        "Email": "su@cise.ufl.edu"
    },
    {
        "Position": "Professor",
        "Research Interest": "Missing",
        "Name": "My T. Thai, Ph.D.",
        "Phone number": "352-294-6671",
        "Email": "mythai@cise.ufl.edu"
    },
    {
        "Position": "Assistant Professor",
        "Research Interest": "Missing",
        "Name": "Stephen M. Thebaut, Ph.D.",
        "Phone number": "352-505-1564",
        "Email": "smt@cise.ufl.edu"
    },
    {
        "Position": "Lecturer",
        "Research Interest": "Missing",
        "Name": "Sanethia Thomas, Ph.D.",
        "Phone number": "Lecturer",
        "Email": "sanethiat@ufl.edu"
    },
    {
        "Position": "Assistant Professor",
        "Research Interest": "Missing",
        "Name": "Corey Toler-Franklin, Ph.D.",
        "Phone number": "352-505-1574",
        "Email": "ctoler@cise.ufl.edu"
    },
    {
        "Position": "Professor",
        "Research Interest": "Missing",
        "Name": "Patrick Traynor, Ph.D.",
        "Phone number": "Associate Chair for Research",
        "Email": "traynor@cise.ufl.edu"
    },
    {
        "Position": "Associate Professor",
        "Research Interest": "Missing",
        "Name": "Alper \\xc3\\x9cng\\xc3\\xb6r, Ph.D.",
        "Phone number": "352-392-1147",
        "Email": "ungor@cise.ufl.edu"
    },
    {
        "Position": "Wilson and Marie Collins Professor in Engineering",
        "Research Interest": "Missing",
        "Name": "Baba C. Vemuri, Ph.D.",
        "Phone number": "Wilson and Marie Collins Professor in Engineering",
        "Email": "vemuri@ufl.edu"
    },
    {
        "Position": "Associate Professor",
        "Research Interest": "Missing",
        "Name": "Daisy Zhe Wang, Ph.D.",
        "Phone number": "352-294-6677",
        "Email": "daisyw@cise.ufl.edu"
    },
    {
        "Position": "Associate Professor",
        "Research Interest": "Missing",
        "Name": "Byron Williams, Ph.D.",
        "Phone number": "352-294-1017",
        "Email": "byron@cise.ufl.edu"
    },
    {
        "Position": "Associate Professor",
        "Research Interest": "Missing",
        "Name": "Joseph N. Wilson, Ph.D.",
        "Phone number": "352-294-6678",
        "Email": "jnw@cise.ufl.edu"
    },
    {
        "Position": "Associate Professor",
        "Research Interest": "Missing",
        "Name": "Ye Xia, Ph.D.",
        "Phone number": "352-505-1571",
        "Email": "yx1@cise.ufl.edu"
    },
    {
        "Position": "Senior Lecturer",
        "Research Interest": "Missing",
        "Name": "Rong Zhang, Ph.D.",
        "Phone number": "352-294-6680",
        "Email": "rzhang@cise.ufl.edu"
    },
    {
        "Position": "Lecturer",
        "Research Interest": "Missing",
        "Name": "Lisha Zhou, M.S.",
        "Phone number": "Missing",
        "Email": "lzhou1@ufl.edu"
    }
]