[
    {
        "Name": "Edward Almasy",
        "Email": "ealmasy@cs.wisc.edu",
        "Research Interest": "Missing",
        "Position": "Missing",
        "Phone number": "Missing"
    },
    {
        "Name": "Vamshi Basupalli",
        "Email": "vamshi@cs.wisc.edu",
        "Research Interest": "Missing",
        "Position": "Missing",
        "Phone number": "Missing"
    },
    {
        "Name": "Kendra Bouda",
        "Email": "kendra@cs.wisc.edu",
        "Research Interest": "Missing",
        "Position": "Missing",
        "Phone number": "Missing"
    },
    {
        "Name": "Rachael Bower",
        "Email": "bower@cs.wisc.edu",
        "Research Interest": "Missing",
        "Position": "Missing",
        "Phone number": "Missing"
    },
    {
        "Name": "Josef Burger",
        "Email": "bolo@cs.wisc.edu",
        "Research Interest": "Missing",
        "Position": "Missing",
        "Phone number": "Missing"
    },
    {
        "Name": "Tim Cartwright",
        "Email": "cat@cs.wisc.edu",
        "Research Interest": "Missing",
        "Position": "Missing",
        "Phone number": "Missing"
    },
    {
        "Name": "Youmin Chen",
        "Email": "ychen986@wisc.edu",
        "Research Interest": "Missing",
        "Position": "Missing",
        "Phone number": "Missing"
    },
    {
        "Name": "Mark Coatsworth",
        "Email": "coatsworth@cs.wisc.edu",
        "Research Interest": "Missing",
        "Position": "Missing",
        "Phone number": "Missing"
    },
    {
        "Name": "Sasha Nicolas Da Rocha Pinheiro",
        "Email": "sasha@cs.wisc.edu",
        "Research Interest": "Missing",
        "Position": "Missing",
        "Phone number": "Missing"
    },
    {
        "Name": "Carl Edquist",
        "Email": "edquist@cs.wisc.edu",
        "Research Interest": "Missing",
        "Position": "Missing",
        "Phone number": "Missing"
    },
    {
        "Name": "James Frey",
        "Email": "jfrey@wisc.edu",
        "Research Interest": "Missing",
        "Position": "Missing",
        "Phone number": "Missing"
    },
    {
        "Name": "Michael Gibson",
        "Email": "mgibson@cs.wisc.edu",
        "Research Interest": "Missing",
        "Position": "Missing",
        "Phone number": "Missing"
    },
    {
        "Name": "Michelle Hagenbaugh",
        "Email": "hagenbaugh@wisc.edu",
        "Research Interest": "Missing",
        "Position": "Missing",
        "Phone number": "Missing"
    },
    {
        "Name": "Corey Halpin",
        "Email": "chalpin@cs.wisc.edu",
        "Research Interest": "Missing",
        "Position": "Missing",
        "Phone number": "Missing"
    },
    {
        "Name": "Alan Halverson",
        "Email": "alanh@cs.wisc.edu",
        "Research Interest": "Missing",
        "Position": "Missing",
        "Phone number": "Missing"
    },
    {
        "Name": "Lance Hartung",
        "Email": "hartung@cs.wisc.edu",
        "Research Interest": "Missing",
        "Position": "Missing",
        "Phone number": "Missing"
    },
    {
        "Name": "Elisa Heymann Pignolo",
        "Email": "elisa@cs.wisc.edu",
        "Research Interest": "Missing",
        "Position": "Missing",
        "Phone number": "Missing"
    },
    {
        "Name": "John Knoeller",
        "Email": "johnkn@cs.wisc.edu",
        "Research Interest": "Missing",
        "Position": "Missing",
        "Phone number": "Missing"
    },
    {
        "Name": "Christina Koch",
        "Email": "ckoch5@wisc.edu",
        "Research Interest": "Missing",
        "Position": "Missing",
        "Phone number": "Missing"
    },
    {
        "Name": "James Kupsch",
        "Email": "kupsch@cs.wisc.edu",
        "Research Interest": "Missing",
        "Position": "Missing",
        "Phone number": "Missing"
    },
    {
        "Name": "Brian Lin",
        "Email": "blin@cs.wisc.edu",
        "Research Interest": "Missing",
        "Position": "Missing",
        "Phone number": "Missing"
    },
    {
        "Name": "Xiaozhu Meng",
        "Email": "xmeng@cs.wisc.edu",
        "Research Interest": "Missing",
        "Position": "Missing",
        "Phone number": "Missing"
    },
    {
        "Name": "Derek Meyer",
        "Email": "dmeyer@cs.wisc.edu",
        "Research Interest": "Missing",
        "Position": "Missing",
        "Phone number": "Missing"
    },
    {
        "Name": "Lauren Michael",
        "Email": "lmichael@cs.wisc.edu",
        "Research Interest": "Missing",
        "Position": "Missing",
        "Phone number": "Missing"
    },
    {
        "Name": "Todd Miller",
        "Email": "tlmiller@cs.wisc.edu",
        "Research Interest": "Missing",
        "Position": "Missing",
        "Phone number": "Missing"
    },
    {
        "Name": "Zach Miller",
        "Email": "zmiller@cs.wisc.edu",
        "Research Interest": "Missing",
        "Position": "Missing",
        "Phone number": "Missing"
    },
    {
        "Name": "Aaron Moate",
        "Email": "moate@cs.wisc.edu",
        "Research Interest": "Missing",
        "Position": "Missing",
        "Phone number": "Missing"
    },
    {
        "Name": "Matthew Parker",
        "Email": "mparker8@wisc.edu",
        "Research Interest": "Missing",
        "Position": "Missing",
        "Phone number": "Missing"
    },
    {
        "Name": "David Parter",
        "Email": "dparter@cs.wisc.edu",
        "Research Interest": "Missing",
        "Position": "Missing",
        "Phone number": "Missing"
    },
    {
        "Name": "Jason Patton",
        "Email": "jpatton@cs.wisc.edu",
        "Research Interest": "Missing",
        "Position": "Missing",
        "Phone number": "Missing"
    },
    {
        "Name": "John Perkins",
        "Email": "john@cs.wisc.edu",
        "Research Interest": "Missing",
        "Position": "Missing",
        "Phone number": "Missing"
    },
    {
        "Name": "Jayaram Raghuram",
        "Email": "jraghuram@wisc.edu",
        "Research Interest": "Missing",
        "Position": "Missing",
        "Phone number": "Missing"
    },
    {
        "Name": "Vaibhav Rastogi",
        "Email": "vrastogi@wisc.edu",
        "Research Interest": "Missing",
        "Position": "Missing",
        "Phone number": "Missing"
    },
    {
        "Name": "Ian Ross",
        "Email": "iaross@wisc.edu",
        "Research Interest": "Missing",
        "Position": "Missing",
        "Phone number": "Missing"
    },
    {
        "Name": "Matyas Selmeci",
        "Email": "matyas@cs.wisc.edu",
        "Research Interest": "Missing",
        "Position": "Missing",
        "Phone number": "Missing"
    },
    {
        "Name": "Emmanuel Marius Pierre Roland Senft",
        "Email": "esenft@wisc.edu",
        "Research Interest": "Missing",
        "Position": "Missing",
        "Phone number": "Missing"
    },
    {
        "Name": "Nisarg Shah",
        "Email": "nisargs@cs.wisc.edu",
        "Research Interest": "Missing",
        "Position": "Missing",
        "Phone number": "Missing"
    },
    {
        "Name": "Obren Sijan",
        "Email": "osijan@wisc.edu",
        "Research Interest": "Missing",
        "Position": "Missing",
        "Phone number": "Missing"
    },
    {
        "Name": "Timothy Slauson",
        "Email": "tslauson@wisc.edu",
        "Research Interest": "Missing",
        "Position": "Missing",
        "Phone number": "Missing"
    },
    {
        "Name": "Todd Tannenbaum",
        "Email": "tannenba@cs.wisc.edu",
        "Research Interest": "Missing",
        "Position": "Missing",
        "Phone number": "Missing"
    },
    {
        "Name": "Gregory Thain",
        "Email": "gthain@cs.wisc.edu",
        "Research Interest": "Missing",
        "Position": "Missing",
        "Phone number": "Missing"
    },
    {
        "Name": "Timothy Theisen",
        "Email": "tim@cs.wisc.edu",
        "Research Interest": "Missing",
        "Position": "Missing",
        "Phone number": "Missing"
    },
    {
        "Name": "Jessica Vera",
        "Email": "jmvera@wisc.edu",
        "Research Interest": "Missing",
        "Position": "Missing",
        "Phone number": "Missing"
    },
    {
        "Name": "Becky Bush",
        "Email": "Payroll &amp; Benefit Specialist",
        "Research Interest": "Missing",
        "Position": "Missing",
        "Phone number": "Missing"
    },
    {
        "Name": "Hilary Heffley",
        "Email": "Payroll & Benefit Specialist/Travel Specialist",
        "Research Interest": "Missing",
        "Position": "Missing",
        "Phone number": "Missing"
    },
    {
        "Name": "Gigi Mitchell",
        "Email": "Receptionist, Assistant to the Chair",
        "Research Interest": "Missing",
        "Position": "Missing",
        "Phone number": "Missing"
    },
    {
        "Name": "Lance Potter",
        "Email": "Department Manager",
        "Research Interest": "Missing",
        "Position": "Missing",
        "Phone number": "Missing"
    },
    {
        "Name": "Karen Barrett-Wilt",
        "Email": "Communications Coordinator",
        "Research Interest": "Missing",
        "Position": "Missing",
        "Phone number": "Missing"
    },
    {
        "Name": "Quinn Cassidy",
        "Email": "Social Media Intern",
        "Research Interest": "Missing",
        "Position": "Missing",
        "Phone number": "Missing"
    },
    {
        "Name": "Saadiqa Hafiz",
        "Email": "Photographer",
        "Research Interest": "Missing",
        "Position": "Missing",
        "Phone number": "Missing"
    },
    {
        "Name": "Luke Swanson",
        "Email": "Photographer",
        "Research Interest": "Missing",
        "Position": "Missing",
        "Phone number": "Missing"
    },
    {
        "Name": "Mengmeng Wang",
        "Email": "Photographer",
        "Research Interest": "Missing",
        "Position": "Missing",
        "Phone number": "Missing"
    },
    {
        "Name": "Nathan Henneger",
        "Email": "Financial Specialist",
        "Research Interest": "Missing",
        "Position": "Missing",
        "Phone number": "Missing"
    },
    {
        "Name": "Tae Kidd",
        "Email": "Research Program Manager",
        "Research Interest": "Missing",
        "Position": "Missing",
        "Phone number": "Missing"
    },
    {
        "Name": "Debra Morgan",
        "Email": "Accountant",
        "Research Interest": "Missing",
        "Position": "Missing",
        "Phone number": "Missing"
    },
    {
        "Name": "Jill Nagler",
        "Email": "Pre-Award and Post-Award Research Program Manager",
        "Research Interest": "Missing",
        "Position": "Missing",
        "Phone number": "Missing"
    }
]