[
    {
        "Position": "Missing",
        "Research Interest": "Research Interests: Natural language processing, machine learning",
        "Email": "abney@umich.edu",
        "Name": "Abney, Steven",
        "Phone number": "Phone: (734) 647-5588"
    },
    {
        "Position": "Missing",
        "Research Interest": "Web:  https://www.eecs.umich.edu/~ackerm",
        "Email": "ackerm@umich.edu",
        "Name": "Ackerman, Mark S.",
        "Phone number": "Office: 3645 Beyster"
    },
    {
        "Position": "Missing",
        "Research Interest": "Office: 4773 Beyster Bldg.",
        "Email": "adamsmda@umich.edu",
        "Name": "Adams, Michael",
        "Phone number": "Missing"
    },
    {
        "Position": "Missing",
        "Research Interest": "Research Interests: Human-Computer Interaction, Visualization, Text Mining, and Social Network Analysis",
        "Email": "eadar@umich.edu",
        "Name": "Adar, Eytan",
        "Phone number": "Phone: (734) 647-8028"
    },
    {
        "Position": "Missing",
        "Research Interest": "Office: 2717 Beyster",
        "Email": "almomani@umich.edu",
        "Name": "Almomani, Raed",
        "Phone number": "Missing"
    },
    {
        "Position": "Missing",
        "Research Interest": "Web:  http://web.eecs.umich.edu/~warthur/",
        "Email": "warthur@umich.edu",
        "Name": "Arthur, William",
        "Phone number": "Office: 3640 Beyster"
    },
    {
        "Position": "Missing",
        "Research Interest": "Research Interests: Library and Information Services",
        "Email": "atkins@umich.edu",
        "Name": "Atkins, Daniel E.",
        "Phone number": "Office: 300 West Hall"
    },
    {
        "Position": "Missing",
        "Research Interest": "Research Interests: Task and motion planning algorithms to enable opportunistic, fault-tolerant autonomous aircraft and spacecraft flight management.",
        "Email": "ematkins@umich.edu",
        "Name": "Atkins, Ella M.",
        "Phone number": "Phone: (734) 615-7456"
    },
    {
        "Position": "Missing",
        "Research Interest": "Research Interests: Computer architecture, robust and secure system design, hardware and software verification, and performance analysis tools and techniques.",
        "Email": "austin@umich.edu",
        "Name": "Austin, Todd",
        "Phone number": "Phone: (734) 936-0370"
    },
    {
        "Position": "Missing",
        "Research Interest": "Research Interests: Understanding and modeling human behavior to support innovative information technology, changing how we study and design interactive user experiences with the goal of improving the quality of people\u2019s lives.",
        "Email": "nbanovic@umich.edu",
        "Name": "Banovic, Nikola",
        "Phone number": "Phone: 734-764-4289"
    },
    {
        "Position": "Missing",
        "Research Interest": "Research Interests: Reinforcement Learning, Machine Learning, Computational Game Theory, Adaptive Human Computer Interaction.",
        "Email": "baveja@umich.edu",
        "Name": "Baveja, Satinder Singh",
        "Phone number": "Phone: (734) 936-2831"
    },
    {
        "Position": "Missing",
        "Research Interest": "Phone: (734) 763-1557",
        "Email": "jbbeau@umich.edu",
        "Name": "Beaumont, Jonathan",
        "Phone number": "Missing"
    },
    {
        "Position": "Missing",
        "Research Interest": "Research Interests: Improving the functional correctness of digital integrated circuits, by developing technology that attacks the issue at design time, in post-silicon, and throughout the lifetime of a digital integrated component, in face of the challenges posed by fragile silicon and extreme design complexity.",
        "Email": "valeria@umich.edu",
        "Name": "Bertacco, Valeria",
        "Phone number": "Phone: (734) 615-4047"
    },
    {
        "Position": "Missing",
        "Research Interest": "Research Interests: Graph algorithms, data structures, sketching, game theory, and combinatorics.",
        "Email": "bodwin@umich.edu",
        "Name": "Bodwin, Greg",
        "Phone number": "Phone: (734)647-1902"
    },
    {
        "Position": "Missing",
        "Research Interest": "Web:  http://web.eecs.umich.edu/~brehob/",
        "Email": "brehob@umich.edu",
        "Name": "Brehob, Mark",
        "Phone number": "Office: 4632 Beyster Bldg."
    },
    {
        "Position": "Missing",
        "Research Interest": "Web:  http://robinbrewer.com/",
        "Email": "rnbrew@umich.edu",
        "Name": "Brewer, Robin",
        "Phone number": "Office: 4372 North Quad"
    },
    {
        "Position": "Missing",
        "Research Interest": "Web:  http://cbudak.com/index.html",
        "Email": "cbudak@umich.edu",
        "Name": "Budak, Ceren",
        "Phone number": "Office: 3336 North Quad"
    },
    {
        "Position": "Missing",
        "Research Interest": "Phone: (734) 936-1312",
        "Email": "lburdick@umich.edu",
        "Name": "Burdick, Laura",
        "Phone number": "Missing"
    },
    {
        "Position": "Missing",
        "Research Interest": "Research Interests: Databases, information extraction, data integration, and data mining.",
        "Email": "michjc@umich.edu",
        "Name": "Cafarella, Michael J.",
        "Phone number": "Phone: (734) 764-9418"
    },
    {
        "Position": "Missing",
        "Research Interest": "Research Interests: Natural language processing, language grounding to vision and robotics, situated human-machine communication, interactive task learning.",
        "Email": "chaijy@umich.edu",
        "Name": "Chai, Joyce",
        "Phone number": "Phone: 734-764-3308"
    },
    {
        "Position": "Missing",
        "Research Interest": "Research Interests: Multi-Agent Systems,Computational Economics, Algorithmic Game Theory and Mechanism Design, Fair Allocation, Collective Forecasting.",
        "Email": "dcsmc@umich.edu",
        "Name": "Chakraborty, Mithun",
        "Phone number": "Missing"
    },
    {
        "Position": "Missing",
        "Research Interest": "Research Interests: Operating systems, computer security, virtual machines, fault-tolerant computing.",
        "Email": "pmchen@umich.edu",
        "Name": "Chen, Peter M.",
        "Phone number": "Phone: (734) 763-4472"
    },
    {
        "Position": "Missing",
        "Research Interest": "Research Interests: All theoretical aspects of CS, especially the role of information and coding theory in cryptography, complexity, algorithms, and high-dimensional geometry.",
        "Email": "mahdich@umich.edu",
        "Name": "Cheraghchi, Mahdi",
        "Phone number": "Phone: (734) 763-9165"
    },
    {
        "Position": "Missing",
        "Research Interest": "Web:  https://chesneyd.engin.umich.edu/",
        "Email": "chesneyd@umich.edu",
        "Name": "Chesney, David",
        "Phone number": "Office: 4624 Beyster Bldg."
    },
    {
        "Position": "Missing",
        "Research Interest": "Research Interests: Networked systems and cloud computing.",
        "Email": "mosharaf@umich.edu",
        "Name": "Chowdhury, Mosharaf",
        "Phone number": "Phone: 734-764-4148"
    },
    {
        "Position": "Missing",
        "Research Interest": "Web:  http://www-personal.umich.edu/~kevynct/",
        "Email": "kevynct@umich.edu",
        "Name": "Collins-Thompson, Kevyn",
        "Phone number": "Office: 4360 North Quad"
    },
    {
        "Position": "Missing",
        "Research Interest": "Research Interests: Theory of computation, Complexity of combinatorial and logical problems, analysis of algorithms, automata theory",
        "Email": "kjc@umich.edu",
        "Name": "Compton, Kevin J.",
        "Phone number": "Phone: (734) 763-9165"
    },
    {
        "Position": "Missing",
        "Research Interest": "Research Interests: Tele-autonomous systems, Collaboration technology and media integration, Artificial intelligence, Computer systems &amp; hardware, VLSI program",
        "Email": "conway@umich.edu",
        "Name": "Conway, Lynn",
        "Phone number": "Phone: (734) 763-5509"
    },
    {
        "Position": "Missing",
        "Research Interest": "Research Interests: Computer vision, robotics, artificial intelligence.",
        "Email": "jjcorso@umich.edu",
        "Name": "Corso, Jason",
        "Phone number": "Phone: (734) 647-8833"
    },
    {
        "Position": "Missing",
        "Research Interest": "Phone: (734) 764-3643",
        "Email": "mmdarden@umich.edu",
        "Name": "Darden, Marcus",
        "Phone number": "Missing"
    },
    {
        "Position": "Missing",
        "Research Interest": "Research Interests: Computer architecture, and its interaction with software systems and device/VLSI technologies. Specialized interests include on-chip interconnection networks, three-dimensional IC design, and multi-core memory systems.",
        "Email": "reetudas@umich.edu",
        "Name": "Das, Reetuparna",
        "Phone number": "Phone: (734) 764-4255"
    },
    {
        "Position": "Missing",
        "Research Interest": "Research Interests: Computer architecture, parallel and pipelined computing, performance modeling of computer systems",
        "Email": "davidson@umich.edu",
        "Name": "Davidson, Edward S",
        "Phone number": "Phone: (734) 973-0751"
    },
    {
        "Position": "Missing",
        "Research Interest": "Web:  http://www.andrewdeorio.com/",
        "Email": "awdeorio@umich.edu",
        "Name": "DeOrio, Andrew W.",
        "Phone number": "Office: 2705 Beyster"
    },
    {
        "Position": "Missing",
        "Research Interest": "Research Interests: Machine learning, computational social science, natural language processing, information economics",
        "Email": "dhillonp@umich.edu",
        "Name": "Dhillon, Paramveer",
        "Phone number": "Phone: (734) 764-5876"
    },
    {
        "Position": "Missing",
        "Research Interest": "Phone: (734) 647-1355",
        "Email": "kkhalsa@umich.edu",
        "Name": "Diaz, Kimberly Khalsa",
        "Phone number": "Missing"
    },
    {
        "Position": "Missing",
        "Research Interest": "Research Interests: Embedded systems.",
        "Email": "dickrp@umich.edu",
        "Name": "Dick, Robert",
        "Phone number": "Phone: (734) 763-3329"
    },
    {
        "Position": "Missing",
        "Research Interest": "Web:  http://www.tawannadillahunt.com/",
        "Email": "tdillahu@umich.edu",
        "Name": "Dillahunt, Tawanna Ruth",
        "Phone number": "Office: 4340 North Quad"
    },
    {
        "Position": "Missing",
        "Research Interest": "Phone: (734) 615-9916",
        "Email": "mdorf@umich.edu",
        "Name": "Dorf, Mary Lou",
        "Phone number": "Missing"
    },
    {
        "Position": "Missing",
        "Research Interest": "Research Interests: Novel architectures and design technologies for energy-efficient computing, including near-threshold computer design and experimental 3D computer chips.",
        "Email": "rdreslin@umich.edu",
        "Name": "Dreslinski, Ronald",
        "Phone number": "Phone: 971-221-6554"
    },
    {
        "Position": "Missing",
        "Research Interest": "Research Interests: Multi-agent coordination and intelligent real-time systems",
        "Email": "durfee@umich.edu",
        "Name": "Durfee, Edmund H",
        "Phone number": "Phone: (734) 936-1563"
    },
    {
        "Position": "Missing",
        "Research Interest": "Research Interests: Computer and network security, surveillance and censorship measurement, privacy and tech policy.",
        "Email": "ensafi@umich.edu",
        "Name": "Ensafi, Roya",
        "Phone number": "Phone: 734-764-3184"
    },
    {
        "Position": "Missing",
        "Research Interest": "Phone: 734-763-2285",
        "Email": "barbarer@umich.edu",
        "Name": "Ericson, Barbara",
        "Phone number": "Missing"
    },
    {
        "Position": "Missing",
        "Research Interest": "Research Interests: Theoretical and experimental research in probabilistic robotics for large-scale mapping and navigation. Specific topics include vision-based simultaneous localization and mapping, underwater computer vision and image processing, data fusion, underwater vehicle navigation, and autonomous vehicles.",
        "Email": "eustice@umich.edu",
        "Name": "Eustice, Ryan M.",
        "Phone number": "Phone: (734) 647-9411"
    },
    {
        "Position": "Missing",
        "Research Interest": "Research Interests: Mobile and pervasive computing, operating systems, distributed systems, energy management.",
        "Email": "jflinn@umich.edu",
        "Name": "Flinn, Jason",
        "Phone number": "Missing"
    },
    {
        "Position": "Missing",
        "Research Interest": "Research Interests: Computer vision and machine learning, with a particular focus on scene understanding.",
        "Email": "fouhey@umich.edu",
        "Name": "Fouhey, David",
        "Phone number": "Phone: 734-764-8517"
    },
    {
        "Position": "Missing",
        "Research Interest": "Research Interests: Computer system security; ultra-low power computing; healthcare safety.",
        "Email": "kevinfu@umich.edu",
        "Name": "Fu, Kevin",
        "Phone number": "Office: 4628 Beyster Bldg."
    },
    {
        "Position": "Missing",
        "Research Interest": "Web:  https://hjgarcia.engin.umich.edu/",
        "Email": "hjgarcia@umich.edu",
        "Name": "Garcia-Ramirez, Hector",
        "Phone number": "Office: 3640 Beyster"
    },
    {
        "Position": "Missing",
        "Research Interest": "Research Interests: Cryptography and systems security, with an interest in both theory and practice, particularly in side-channel attacks, hardware security, cryptanalysis, secure multiparty computation, verifiable computation, and SNARKS.",
        "Email": "genkin@umich.edu",
        "Name": "Genkin, Daniel",
        "Phone number": "Office: 4753 Beyster"
    },
    {
        "Position": "Missing",
        "Research Interest": "Web:  http://eegilbert.org/",
        "Email": "eegg@umich.edu",
        "Name": "Gilbert, Eric",
        "Phone number": "Office: 4385 North Quad"
    },
    {
        "Position": "Missing",
        "Research Interest": "Phone: 937-314-1582",
        "Email": "graetzer@umich.edu",
        "Name": "Graetz, Emily",
        "Phone number": "Missing"
    },
    {
        "Position": "Missing",
        "Research Interest": "Research Interests: Applied cryptography, computer security, privacy, systems security, and technology policy.",
        "Email": "paulgrub@umich.edu",
        "Name": "Grubbs, Paul",
        "Phone number": "Missing"
    },
    {
        "Position": "Missing",
        "Research Interest": "Research Interests: Human-computer interaction, artificial intelligence, accessibility, augmented reality, human-AI interaction",
        "Email": "anhong@umich.edu",
        "Name": "Guo, Anhong",
        "Phone number": "Missing"
    },
    {
        "Position": "Missing",
        "Research Interest": "Research Interests: Quantum computing, privacy and security, software engineering, and theoretical computer science",
        "Email": "gurevich@umich.edu",
        "Name": "Gurevich, Yuri",
        "Phone number": "Missing"
    },
    {
        "Position": "Missing",
        "Research Interest": "Research Interests: Computing education research, task-specific programming languages, learning sciences, education public policy, design methods, and public policy.",
        "Email": "mjguz@umich.edu",
        "Name": "Guzdial, Mark",
        "Phone number": "Phone: 734-647-1320"
    },
    {
        "Position": "Missing",
        "Research Interest": "Research Interests: Computer security, electronic voting, digital rights management, information privacy, and tech policy.",
        "Email": "jhalderm@umich.edu",
        "Name": "Halderman, J. Alex",
        "Phone number": "Phone: (734) 647-1806"
    },
    {
        "Position": "Missing",
        "Research Interest": "Web:  https://web.eecs.umich.edu/~nham/",
        "Email": "nham@umich.edu",
        "Name": "Hamilton, Nicole",
        "Phone number": "Missing"
    },
    {
        "Position": "Missing",
        "Research Interest": "Research Interests: Computer-aided design and testing, Computer architecture, Fault-tolerant design, VLSI circuits, Stochastic computing.",
        "Email": "jhayes@umich.edu",
        "Name": "Hayes, John P.",
        "Phone number": "Phone: (734) 763-0386"
    },
    {
        "Position": "Missing",
        "Research Interest": "Research Interests: Improving the energy efficiency of computing systems by cross-layer collaborative optimizations, including hardware-aware algorithm design, approximate computing, reconfigurable architecture and application-specific acceleration.",
        "Email": "xinhe@umich.edu",
        "Name": "He, Xin",
        "Phone number": "Missing"
    },
    {
        "Position": "Missing",
        "Research Interest": "Research Interests: Theory and algorithms underlying data science and machine learning. Theory includes applied probability, statistical modeling, and optimization. Applications include complex networks, spatio-temporal processes, computational biology, personalized health, and security.",
        "Email": "hero@umich.edu",
        "Name": "Hero, Alfred O.",
        "Phone number": "Video:  https://www.youtube.com/watch?v=ZNVMbWxaqi4"
    },
    {
        "Position": "Missing",
        "Research Interest": "Research Interests: Experimental distributed systems",
        "Email": "honey@umich.edu",
        "Name": "Honeyman, Peter",
        "Phone number": "Phone: (734) 763-1156"
    },
    {
        "Position": "Missing",
        "Research Interest": "Research Interests: Big data, data mining, database systems, and bioinformatics.",
        "Email": "jag@umich.edu",
        "Name": "Jagadish, H.V.",
        "Phone number": "Phone: (734) 763-4079"
    },
    {
        "Position": "Missing",
        "Research Interest": "Research Interests: Dynamic behaviors of large-scale systems, probabilistic distributed algorithms, computer network protocols and architectures, computer graphics.",
        "Email": "sugih@umich.edu",
        "Name": "Jamin, Sugih",
        "Phone number": "Phone: (734) 763-1583"
    },
    {
        "Position": "Missing",
        "Research Interest": "Web:  https://jeannin.github.io/",
        "Email": "jeannin@umich.edu",
        "Name": "Jeannin, Jean-Baptiste",
        "Phone number": "Office: 3017 FXB"
    },
    {
        "Position": "Missing",
        "Research Interest": "Research Interests: Human-robot interaction, including exploration of methods that enable robots to learn human skills.",
        "Email": "ocj@umich.edu",
        "Name": "Jenkins, Chad",
        "Phone number": "Office: 3644 Beyster"
    },
    {
        "Position": "Missing",
        "Research Interest": "Web:  https://droplab.engin.umich.edu/matthew-johnson-roberson",
        "Email": "mattjr@umich.edu",
        "Name": "Johnson-Roberson, Matthew",
        "Phone number": "Missing"
    },
    {
        "Position": "Missing",
        "Research Interest": "Research Interests: Vision and language, visual reasoning, and image generation.",
        "Email": "justincj@umich.edu",
        "Name": "Johnson, Justin",
        "Phone number": "Phone: 734-936-7829"
    },
    {
        "Position": "Missing",
        "Research Interest": "Office: 2641 Beyster",
        "Email": "jjuett@umich.edu",
        "Name": "Juett, James",
        "Phone number": "Missing"
    },
    {
        "Position": "Missing",
        "Research Interest": "Web:  http://jurgens.people.si.umich.edu/",
        "Email": "jurgens@umich.edu",
        "Name": "Jurgens, David",
        "Phone number": "Office: 3341 North Quad"
    },
    {
        "Position": "Missing",
        "Research Interest": "Phone: (734) 764-4325",
        "Email": "vkamat@umich.edu",
        "Name": "Kamat, Vineet",
        "Phone number": "Missing"
    },
    {
        "Position": "Missing",
        "Research Interest": "Web:  http://web.eecs.umich.edu/~akamil/",
        "Email": "akamil@umich.edu",
        "Name": "Kamil, Amir",
        "Phone number": "Office: 2632 Beyster"
    },
    {
        "Position": "Missing",
        "Research Interest": "Research Interests: Distributed systems, fault tolerance, formal verification, transaction processing.",
        "Email": "manosk@umich.edu",
        "Name": "Kapritsos, Manos",
        "Phone number": "Phone: 734-615-3343"
    },
    {
        "Position": "Missing",
        "Research Interest": "Research Interests: Operating systems, dependable systems, program analysis, system security",
        "Email": "barisk@umich.edu",
        "Name": "Kasikci, Baris",
        "Phone number": "Phone: 734-763-1560"
    },
    {
        "Position": "Missing",
        "Research Interest": "Web:  http://www.mjskay.com/",
        "Email": "mjskay@umich.edu",
        "Name": "Kay, Matthew",
        "Phone number": "Office: 105 S. State St."
    },
    {
        "Position": "Missing",
        "Research Interest": "Office: 2260 Hayward",
        "Email": "cmfh@umich.edu",
        "Name": "Keefer, Christina",
        "Phone number": "Missing"
    },
    {
        "Position": "Missing",
        "Research Interest": "Research Interests: Human-computer interaction, User interface design, Human cognition and performance, Natural language processing",
        "Email": "kieras@umich.edu",
        "Name": "Kieras, David E.",
        "Phone number": "Missing"
    },
    {
        "Position": "Missing",
        "Research Interest": "Web:  http://jkloosterman.net/",
        "Email": "jklooste@umich.edu",
        "Name": "Kloosterman, John",
        "Phone number": "Office: 3611 Beyster"
    },
    {
        "Position": "Missing",
        "Research Interest": "Research Interests: Data mining, graph summarization and visualization, and applied machine learning.",
        "Email": "dkoutra@umich.edu",
        "Name": "Koutra, Danai",
        "Phone number": "Phone: 734-764-4237"
    },
    {
        "Position": "Missing",
        "Research Interest": "Research Interests: The representation of common sense and expert knowledge, with particular emphasis on the effective use of incomplete knowledge.",
        "Email": "kuipers@umich.edu",
        "Name": "Kuipers, Benjamin",
        "Phone number": "Phone: (734) 647-6887"
    },
    {
        "Position": "Missing",
        "Research Interest": "Phone: 734-647-8821",
        "Email": "skutty@umich.edu",
        "Name": "Kutty, Sindhu",
        "Phone number": "Missing"
    },
    {
        "Position": "Missing",
        "Research Interest": "Research Interests: System and control theory; Discrete event systems; Application to computer and communication systems",
        "Email": "stephane@umich.edu",
        "Name": "Lafortune, Stephane",
        "Phone number": "Video:  https://www.youtube.com/watch?v=RjcAG5zcKC4"
    },
    {
        "Position": "Missing",
        "Research Interest": "Research Interests: Artificial Intelligence, Cognitive Architectures, Machine Learning, and Computer Games.",
        "Email": "laird@umich.edu",
        "Name": "Laird, John E.",
        "Phone number": "Phone: (734) 647-1761"
    },
    {
        "Position": "Missing",
        "Research Interest": "Research Interests: Combining human and machine computation to create intelligent systems that can solve problems ranging from accessibility needs for uses with disabilities to rapid analysis of large data sets.",
        "Email": "wlasecki@umich.edu",
        "Name": "Lasecki, Walter",
        "Phone number": "Phone: 734-764-4259"
    },
    {
        "Position": "Missing",
        "Research Interest": "Web:  http://kjleach.eecs.umich.edu/",
        "Email": "kjleach@umich.edu",
        "Name": "Leach, Kevin",
        "Phone number": "Office: 3828 Beyster"
    },
    {
        "Position": "Missing",
        "Research Interest": "Research Interests: Algorithms, computational complexity, graph theory, and convex optimization. A particular focus is on approximation algorithms for NP-hard optimization problems.",
        "Email": "euiwoong@umich.edu",
        "Name": "Lee, Euiwoong",
        "Phone number": "Phone: (734)763-6739"
    },
    {
        "Position": "Missing",
        "Research Interest": "Research Interests: Machine Learning, Deep Learning, Artificial Intelligence, Computer Vision",
        "Email": "honglak@umich.edu",
        "Name": "Lee, Honglak",
        "Phone number": "Phone: (734) 764-3726"
    },
    {
        "Position": "Missing",
        "Research Interest": "Research Interests: Bioinformatics, Machine Learning",
        "Email": "drjieliu@umich.edu",
        "Name": "Liu, Jie",
        "Phone number": "Phone: (734) 615-5110"
    },
    {
        "Position": "Missing",
        "Research Interest": "Research Interests: Resource allocation, performance modeling, sequential decision and learning theory, game theory and incentive mechanisms, with applications to large-scale networked systems, cybersecurity and cyber risk quantification.",
        "Email": "mingyan@umich.edu",
        "Name": "Liu, Mingyan",
        "Phone number": "Video:  https://www.youtube.com/watch?v=u6gwZdaOZXY"
    },
    {
        "Position": "Missing",
        "Research Interest": "Research Interests: Distributed systems, networking, security and privacy, including Internet-scale distributed services, cloud computing, online social networks, network measurement, web performance, distributed storage systems",
        "Email": "harshavm@umich.edu",
        "Name": "Madhyastha, Harsha",
        "Phone number": "Phone: 734-647-8086"
    },
    {
        "Position": "Missing",
        "Research Interest": "Research Interests: Compilers, application-specific processors, computer architecture and microarchitecture, embedded systems",
        "Email": "mahlke@umich.edu",
        "Name": "Mahlke, Scott",
        "Phone number": "Phone: (734) 936-1602"
    },
    {
        "Position": "Missing",
        "Research Interest": "Research Interests: Mobile computing, security, networking, distributed systems, SDN, and cloud computing.",
        "Email": "zmao@umich.edu",
        "Name": "Mao, Zhuoqing Morley",
        "Phone number": "Phone: (734) 763-5407"
    },
    {
        "Position": "Missing",
        "Research Interest": "Research Interests: Cross-layer systems architectures for emerging applications, datacenter and warehouse-scale computer architecture, and hardware / software co-design.",
        "Email": "profmars@umich.edu",
        "Name": "Mars, Jason",
        "Phone number": "Phone: 734-763-3229"
    },
    {
        "Position": "Missing",
        "Research Interest": "Web:  https://web.eecs.umich.edu/~martinjs/",
        "Email": "martinjs@umich.edu",
        "Name": "Martin Strauss",
        "Phone number": "Office: 2074 East Hall"
    },
    {
        "Position": "Missing",
        "Research Interest": "Research Interests: VLSI circuit design, VLSI testing, and VLSI layout tools",
        "Email": "mazum@umich.edu",
        "Name": "Mazumder, Pinaki",
        "Phone number": "Phone: (734) 763-2107"
    },
    {
        "Position": "Missing",
        "Research Interest": "Research Interests: Information retrieval, text mining, social network analysis, and biomedical informatics",
        "Email": "qmei@umich.edu",
        "Name": "Mei, Qiaozhu",
        "Phone number": "Phone: (734) 763-0076"
    },
    {
        "Position": "Missing",
        "Research Interest": "Research Interests: Fault-tolerant computing, model-based performability evaluation, computer and telecommunication networks",
        "Email": "jfm@umich.edu",
        "Name": "Meyer, John F.",
        "Phone number": "Phone: (734) 763-0037"
    },
    {
        "Position": "Missing",
        "Research Interest": "Research Interests: Natural language processing, computational social sciences, multimodal tracking and understanding of human behavior.",
        "Email": "mihalcea@umich.edu",
        "Name": "Mihalcea, Rada",
        "Phone number": "Phone: 734-647-4088"
    },
    {
        "Position": "Missing",
        "Research Interest": "Office: 2641 Beyster Bldg.",
        "Email": "morgana@umich.edu",
        "Name": "Morgan, Andrew",
        "Phone number": "Missing"
    },
    {
        "Position": "Missing",
        "Research Interest": "Research Interests: Audio-visual modeling of human behavior focusing on emotion. Focus on assistive speech-based technologies.",
        "Email": "emilykmp@umich.edu",
        "Name": "Mower Provost, Emily",
        "Phone number": "Phone: 734-647-1802"
    },
    {
        "Position": "Missing",
        "Research Interest": "Research Interests: Large-scale data-intensive systems, database-as-a-service clouds, distributed systems, and crowdsourcing.",
        "Email": "mozafari@umich.edu",
        "Name": "Mozafari, Barzan",
        "Phone number": "Phone: (734) 763-3669"
    },
    {
        "Position": "Missing",
        "Research Interest": "Research Interests: Computer systems design, low power computing, parallel processing, computer-aided design, impact of technology.",
        "Email": "tnm@umich.edu",
        "Name": "Mudge, Trevor",
        "Phone number": "Phone: (734) 764-0203"
    },
    {
        "Position": "Missing",
        "Research Interest": "Web:  https://viswa.engin.umich.edu/",
        "Email": "viswa@umich.edu",
        "Name": "Nagarajan, Viswanath",
        "Phone number": "Office: 2713 IOE 1205 Beal Ave"
    },
    {
        "Position": "Missing",
        "Research Interest": "Web:  http://najarianlab.ccmb.med.umich.edu/",
        "Email": "kayvan@umich.edu",
        "Name": "Najarian, Kayvan",
        "Phone number": "Office: NCRC B10-A111"
    },
    {
        "Position": "Missing",
        "Research Interest": "Research Interests: Computer Architecture; Program Analysis; Dependable Systems; Programmer Productivity; Parallel Computing",
        "Email": "nsatish@umich.edu",
        "Name": "Narayanasamy, Satish",
        "Phone number": "Phone: (734) 764-6984"
    },
    {
        "Position": "Missing",
        "Research Interest": "Web:  http://michael-nebeling.de/",
        "Email": "nebeling@umich.edu",
        "Name": "Nebeling, Michael",
        "Phone number": "Office: 105 S. State St."
    },
    {
        "Position": "Missing",
        "Research Interest": "Web:  http://mwnewman.people.si.umich.edu/",
        "Email": "mwnewman@umich.edu",
        "Name": "Newman, Mark W",
        "Phone number": "Office: 4380 North Quad"
    },
    {
        "Position": "Missing",
        "Research Interest": "Web:  http://dept.stat.lsa.umich.edu/~xuanlong/",
        "Email": "xuanlong@umich.edu",
        "Name": "Nguyen, Long",
        "Phone number": "Missing"
    },
    {
        "Position": "Missing",
        "Research Interest": "Web:  https://bnoble.engin.umich.edu/",
        "Email": "bnoble@umich.edu",
        "Name": "Noble, Brian",
        "Phone number": "Office: 4641 Beyster Bldg."
    },
    {
        "Position": "Missing",
        "Research Interest": "Research Interests: Finding ways for robots to sense and understand their environment while coping with uncertainty and ambiguity, multi-autonomous systems.",
        "Email": "ebolson@umich.edu",
        "Name": "Olson, Edwin",
        "Phone number": "Phone: (734) 647-1049"
    },
    {
        "Position": "Missing",
        "Research Interest": "Research Interests: Fundamentally improving the programming experience for computational and data scientists, web app programmers, students and educators, and for people with disabilities who cannot effectively use other programming tools.",
        "Email": "comar@umich.edu",
        "Name": "Omar, Cyrus",
        "Phone number": "Phone: (734)647-4712"
    },
    {
        "Position": "Missing",
        "Research Interest": "Web:  http://from.so/",
        "Email": "soney@umich.edu",
        "Name": "Oney, Stephen",
        "Phone number": "Office: 4381 North Quad, 105 S. State St."
    },
    {
        "Position": "Missing",
        "Research Interest": "Phone: 734-763-8205",
        "Email": "paoletti@umich.edu",
        "Name": "Paoletti, David Robert",
        "Phone number": "Missing"
    },
    {
        "Position": "Missing",
        "Research Interest": "Research Interests: Cryptography, lattices, coding theory, algorithms, and computational complexity. A particular focus is on cryptographic schemes whose security can be based on the apparent intractability of  lattice problems.",
        "Email": "cpeikert@umich.edu",
        "Name": "Peikert, Christopher",
        "Phone number": "Phone: 734-936-2974"
    },
    {
        "Position": "Missing",
        "Research Interest": "Office: 4251 Plymouth Rd #2500",
        "Email": "rpendse@umich.edu",
        "Name": "Pendse, Ravi",
        "Phone number": "Missing"
    },
    {
        "Position": "Missing",
        "Research Interest": "Research Interests: Natural language processing, multi modal and cross-cultural approaches for deception detection and sentiment analysis, behavioral signal processing",
        "Email": "vrncapr@umich.edu",
        "Name": "Perez-Rosas, Veronica",
        "Phone number": "Office: 2709 Beyster Bldg."
    },
    {
        "Position": "Missing",
        "Research Interest": "Research Interests: Optimization algorithms, data structures, parallel and distributed computing, graph theory, and combinatorics.",
        "Email": "pettie@umich.edu",
        "Name": "Pettie, Seth",
        "Phone number": "Phone: (734) 615-4210"
    },
    {
        "Position": "Missing",
        "Research Interest": "Research Interests: Security policy management, software infrastructure to support collaborative work, privacy in pervasive computing, intrusion detection, group security, operating system security, scientific collaboratories.",
        "Email": "aprakash@umich.edu",
        "Name": "Prakash, Atul",
        "Phone number": "Phone: (734) 763-1585"
    },
    {
        "Position": "Missing",
        "Research Interest": "Web:  https://sararampazzi.com/",
        "Email": "srampazz@umich.edu",
        "Name": "Rampazzi, Sara",
        "Phone number": "Missing"
    },
    {
        "Position": "Missing",
        "Research Interest": "Research Interests: Mobile learning software development, tactile programming, methods for bringing technology into the classroom, and studying the effects of social networking and collaboration on learning.",
        "Email": "jringenb@umich.edu",
        "Name": "Ringenberg, Jeffrey S.",
        "Phone number": "Office: 2633 Beyster Bldg."
    },
    {
        "Position": "Missing",
        "Research Interest": "Web:  http://www.dromero.org/",
        "Email": "drom@umich.edu",
        "Name": "Romero, Daniel",
        "Phone number": "Missing"
    },
    {
        "Position": "Missing",
        "Research Interest": "Phone: (734) 764-9418",
        "Email": "rounds@umich.edu",
        "Name": "Rounds, Bill",
        "Phone number": "Missing"
    },
    {
        "Position": "Missing",
        "Research Interest": "Research Interests: Computer-aided design of electronic systems, Boolean satisfiability, discrete optimization, and hardware and software verification.",
        "Email": "karem@umich.edu",
        "Name": "Sakallah, Karem A.",
        "Phone number": "Phone: (734) 936-1350"
    },
    {
        "Position": "Missing",
        "Research Interest": "Research Interests: Human-computer interaction, wireless technology, and embedded systems, with the goal of tackling the critical bottlenecks that limit interactive sensing systems with an eye towards reducing deployment barriers and ensuring scalability.",
        "Email": "apsample@umich.edu",
        "Name": "Sample, Alanson",
        "Phone number": "Phone: (253) 642-7287"
    },
    {
        "Position": "Missing",
        "Research Interest": "Research Interests: Efficient graph algorithms and data structures, essentially for dynamic and distributed models.",
        "Email": "thsa@umich.edu",
        "Name": "Saranurak, Thatchaphol",
        "Phone number": "Missing"
    },
    {
        "Position": "Missing",
        "Research Interest": "Web:  https://www.si.umich.edu/people/florian-schaub",
        "Email": "fschaub@umich.edu",
        "Name": "Schaub, Florian",
        "Phone number": "Missing"
    },
    {
        "Position": "Missing",
        "Research Interest": "Research Interests: Wireless/mobile computation and networks, security and dependability, cyber-physical systems, embedded real-time systems.",
        "Email": "kgshin@umich.edu",
        "Name": "Shin, Kang G.",
        "Phone number": "Phone: (734) 763-0391"
    },
    {
        "Position": "Missing",
        "Research Interest": "Office: 2260 Hayward",
        "Email": "krjgsmth@umich.edu",
        "Name": "Smith, Kristopher",
        "Phone number": "Missing"
    },
    {
        "Position": "Missing",
        "Research Interest": "Phone: (734) 763-8164",
        "Email": "matsmith@umich.edu",
        "Name": "Smith, Matthew",
        "Phone number": "Missing"
    },
    {
        "Position": "Missing",
        "Research Interest": "Research Interests: Artificial intelligence and software engineering, Artificial intelligence and education.",
        "Email": "soloway@umich.edu",
        "Name": "Soloway, Elliot",
        "Phone number": "Phone: (734) 936-1562"
    },
    {
        "Position": "Missing",
        "Research Interest": "Research Interests: Parallel computing, algorithms, supercomputing applied to problems in science and engineering, optimizing clinical trials",
        "Email": "qstout@umich.edu",
        "Name": "Stout, Quentin F.",
        "Phone number": "Phone: (734) 763-1518"
    },
    {
        "Position": "Missing",
        "Research Interest": "Research Interests: Computer architecture and compiler and runtime systems, especially such systems for large scale data centers.",
        "Email": "lingjia@umich.edu",
        "Name": "Tang, Lingjia",
        "Phone number": "Phone: 734-763-2548"
    },
    {
        "Position": "Missing",
        "Research Interest": "Research Interests: Stochastic control, decentralized stochastic systems, communication and queueing networks, stochastic scheduling and resource allocation problems, discrete event systems, mathematical economics",
        "Email": "teneket@umich.edu",
        "Name": "Teneketzis, Demosthenis",
        "Phone number": "Phone: (734) 763-0598"
    },
    {
        "Position": "Missing",
        "Research Interest": "Research Interests: Database design and data warehousing, OLAP, data mining, performance of computer systems",
        "Email": "teorey@umich.edu",
        "Name": "Teorey, Toby",
        "Phone number": "Missing"
    },
    {
        "Position": "Missing",
        "Research Interest": "Web:  https://ambujtewari.github.io/",
        "Email": "tewaria@umich.edu",
        "Name": "Tewari, Ambuj",
        "Phone number": "Office: 454 West Hall"
    },
    {
        "Position": "Missing",
        "Research Interest": "Research Interests: Logic in Artifical Intelligence, Computational LInguistics, especially Natural Language Generation",
        "Email": "rich@thomason.org",
        "Name": "Thomason, Richmond H.",
        "Phone number": "Office: 2251 Angell Hall"
    },
    {
        "Position": "Missing",
        "Research Interest": "Research Interests: Theory of computation with applications to Machine Learning and Cryptography.",
        "Email": "ilyavol@umich.edu",
        "Name": "Volkovich, Ilya",
        "Phone number": "Phone: 734-936-1272"
    },
    {
        "Position": "Missing",
        "Research Interest": "Research Interests: Audio and music processing, psychoacoustics, and sound quality engineering.",
        "Email": "ghw@umich.edu",
        "Name": "Wakefield, Gregory H.",
        "Phone number": "Office: 3637 Beyster"
    },
    {
        "Position": "Missing",
        "Research Interest": "Research Interests: Natural language processing, computational social sciences, machine learning",
        "Email": "wangluxy@umich.edu",
        "Name": "Wang, Lu",
        "Phone number": "Phone: (734)764-6894"
    },
    {
        "Position": "Missing",
        "Research Interest": "Research Interests: The development of foundational program synthesis techniques that are applicable to automating real-world programming tasks and in developing and applying program analysis techniques in the context of software security and software engineering.",
        "Email": "xwangsd@umich.edu",
        "Name": "Wang, Xinyu",
        "Phone number": "Office: TBD "
    },
    {
        "Position": "Missing",
        "Research Interest": "Research Interests: Human-computer interaction, artificial intelligence in education, computer supported collaborative learning and work, human-AI interaction, learning sciences and technologies, cognitive science.",
        "Email": "xwanghci@umich.edu",
        "Name": "Wang, Xu",
        "Phone number": "Missing"
    },
    {
        "Position": "Missing",
        "Research Interest": "Research Interests: Programming languages; software engineering; medical imaging; program analysis, synthesis and improvement.",
        "Email": "weimerw@umich.edu",
        "Name": "Weimer, Westley",
        "Phone number": "Phone: 734-615-9916"
    },
    {
        "Position": "Missing",
        "Research Interest": "Web:  https://welch-lab.github.io/",
        "Email": "welchjd@umich.edu",
        "Name": "Welch, Joshua",
        "Phone number": "Missing"
    },
    {
        "Position": "Missing",
        "Research Interest": "Research Interests: Artificial Intelligence, Electronic Commerce",
        "Email": "wellman@umich.edu",
        "Name": "Wellman, Michael",
        "Phone number": "Phone: (734) 764-8504"
    },
    {
        "Position": "Missing",
        "Research Interest": "Research Interests: Computer architecture, including multiprocessor and multicore systems, multicore programmability, data center architecture, and performance evaluation methodology.",
        "Email": "twenisch@umich.edu",
        "Name": "Wenisch, Thomas F.",
        "Phone number": "Phone: (734) 647-7959"
    },
    {
        "Position": "Missing",
        "Research Interest": "Research Interests: Artificial Intelligence, Machine Learning, Computational Healthcare",
        "Email": "wiensj@umich.edu",
        "Name": "Wiens, Jenna",
        "Phone number": "Phone: 734-647-4832"
    },
    {
        "Position": "Missing",
        "Research Interest": "Web:  http://web.eecs.umich.edu/~don",
        "Email": "don@umich.edu",
        "Name": "Winsor, Donald C.",
        "Phone number": "Office: 4403 EECS"
    },
    {
        "Position": "Missing",
        "Research Interest": "Web:  https://www.ayarger.com/",
        "Email": "ayarger@umich.edu",
        "Name": "Yarger, Austin",
        "Phone number": "Office: 3611 Beyster"
    },
    {
        "Position": "Missing",
        "Research Interest": "Office: 2035 Palmer Commons",
        "Email": "jpye@umich.edu",
        "Name": "Ye, Jieping",
        "Phone number": "Missing"
    }
]