[
    {
        "Position": " Distinguished Professor ",
        "Name": "Divyakant Agrawal",
        "Phone number": " (805) 893-4385 ",
        "Email": " agrawal@cs.ucsb.edu ",
        "Research Interest": "Missing"
    },
    {
        "Position": " Professor ",
        "Name": "Kevin C. Almeroth",
        "Phone number": " (805) 893-2777 ",
        "Email": " almeroth@cs.ucsb.edu ",
        "Research Interest": "Missing"
    },
    {
        "Position": " Assistant Professor ",
        "Name": "Prabhanjan Ananth",
        "Phone number": " ",
        "Email": " TBA ",
        "Research Interest": "Missing"
    },
    {
        "Position": " Assistant Professor ",
        "Name": "Jonathan Balkind",
        "Phone number": " ",
        "Email": " jbalkind@ucsb.edu ",
        "Research Interest": "Missing"
    },
    {
        "Position": " Professor ",
        "Name": "Elizabeth M. Belding",
        "Phone number": " (805) 893-3411 ",
        "Email": " ebelding@cs.ucsb.edu ",
        "Research Interest": "Missing"
    },
    {
        "Position": " Assistant Professor ",
        "Name": "Michael Beyeler",
        "Phone number": " 805-893-4321 ",
        "Email": " mbeyeler@ucsb.edu ",
        "Research Interest": "Missing"
    },
    {
        "Position": " Professor &amp; Chair ",
        "Name": "Tevfik Bultan",
        "Phone number": " (805) 893-3735 ",
        "Email": " bultan@cs.ucsb.edu ",
        "Research Interest": "Missing"
    },
    {
        "Position": " Professor Emeritus ",
        "Name": "Peter Cappello",
        "Phone number": " ",
        "Email": " cappello@cs.ucsb.edu ",
        "Research Interest": "Missing"
    },
    {
        "Position": " Assistant Professor ",
        "Name": "Shumo Chu",
        "Phone number": " ",
        "Email": " shumo@ucsb.edu ",
        "Research Interest": "Missing"
    },
    {
        "Position": " Teaching Professor ",
        "Name": "Phillip Conrad",
        "Phone number": " ",
        "Email": " pconrad@engineering.ucsb.edu ",
        "Research Interest": "Missing"
    },
    {
        "Position": " Professor ",
        "Name": "Wim van Dam",
        "Phone number": " ",
        "Email": " vandam@cs.ucsb.edu ",
        "Research Interest": "Missing"
    },
    {
        "Position": " Assistant Professor ",
        "Name": "Yufei Ding",
        "Phone number": " (757) 634-1478. ",
        "Email": " yufeiding@cs.ucsb.edu ",
        "Research Interest": "Missing"
    },
    {
        "Position": " Professor ",
        "Name": "\\xc3\\x96mer E\\xc4\\x9fecio\\xc4\\x9flu",
        "Phone number": " (805) 893-3529 ",
        "Email": " omer@cs.ucsb.edu ",
        "Research Interest": "Missing"
    },
    {
        "Position": " Distinguished Professor ",
        "Name": "Amr El Abbadi",
        "Phone number": " (805) 893-4239 ",
        "Email": " amr@cs.ucsb.edu ",
        "Research Interest": "Missing"
    },
    {
        "Position": " Assistant Professor ",
        "Name": "Yu Feng",
        "Phone number": " ",
        "Email": " yufeng@cs.ucsb.edu ",
        "Research Interest": "Missing"
    },
    {
        "Position": " Professor ",
        "Name": "Frederic G. Gibou",
        "Phone number": " (805) 893-7152 ",
        "Email": " fgibou@engineering.ucsb.edu ",
        "Research Interest": "Missing"
    },
    {
        "Position": " Professor &amp; Vice Chair ",
        "Name": "John Gilbert",
        "Phone number": " (805) 448-6438 ",
        "Email": " gilbert@cs.ucsb.edu ",
        "Research Interest": "Missing"
    },
    {
        "Position": " Professor Emeritus ",
        "Name": "Teofilo F. Gonzalez",
        "Phone number": " (805) 893-3849 ",
        "Email": " teo@cs.ucsb.edu ",
        "Research Interest": "Missing"
    },
    {
        "Position": " Assistant Professor ",
        "Name": " Trinabh Gupta",
        "Phone number": " ",
        "Email": " trinabh@cs.ucsb.edu ",
        "Research Interest": "Missing"
    },
    {
        "Position": " Assistant Professor ",
        "Name": "Arpit Gupta",
        "Phone number": " ",
        "Email": " arpitgupta@cs.ucsb.edu ",
        "Research Interest": "Missing"
    },
    {
        "Position": " Professor &amp; Vice Chair ",
        "Name": "Ben Hardekopf",
        "Phone number": " ",
        "Email": " benh@cs.ucsb.edu ",
        "Research Interest": "Missing"
    },
    {
        "Position": " Professor ",
        "Name": "Tobias H\\xc3\\xb6llerer",
        "Phone number": " (805) 284-9395 ",
        "Email": " holl@cs.ucsb.edu ",
        "Research Interest": "Missing"
    },
    {
        "Position": " Distinguished Professor Emeritus ",
        "Name": "Oscar H. Ibarra",
        "Phone number": " ",
        "Email": " ibarra@cs.ucsb.edu ",
        "Research Interest": "Missing"
    },
    {
        "Position": " Distinguished Professor Emeritus ",
        "Name": "Richard A. Kemmerer",
        "Phone number": " (805) 893-4232 ",
        "Email": " kemm@cs.ucsb.edu ",
        "Research Interest": "Missing"
    },
    {
        "Position": " Assistant Teaching Professor ",
        "Name": "Yekaterina (Kate) Kharitonova",
        "Phone number": " ",
        "Email": " ykk@cs.ucsb.edu ",
        "Research Interest": "Missing"
    },
    {
        "Position": " Lecturer ",
        "Name": "\\xc3\\x87etin Kaya Ko\\xc3\\xa7",
        "Phone number": " 805 403 4191 ",
        "Email": " koc@cs.ucsb.edu ",
        "Research Interest": "Missing"
    },
    {
        "Position": " Professor &amp; Vice Chair ",
        "Name": "Chandra Krintz",
        "Phone number": " ",
        "Email": " ckrintz@ucsb.edu ",
        "Research Interest": "Missing"
    },
    {
        "Position": " Professor ",
        "Name": "Christopher Kruegel",
        "Phone number": " ",
        "Email": " chris@cs.ucsb.edu ",
        "Research Interest": "Missing"
    },
    {
        "Position": " Associate Professor ",
        "Name": "Daniel Lokshtanov",
        "Phone number": " ",
        "Email": " daniello@ucsb.edu ",
        "Research Interest": "Missing"
    },
    {
        "Position": " Lecturer ",
        "Name": "Ziad Matni",
        "Phone number": " (805) 893-4882 ",
        "Email": " zmatni@cs.ucsb.edu ",
        "Research Interest": "Missing"
    },
    {
        "Position": " Associate Teaching Professor ",
        "Name": "Diba Mirza",
        "Phone number": " ",
        "Email": " dimirza@cs.ucsb.edu ",
        "Research Interest": "Missing"
    },
    {
        "Position": " Distinguished Professor ",
        "Name": "Linda Petzold",
        "Phone number": " (805) 893-5362 ",
        "Email": " petzold@cs.ucsb.edu ",
        "Research Interest": "Missing"
    },
    {
        "Position": " Professor ",
        "Name": "Timothy Sherwood",
        "Phone number": " ",
        "Email": " sherwood@cs.ucsb.edu ",
        "Research Interest": "Missing"
    },
    {
        "Position": " Professor ",
        "Name": "Ambuj K. Singh",
        "Phone number": " (805) 893-3236 ",
        "Email": " ambuj@cs.ucsb.edu ",
        "Research Interest": "Missing"
    },
    {
        "Position": " Professor Emeritus ",
        "Name": "Terrence Smith",
        "Phone number": " ",
        "Email": " smithtr@cs.ucsb.edu ",
        "Research Interest": "Missing"
    },
    {
        "Position": " Assistant Professor ",
        "Name": "Misha Sra",
        "Phone number": " ",
        "Email": " sra@cs.ucsb.edu ",
        "Research Interest": "Missing"
    },
    {
        "Position": " Professor ",
        "Name": "Jianwen Su",
        "Phone number": " (805) 893-3698 ",
        "Email": " su@cs.ucsb.edu ",
        "Research Interest": "Missing"
    },
    {
        "Position": " Distinguished Professor ",
        "Name": "Subhash Suri",
        "Phone number": " (805) 893-8856 ",
        "Email": " suri@cs.ucsb.edu ",
        "Research Interest": "Missing"
    },
    {
        "Position": " Professor Emeritus ",
        "Name": "Matthew Turk",
        "Phone number": " ",
        "Email": " mturk@cs.ucsb.edu ",
        "Research Interest": "Missing"
    },
    {
        "Position": " Professor ",
        "Name": "Giovanni Vigna",
        "Phone number": " ",
        "Email": " vigna@cs.ucsb.edu ",
        "Research Interest": "Missing"
    },
    {
        "Position": " Assistant Teaching Professor ",
        "Name": "Richert Wang",
        "Phone number": " ",
        "Email": " richert@cs.ucsb.edu ",
        "Research Interest": "Missing"
    },
    {
        "Position": " Assistant Professor ",
        "Name": "William Wang",
        "Phone number": " ",
        "Email": " william@cs.ucsb.edu ",
        "Research Interest": "Missing"
    },
    {
        "Position": " Assistant Professor ",
        "Name": "Yu-Xiang Wang",
        "Phone number": " ",
        "Email": " yuxiangw@cs.ucsb.edu ",
        "Research Interest": "Missing"
    },
    {
        "Position": " Professor ",
        "Name": "Yuan-Fang Wang",
        "Phone number": " (805) 893-3866 ",
        "Email": " yfwang@cs.ucsb.edu ",
        "Research Interest": "Missing"
    },
    {
        "Position": " Professor ",
        "Name": "Rich Wolski",
        "Phone number": " ",
        "Email": " rich@cs.ucsb.edu ",
        "Research Interest": "Missing"
    },
    {
        "Position": " Professor ",
        "Name": "Xifeng Yan",
        "Phone number": " (805) 699-6018 ",
        "Email": " xyan@cs.ucsb.edu ",
        "Research Interest": "Missing"
    },
    {
        "Position": " Assistant Professor ",
        "Name": "Lingqi Yan",
        "Phone number": " ",
        "Email": " lingqi@cs.ucsb.edu ",
        "Research Interest": "Missing"
    },
    {
        "Position": " Professor ",
        "Name": "Tao Yang",
        "Phone number": " ",
        "Email": " tyang@cs.ucsb.edu ",
        "Research Interest": "Missing"
    },
    {
        "Position": " (805) 893- 5169 ",
        "Name": " Mechanical Engineering ",
        "Phone number": " bullo@engineering.ucsb.edu ",
        "Email": " 2325 Engineering II ",
        "Research Interest": "Missing"
    },
    {
        "Position": " ",
        "Name": " Electrical &amp; Computer Engineering ",
        "Phone number": " shiv@ece.ucsb.edu ",
        "Email": " 3109 Harold Frank Hall ",
        "Research Interest": "Missing"
    },
    {
        "Position": " (805) 893-7294 ",
        "Name": " Electrical and Computer Engineering ",
        "Phone number": " timcheng@ece.ucsb.edu ",
        "Email": " 4109 Harold Frank Hall ",
        "Research Interest": "Missing"
    },
    {
        "Position": " ",
        "Name": " University of Chicago ",
        "Phone number": " chong@cs.ucsb.edu ",
        "Email": " ",
        "Research Interest": "Missing"
    },
    {
        "Position": " ",
        "Name": " University of Chicago ",
        "Phone number": " franklin@cs.ucsb.edu ",
        "Email": " ",
        "Research Interest": "Missing"
    },
    {
        "Position": " 805-893-3105 ",
        "Name": " Media Arts and Technology ",
        "Phone number": " jmjacobs@ucsb.edu ",
        "Email": " 2215 Elings Hall ",
        "Research Interest": "Missing"
    },
    {
        "Position": " ",
        "Name": " Adjunct Professor ",
        "Phone number": " rachel@cs.washington.edu ",
        "Email": " ",
        "Research Interest": "Missing"
    },
    {
        "Position": " (805) 893-7112 ",
        "Name": " Electrical &amp; Computer Engineering ",
        "Phone number": " manj@ece.ucsb.edu ",
        "Email": " 3157 Engineering I ",
        "Research Interest": "Missing"
    },
    {
        "Position": " (805) 893-8438 ",
        "Name": " Electrical &amp; Computer Engineering ",
        "Phone number": " pmms@ece.ucsb.edu ",
        "Email": " 5161 Engineering I ",
        "Research Interest": "Missing"
    },
    {
        "Position": " ",
        "Name": " Electrical and Computer Engineering ",
        "Phone number": " ymostofi@ece.ucsb.edu ",
        "Email": " Harold Frank Hall 5121 ",
        "Research Interest": "Missing"
    },
    {
        "Position": " (805) 893-4265 ",
        "Name": " Electrical &amp; Computer Engineering ",
        "Phone number": " psen@ece.ucsb.edu ",
        "Email": " 5117 Harold Frank Hall ",
        "Research Interest": "Missing"
    },
    {
        "Position": " ",
        "Name": " Adjunct Professor ",
        "Phone number": " tessaro@cs.washington.edu ",
        "Email": " ",
        "Research Interest": "Missing"
    },
    {
        "Position": " (805) 893-5563 ",
        "Name": " Electrical and Computer Engineering ",
        "Phone number": " yuanxie@ece.ucsb.edu ",
        "Email": " 5159 Harold Frank Hall ",
        "Research Interest": "Missing"
    },
    {
        "Position": " (805) 893-7294 ",
        "Name": " Electrical &amp; Computer Engineering ",
        "Phone number": " zhengzhang@ece.ucsb.edu ",
        "Email": " 4109 Harold Frank Hall ",
        "Research Interest": "Missing"
    },
    {
        "Position": " ",
        "Name": " University of Chicago ",
        "Phone number": " ravenben@cs.ucsb.edu ",
        "Email": " ",
        "Research Interest": "Missing"
    },
    {
        "Position": " ",
        "Name": " University of Chicago ",
        "Phone number": " htzheng@cs.ucsb.edu ",
        "Email": " ",
        "Research Interest": "Missing"
    }
]