[
    {
        "Research Interest": "  Professor    746 Sutardja Dai Hall, (510) 642-7034; pabbeel@cs.berkeley.edu  Research Interests:   Artificial Intelligence (AI) Control, Intelligent Systems, and Robotics (CIR)   Education:  2008, Ph.D., Computer Science, Stanford University; 2000, M.S., Electrical Engineering, KU Leuven, Belgium  Office Hours:  arrange via email  Teaching Schedule (Fall 2020): CS 298-15. BAIR First-year Proseminar , We 1:00PM - 1:59PM, Internet/Online ",
        "Name": "Pieter Abbeel",
        "Position": "Professor ",
        "Email": "746 Sutardja Dai Hall, (510) 642-7034; pabbeel@cs.berkeley.edu "
    },
    {
        "Research Interest": "  Professor    579B Soda Hall, 510-642-6506; krste@berkeley.edu  Research Interests:   Computer Architecture &amp; Engineering (ARC) Integrated Circuits (INC) Operating Systems &amp; Networking (OSNT) Design, Modeling and Analysis (DMA)   Education:  1998, PhD, Computer Science, UC Berkeley; 1987, BA, Electrical and Information Sciences, University of Cambridge, UK  Office Hours:  Wednesday 8:30-9:30am, 567 Soda  Assistants:  Tammy Johnson, 565 Soda, 643-4816, tamille@eecs.berkeley.edu; Ria Melendres Briggs, 563 Soda, (510) 643-1455, riamelendres@berkeley.edu ",
        "Name": "Krste Asanovi\\xc4\\x87",
        "Position": "Professor ",
        "Email": "579B Soda Hall, 510-642-6506; krste@berkeley.edu "
    },
    {
        "Research Interest": "  Teaching Professor    517 Cory Hall, 510-642-9945; ayazifar@berkeley.edu  Research Interests:   Education (EDUC) Signal Processing (SP)   Education:  2003, Ph.D., Electrical Engineering and Computer Science, Massachusetts Institute of Technology; 1989, B.S., Electrical Engineering, Caltech  Teaching Schedule (Fall 2020): CS 198-59. Applications of Cloud Computing , Mo 7:00PM - 8:59PM, Internet/Online ",
        "Name": "Babak Ayazifar",
        "Position": "Teaching Professor ",
        "Email": "517 Cory Hall, 510-642-9945; ayazifar@berkeley.edu "
    },
    {
        "Research Interest": "  Adjunct Assistant Professor    579 Soda Hall; jrb@eecs.berkeley.edu  Research Interests:   Programming Systems (PS) Computer Architecture &amp; Engineering (ARC) Design, Modeling and Analysis (DMA)   Education:  1992, Ph.D., Computer Science, University of Massachusetts, Amherst; 1989, M.S., Computer Science, University of Massachusetts, Amherst; 1985, B.S., Computer Engineering and Cognitive Science, University of California, San Diego  Office Hours:  thu 10-11a, 579 Soda ",
        "Name": "Jonathan Bachrach",
        "Position": "Adjunct Assistant Professor ",
        "Email": "579 Soda Hall; jrb@eecs.berkeley.edu "
    },
    {
        "Research Interest": "  Professor Emerita    719 Sutardja Dai Hall, 510-642-9423; bajcsy@eecs.berkeley.edu  Research Interests:   Artificial Intelligence (AI) Biosystems &amp; Computational Biology (BIO) Control, Intelligent Systems, and Robotics (CIR) Graphics (GR) Human-Computer Interaction (HCI) Security (SEC)   Education:  1972, Ph.D., Computer Science, Stanford University; 1968, Ph.D., Electrical Engineering, Slovak Technical University, Bratislava, Slovak Republic; 1957, M.S., Electrical Engineering, Slovak Technical University, Bratislava, Slovak Republic  Office Hours:  M W 9-10, 719 Sutardja Dai  Teaching Schedule (Fall 2020): CS H196A-13. Senior Honors Thesis Research  ",
        "Name": "Ruzena Bajcsy",
        "Position": "Professor Emerita ",
        "Email": "719 Sutardja Dai Hall, 510-642-9423; bajcsy@eecs.berkeley.edu "
    },
    {
        "Research Interest": "  Lecturer    625 Soda Hall; ball@berkeley.edu  Research Interests:   Education (EDUC) Human-Computer Interaction (HCI)   Education:  2016, MS, Computer Science, UC Berkeley; 2015, BA, Computer Science, UC Berkeley  Office Hours:  Tuesday 12-1pm (CS88); Thursday 11-12pm (CS169)  Teaching Schedule (Fall 2020): CS 88. Computational Structures in Data Science , MoWe 3:00PM - 3:59PM, Internet/Online  CS W169A. Software Engineering CS 198-93. Cubstart: Learn How to Build , Tu 6:00PM - 7:29PM, Internet/Online  CS 294-188. Design and Evaluation of Processes for Teaching Computer Science at Scale , We 6:00PM - 6:59PM, Internet/Online , Tu 7:00PM - 7:59PM, Internet/Online , Tu 7:00PM - 7:59PM, Internet/Online , Tu 7:00PM - 7:59PM, Internet/Online , Tu 7:00PM - 7:59PM, Internet/Online , Tu 7:00PM - 7:59PM, Internet/Online , Tu 7:00PM - 7:59PM, Internet/Online , Tu 7:00PM - 7:59PM, Internet/Online ",
        "Name": "Michael Ball",
        "Position": "Lecturer ",
        "Email": "625 Soda Hall; ball@berkeley.edu "
    },
    {
        "Research Interest": "  Below The Line Assistant Professor    dbamman@berkeley.edu  Education:  2015, Ph.D., Computer Science (Language Technologies Institute), Carnegie Mellon University; 2006, M.A., Applied Linguistics, Boston University; 1998, B.A., Classics, University of Wisconsin-Madison ",
        "Name": "David Bamman",
        "Position": "Below The Line Assistant Professor ",
        "Email": "dbamman@berkeley.edu "
    },
    {
        "Research Interest": "  Professor Emeritus , Professor in the Graduate School   443 Soda Hall; barsky@berkeley.edu  Research Interests:   Graphics (GR) Biosystems &amp; Computational Biology (BIO) Human-Computer Interaction (HCI) Signal Processing (SP)   Education:  1981, Ph.D., Computer Science, University of Utah, Salt Lake City; 1978, M.S., Computer Graphics/Computer Science, Cornell University; 1976, B.Sc., Mathematics/Computer Science, McGill University; 1973, D.C.S., Engineering, McGill University  Office Hours:  By email appointment only  Teaching Schedule (Fall 2020): CS 24. Boeing 737 MAX: Money, Machines, and Morals in Conflict , Tu 4:00PM - 5:59PM, Internet/Online ",
        "Name": "Brian A. Barsky",
        "Position": "Professor Emeritus , Professor in the Graduate School",
        "Email": "443 Soda Hall; barsky@berkeley.edu "
    },
    {
        "Research Interest": "  Professor    723 Sutardja Dai Hall, 510-642-7780; bartlett@eecs.berkeley.edu  Research Interests:   Artificial Intelligence (AI) Control, Intelligent Systems, and Robotics (CIR)   Education:  1992, Ph.D., Information Technology and Electrical Engineering, University of Queensland, Australia  Office Hours:  Wed., 1:00pm-2:00pm, 399 Evans; Thurs., 11:00am-12:00pm, 723 Sutardja Dai  Teaching Schedule (Fall 2020): CS 198-110. Machine Learning in Healthcare , We 7:30PM - 9:29PM, Internet/Online ",
        "Name": "Peter Bartlett",
        "Position": "Professor ",
        "Email": "723 Sutardja Dai Hall, 510-642-7780; bartlett@eecs.berkeley.edu "
    },
    {
        "Research Interest": "  Professor    642 Sutardja Dai Hall, (510) 642-2468; bayen@berkeley.edu  Research Interests:   Control, Intelligent Systems, and Robotics (CIR) Artificial Intelligence (AI) Cyber-Physical Systems and Design Automation (CPSDA)   Education:  2003, Ph.D., Aeronautics and Astronautics, Stanford University; 1999, M.S., Aeronautics and Astronautics, Stanford University; 1998, Engineering, Applied Mathematics, Ecole Polytechnique, France  Office Hours:  Tue./Thu. 12:30pm-1:30pm, 258 Cory ",
        "Name": "Alexandre Bayen",
        "Position": "Professor ",
        "Email": "642 Sutardja Dai Hall, (510) 642-2468; bayen@berkeley.edu "
    },
    {
        "Research Interest": "  Professor Emeritus    621 Soda Hall; blum@cs.berkeley.edu  Education:  1964, Ph.D., Mathematics, MIT; 1961, M.S., Electrical Engineering, MIT; 1959, B.S., Electrical Engineering, MIT ",
        "Name": "Manuel Blum",
        "Position": "Professor Emeritus ",
        "Email": "621 Soda Hall; blum@cs.berkeley.edu "
    },
    {
        "Research Interest": "  Professor    borgs@berkeley.edu  Research Interests:   Artificial Intelligence (AI) Theory (THY)   Education:  1987, PhD, Mathematical Physics, Max-Planck-Institute and Universitat Munchen  Teaching Schedule (Fall 2020): CS 294-179. Network Structure and Epidemics , TuTh 2:30PM - 3:59PM, Internet/Online ",
        "Name": "Christian Borgs",
        "Position": "Professor ",
        "Email": "borgs@berkeley.edu "
    },
    {
        "Research Interest": "  Professor Emeritus    417 Sutardja Dai Hall, 510-642-8143; brewer@cs.berkeley.edu  Research Interests:   Operating Systems &amp; Networking (OSNT) Energy (ENE) Security (SEC)   Education:  1994, Ph.D., EECS, MIT; 1989, B.S., EECS, UC Berkeley  Office Hours:  M 2:30-3:30, Th 1-2, 623 Soda ",
        "Name": "Eric Brewer",
        "Position": "Professor Emeritus ",
        "Email": "417 Sutardja Dai Hall, 510-642-8143; brewer@cs.berkeley.edu "
    },
    {
        "Research Interest": "  Adjunct Assistant Professor    aydin@eecs.berkeley.edu  Research Interests:   Scientific Computing (SCI) Programming Systems (PS) Biosystems &amp; Computational Biology (BIO) Computer Architecture &amp; Engineering (ARC)   Education:  2010, Ph.D., Computer Science, University of California, Santa Barbara ",
        "Name": "Aydin Bulu\\xc3\\xa7",
        "Position": "Adjunct Assistant Professor ",
        "Email": "aydin@eecs.berkeley.edu "
    },
    {
        "Research Interest": "  Professor , CS Division Chair   389 Soda Hall; canny@berkeley.edu  Research Interests:   Artificial Intelligence (AI) Control, Intelligent Systems, and Robotics (CIR) Graphics (GR) Human-Computer Interaction (HCI) Security (SEC)   Education:  1987, Ph.D., Electrical Engineering, MIT; 1983, M.S., Electrical Engineering, MIT; 1980, B.E. (Hons), Electrical Engineering, Adelaide University; 1979, B.Sc., Computer Science and Theoretical Physics, Adelaide University  Assistants:  Tom Silva, 510-642-7699, thomassilva@eecs.berkeley.edu ",
        "Name": "John F. Canny",
        "Position": "Professor , CS Division Chair",
        "Email": "389 Soda Hall; canny@berkeley.edu "
    },
    {
        "Research Interest": "  Assistant Professor    schasins@cs.berkeley.edu  Research Interests:   Programming Systems (PS) Human-Computer Interaction (HCI)   Education:  2019, Ph.D., Computer Science, University of California, Berkeley  Teaching Schedule (Fall 2020): CS 294-184. Building User-Centered Programming Tools , TuTh 11:00AM - 12:29PM, Internet/Online  CS 298-7. Research Culture and Community Norms , Tu 1:30PM - 2:59PM, Internet/Online ",
        "Name": "Sarah Chasins",
        "Position": "Assistant Professor ",
        "Email": "schasins@cs.berkeley.edu "
    },
    {
        "Research Interest": "  Professor    jchayes@berkeley.edu  Research Interests:   Information, Data, Network, and Communication Sciences (IDNCS) Theory (THY) Biosystems &amp; Computational Biology (BIO)   Education:  1983, PhD, Mathematical Physics, Princeton University ",
        "Name": "Jennifer Chayes",
        "Position": "Professor ",
        "Email": "jchayes@berkeley.edu "
    },
    {
        "Research Interest": "  Assistant Professor    785 Soda Hall; akcheung@cs.berkeley.edu  Research Interests:   Database Management Systems (DBMS) Programming Systems (PS)   Education:  2015, Ph.D., Computer Science, MIT  Teaching Schedule (Fall 2020): CS 186. Introduction to Database Systems , TuTh 5:00PM - 6:29PM, Internet/Online  CS 298-12. Database Seminar , Mo 3:00PM - 3:59PM, Internet/Online ",
        "Name": "Alvin Cheung",
        "Position": "Assistant Professor ",
        "Email": "785 Soda Hall; akcheung@cs.berkeley.edu "
    },
    {
        "Research Interest": "  Assistant Professor    683 Soda Hall; alexch@berkeley.edu  Research Interests:   Security (SEC) Theory (THY)   Education:  2014, Ph.D., Computer Science, MIT; 2010, M.Eng., Computer Science, MIT; 2009, B.S., Computer Science and Mathematics, MIT  Teaching Schedule (Fall 2020): CS 294-153. Foundations of Probabilistic Proofs , TuTh 11:00AM - 12:29PM, Internet/Online ",
        "Name": "Alessandro Chiesa",
        "Position": "Assistant Professor ",
        "Email": "683 Soda Hall; alexch@berkeley.edu "
    },
    {
        "Research Interest": "  Teaching Professor Emeritus    784 Soda Hall, 510-642-7017; clancy@cs.berkeley.edu  Research Interests:   Education (EDUC)   Education:  1971, B.S., Mathematics, University of Illinois, Champaign/Urbana  Office Hours:  by appointment, 784 Soda ",
        "Name": "Michael J. Clancy",
        "Position": "Teaching Professor Emeritus ",
        "Email": "784 Soda Hall, 510-642-7017; clancy@cs.berkeley.edu "
    },
    {
        "Research Interest": "  Professor in Residence    MS50A-1148 Lawrence Berkeley National Laboratory, 486-5412; pcolella@lbl.gov ",
        "Name": "Phillip Colella",
        "Position": "Professor in Residence ",
        "Email": "MS50A-1148 Lawrence Berkeley National Laboratory, 486-5412; pcolella@lbl.gov "
    },
    {
        "Research Interest": "  Assistant Professor    ncrooks@berkeley.edu  Research Interests:   Database Management Systems (DBMS) Operating Systems &amp; Networking (OSNT)   Education:  2019, Ph.D., Distributed Systems, University of Texas; 2012, BA, Computer Science and Law, University of Cambridge  Teaching Schedule (Fall 2020): CS 294-171. Privacy Preserving Systems , MoWe 2:00PM - 3:29PM, Internet/Online  CS 298-7. Research Culture and Community Norms , Tu 1:30PM - 2:59PM, Internet/Online  CS 298-12. Database Seminar , Mo 3:00PM - 3:59PM, Internet/Online ",
        "Name": "Natacha Crooks",
        "Position": "Assistant Professor ",
        "Email": "ncrooks@berkeley.edu "
    },
    {
        "Research Interest": "  Professor Emeritus    783 Soda Hall; culler@berkeley.edu  Research Interests:   Computer Architecture &amp; Engineering (ARC) Energy (ENE) Operating Systems &amp; Networking (OSNT) Cyber-Physical Systems and Design Automation (CPSDA) Programming Systems (PS) Security (SEC)   Education:  1989, Ph.D., MIT; 1985, M.S., MIT; 1980, B.A., U.C. Berkeley  Assistants:  David Schonenberg, 465A Soda, 4-5123, schonenberg@berkeley.edu ",
        "Name": "David E. Culler",
        "Position": "Professor Emeritus ",
        "Email": "783 Soda Hall; culler@berkeley.edu "
    },
    {
        "Research Interest": "  Professor in Residence    748 Sutardja Dai Hall; trevor@eecs.berkeley.edu  Research Interests:   Artificial Intelligence (AI) Control, Intelligent Systems, and Robotics (CIR)   Education:  1996, PhD, MAS, MIT; 1988, BSE, CS, U.Penn. ",
        "Name": "Trevor Darrell",
        "Position": "Professor in Residence ",
        "Email": "748 Sutardja Dai Hall; trevor@eecs.berkeley.edu "
    },
    {
        "Research Interest": "  Professor    564 Soda Hall, 510-643-5386; demmel@cs.berkeley.edu  Research Interests:   Computer Architecture &amp; Engineering (ARC) Scientific Computing (SCI)   Education:  1983, Ph.D., Computer Science, UC Berkeley; 1975, B.S., Mathematics, Caltech  Office Hours:  Wed, 8:30 - 9:30 am, 564 Soda  Assistants:  Tammy Johnson, 565 Soda, 643-4816, tamille@eecs.berkeley.edu ",
        "Name": "James Demmel",
        "Position": "Professor ",
        "Email": "564 Soda Hall, 510-643-5386; demmel@cs.berkeley.edu "
    },
    {
        "Research Interest": "  Associate Teaching Professor    denero@berkeley.edu  Research Interests:   Artificial Intelligence (AI) Education (EDUC)   Education:  2010, Ph.D., Computer Science, University of California, Berkeley; 2002, M.A., Philosophy, Stanford University; 2001, B.S., Mathematical &amp; Computational Science and Symbolic Systems, Stanford University  Office Hours:  See Homepage, 781 Soda  Teaching Schedule (Fall 2020): CS 47A. Self-paced courses CS 61A. The Structure and Interpretation of Computer Programs , MoWeFr 2:00PM - 2:59PM, Internet/Online  CS 198-4. Taking Our Place in the Tech Space , Tu 6:30PM - 7:59PM, Internet/Online  CS 198-74. ANova DeCal , Th 7:00PM - 7:59PM, Internet/Online ",
        "Name": "John DeNero",
        "Position": "Associate Teaching Professor ",
        "Email": "denero@berkeley.edu "
    },
    {
        "Research Interest": "  Assistant Professor    776 Sutardja Dai Hall; anca@berkeley.edu  Research Interests:   Artificial Intelligence (AI) Control, Intelligent Systems, and Robotics (CIR) Human-Computer Interaction (HCI)   Education:  2015, PhD, Robotics, Carnegie Mellon University; 2009, B.S., Computer Science, Jacobs University, Bremen  Teaching Schedule (Fall 2020): CS 188. Introduction to Artificial Intelligence , TuTh 5:00PM - 6:29PM, Internet/Online ",
        "Name": "Anca Dragan",
        "Position": "Assistant Professor ",
        "Email": "776 Sutardja Dai Hall; anca@berkeley.edu "
    },
    {
        "Research Interest": "  Associate Professor    550C Cory Hall; prabal@berkeley.edu  Research Interests:   Computer Architecture &amp; Engineering (ARC) Cyber-Physical Systems and Design Automation (CPSDA) Energy (ENE) Operating Systems &amp; Networking (OSNT)   Education:  2009, PhD, Computer Science, University of California, Berkeley; 1997, B.S., Electrical and Computer Engineering, Ohio State University  Assistants:  Mary Stewart, marys@eecs.berkeley.edu; Sarah Gaugler, 3117B Etcheverry, 2-4993, sarunyon@berkeley.edu  Teaching Schedule (Fall 2020): EECS 149. Introduction to Embedded Systems , TuTh 9:30AM - 10:59AM, Internet/Online  CS C249A. Introduction to Embedded Systems , TuTh 9:30AM - 10:59AM, Internet/Online  EE C249A. Introduction to Embedded Systems , TuTh 9:30AM - 10:59AM, Internet/Online  EE 375. Teaching Techniques for Electrical Engineering , TuWeTh 5:00PM - 6:29PM, Internet/Online , Tu 5:00PM - 6:29PM, Internet/Online ",
        "Name": "Prabal Dutta",
        "Position": "Associate Professor ",
        "Email": "550C Cory Hall; prabal@berkeley.edu "
    },
    {
        "Research Interest": "  Professor    724 Sutardja Dai Hall; efros@eecs.berkeley.edu  Research Interests:   Artificial Intelligence (AI) Graphics (GR)   Education:  2003, PhD, Computer Science, UC Berkeley; 1997, BS, Computer Science, University of Utah  Teaching Schedule (Fall 2020): CS 194-26. Intro to Computer Vision and Computational Photography , MoWe 5:00PM - 6:29PM, Internet/Online  CS 198-808. Virtual Reality Development , Th 2:00PM - 3:59PM, Internet/Online  CS 294-26. Intro to Computer Vision and Computational Photography , MoWe 5:00PM - 6:29PM, Internet/Online ",
        "Name": "Alexei (Alyosha) Efros",
        "Position": "Professor ",
        "Email": "724 Sutardja Dai Hall; efros@eecs.berkeley.edu "
    },
    {
        "Research Interest": "  Professor    421 Sutardja Dai Hall; elghaoui@eecs.berkeley.edu  Research Interests:   Control, Intelligent Systems, and Robotics (CIR)   Education:  1990, Ph.D., Aeronautics and Astronautics, Stanford; 1985, B.S., Mathematics, Ecole Polytechnique  Office Hours:  Wed., 9:00-10:00am, 421 Sutardja Dai  Teaching Schedule (Fall 2020): EE 227BT. Convex Optimization , TuTh 11:00AM - 12:29PM, Internet/Online ",
        "Name": "Laurent El Ghaoui",
        "Position": "Professor ",
        "Email": "421 Sutardja Dai Hall; elghaoui@eecs.berkeley.edu "
    },
    {
        "Research Interest": "  Professor    hfarid@berkeley.edu  Research Interests:   Graphics (GR)   Education:  1997, PhD, Computer Science, University of Pennsylvania  Teaching Schedule (Fall 2020): CS 47A. Self-paced courses CS 61A. The Structure and Interpretation of Computer Programs , MoWeFr 2:00PM - 2:59PM, Internet/Online ",
        "Name": "Hany Farid",
        "Position": "Professor ",
        "Email": "hfarid@berkeley.edu "
    },
    {
        "Research Interest": "  Professor Emeritus    441 Soda Hall, 510-847-2368; fateman@cs.berkeley.edu  Research Interests:   Artificial Intelligence (AI) Scientific Computing (SCI)   Office Hours:  BY APPT, 441 Soda ",
        "Name": "Richard J. Fateman",
        "Position": "Professor Emeritus ",
        "Email": "441 Soda Hall, 510-847-2368; fateman@cs.berkeley.edu "
    },
    {
        "Research Interest": "  Professor Emeritus    739 Soda Hall, 510-666-2900; jfeldman@cs.berkeley.edu  Research Interests:   Artificial Intelligence (AI) Biosystems &amp; Computational Biology (BIO) Security (SEC)   Education:  1964, Ph.D., Computer Science and Mathematics, Carnegie Mellon University; 1961, M.S., Mathematics, University of Pittsburgh; 1960, B.S., Physics, University of Rochester ",
        "Name": "Jerome A. Feldman",
        "Position": "Professor Emeritus ",
        "Email": "739 Soda Hall, 510-666-2900; jfeldman@cs.berkeley.edu "
    },
    {
        "Research Interest": "  Professor Emeritus     ",
        "Name": "Domenico Ferrari",
        "Position": "Professor Emeritus ",
        "Email": "Missing"
    },
    {
        "Research Interest": "  Professor    581 Soda Hall, 510-642-6820; fox@berkeley.edu  Research Interests:   Programming Systems (PS) Education (EDUC) Human-Computer Interaction (HCI)   Assistants:  Tammy Johnson, 565 Soda, 643-4816, tamille@eecs.berkeley.edu  Teaching Schedule (Fall 2020): CS W169A. Software Engineering CS 198-73. Cloud Computing and SaaS , TuTh 7:00PM - 7:59PM, Internet/Online  CS 375. Teaching Techniques for Computer Science , Fr 10:00AM - 11:59AM, Internet/Online ",
        "Name": "Armando Fox",
        "Position": "Professor ",
        "Email": "581 Soda Hall, 510-642-6820; fox@berkeley.edu "
    },
    {
        "Research Interest": "  Adjunct Assistant Professor    fractor@icsi.berkeley.edu  Research Interests:   Signal Processing (SP) Artificial Intelligence (AI) Information, Data, Network, and Communication Sciences (IDNCS)   Education:  2006, Ph.D., Computer Science, Freie Universitat Berlin; 2002, MSc, Computer Science, Freie Universitat Berlin  Teaching Schedule (Fall 2020): CS 294-82. Experimental Design for Machine Learning on Multimedia Data , Fr 10:30AM - 11:59AM, Internet/Online ",
        "Name": "Gerald Friedland",
        "Position": "Adjunct Assistant Professor ",
        "Email": "fractor@icsi.berkeley.edu "
    },
    {
        "Research Interest": "  Below the Line , Professor   gallant@berkeley.edu  Research Interests:   Biosystems &amp; Computational Biology (BIO)   Education:  1995, Post-doc, Systems &amp; Computational Neuroscience, Caltech &amp; Wash Univ. Med. Schl.; 1988, PhD, Experimental Psychology, Yale University ",
        "Name": "Jack Gallant",
        "Position": "Below the Line , Professor",
        "Email": "gallant@berkeley.edu "
    },
    {
        "Research Interest": "  Teaching Professor    777 Soda Hall, 510-517-4041; ddgarcia@cs.berkeley.edu  Research Interests:   Education (EDUC) Graphics (GR)   Education:  2000, Ph.D., Computer Science, UC Berkeley; 1995, M.S., Computer Science, UC Berkeley; 1990, B.S., Computer Science, MIT; 1990, B.S., Electrical Engineering, MIT  Office Hours:  Wed 10-11am (CS10); Wed 4-5pm (CS61C); Fri 4-5pm (by appt)  Teaching Schedule (Fall 2020): CS 10. The Beauty and Joy of Computing , MoWe 10:00AM - 10:59AM, Internet/Online  CS 47C. Self-paced courses CS 61C. Machine Structures , MoWeFr 4:00PM - 4:59PM, Internet/Online  NWMEDIA 190-2. Advanced Digital Animation , MoWeFr 1:00PM - 2:59PM, Internet/Online  CS 198-1. iOS DeCal , Tu 4:30PM - 6:29PM, Internet/Online , Th 4:30PM - 6:29PM, Internet/Online , Fr 4:30PM - 6:29PM, Internet/Online  CS 198-2. GamesCrafters , MoWeFr 11:00AM - 11:59AM, Internet/Online  CS 198-3. UCBUGG: 3D Modeling and Animation , Tu 7:00PM - 8:59PM, Internet/Online  CS 198-303. UCBUGG: 3D Modeling and Animation , Th 7:00PM - 8:59PM, Internet/Online ",
        "Name": "Dan Garcia",
        "Position": "Teaching Professor ",
        "Email": "777 Soda Hall, 510-517-4041; ddgarcia@cs.berkeley.edu "
    },
    {
        "Research Interest": "  Assistant Professor    685 Soda Hall; sanjamg@berkeley.edu  Research Interests:   Theory (THY) Security (SEC)   Education:  2013, Ph.D., Computer Science, University of California, Los Angeles; 2008, B.Tech, Computer Science and Engineering, Indian Institute of Technology, Delhi  Office Hours:  See Homepage ",
        "Name": "Sanjam Garg",
        "Position": "Assistant Professor ",
        "Email": "685 Soda Hall; sanjamg@berkeley.edu "
    },
    {
        "Research Interest": "  Adjunct Assistant Professor    aligh@berkeley.edu  Research Interests:   Database Management Systems (DBMS) Operating Systems &amp; Networking (OSNT)   Education:  2006, PhD, Computer Science, KTH/Royal Institute of Technology; 2002, MBA, Logistics and Marketing, Mid-Sweden University; 2002, MSc, Computer Engineering, Mid-Sweden University  Teaching Schedule (Fall 2020): CS 262A. Advanced Topics in Computer Systems , MoWe 9:00AM - 10:29AM, Internet/Online ",
        "Name": "Ali Ghodsi",
        "Position": "Adjunct Assistant Professor ",
        "Email": "aligh@berkeley.edu "
    },
    {
        "Research Interest": "  Professor    425 Sutardja Dai Hall, 510-643-9565; goldberg@berkeley.edu  Research Interests:   Artificial Intelligence (AI) Control, Intelligent Systems, and Robotics (CIR) Human-Computer Interaction (HCI)   Education:  1990, PhD, Computer Science, Carnegie Mellon University; 1984, BSEE, Electrical Engineering, University of Pennsylvania; 1984, BSE, Economics, UPenn - Wharton  Office Hours:  see personal homepage  Teaching Schedule (Fall 2020): CS 298-15. BAIR First-year Proseminar , We 1:00PM - 1:59PM, Internet/Online ",
        "Name": "Ken Goldberg",
        "Position": "Professor ",
        "Email": "425 Sutardja Dai Hall, 510-643-9565; goldberg@berkeley.edu "
    },
    {
        "Research Interest": "  Professor    689 Soda Hall;  Research Interests:   Theory (THY)   Education:  1984, Ph.D., Computer Science, UC Berkeley; 1981, M.S., Computer Science, UC Berkeley; 1979, B.S., Mathematics and Science, Carnegie Mellon  Teaching Schedule (Fall 2020): CS 276. Cryptography , TuTh 9:30AM - 10:59AM, Internet/Online ",
        "Name": "Shafi Goldwasser",
        "Position": "Professor ",
        "Email": "689 Soda Hall; "
    },
    {
        "Research Interest": "  Assistant Professor    773 Soda Hall; jegonzal@eecs.berkeley.edu  Research Interests:   Artificial Intelligence (AI) Database Management Systems (DBMS) Operating Systems &amp; Networking (OSNT)   Education:  2012, Ph.D., Machine Learning, Carnegie Mellon University  Assistants:  Boban Zarkovich, 465A Soda, 643-0264, boban@eecs.berkeley.edu; David Schonenberg, 465A Soda, 4-5123, schonenberg@berkeley.edu  Teaching Schedule (Fall 2020): CS 198-100. Conversations with Thought Leaders in Technology , Tu 5:00PM - 5:59PM, Internet/Online ",
        "Name": "Joseph Gonzalez",
        "Position": "Assistant Professor ",
        "Email": "773 Soda Hall; jegonzal@eecs.berkeley.edu "
    },
    {
        "Research Interest": "  Professor Emerita    564 Soda Hall; graham@cs.berkeley.edu  Research Interests:   Graphics (GR) Human-Computer Interaction (HCI) Programming Systems (PS) Scientific Computing (SCI)   Office Hours:  by appointment, 771 Soda ",
        "Name": "Susan L. Graham",
        "Position": "Professor Emerita ",
        "Email": "564 Soda Hall; graham@cs.berkeley.edu "
    },
    {
        "Research Interest": "  Assistant Professor    hardt@berkeley.edu  Education:  2011, PhD, Computer Science, Princeton University  Teaching Schedule (Fall 2020): CS C281A. Statistical Learning Theory , TuTh 3:30PM - 4:59PM, Internet/Online ",
        "Name": "Moritz Hardt",
        "Position": "Assistant Professor ",
        "Email": "hardt@berkeley.edu "
    },
    {
        "Research Interest": "  Professor Emeritus    441 Soda Hall, 510-642-1469; harrison@cs.berkeley.edu  Research Interests:   Programming Systems (PS)   Education:  1963, Ph.D., Communication Sciences, University of Michigan; 1959, M.S., Electrical Engineering and Computing, Case Western Reserve University; 1958, B.S., Electrical Engineering, Case Western Reserve University  Office Hours:  M 1-3 &amp; by appointment ",
        "Name": "Michael A. Harrison",
        "Position": "Professor Emeritus ",
        "Email": "441 Soda Hall, 510-642-1469; harrison@cs.berkeley.edu "
    },
    {
        "Research Interest": "  Associate Professor    220A Jacobs Hall, 415 868 5720; bjoern@eecs.berkeley.edu  Research Interests:   Human-Computer Interaction (HCI) Programming Systems (PS) Cyber-Physical Systems and Design Automation (CPSDA) Graphics (GR)   Education:  2009, Ph.D., Computer Science, Stanford University; 2002, MSE, Computer and Information Science, University of Pennsylvania; 2001, BSE/B.A., Digital Media Design/Communication, University of Pennsylvania  Office Hours:  Fall&#039;19: Thu 5-6pm, 220A Jacobs  Assistants:  Aleta Martinez, 234 Jacobs, 5106647574, aleta@berkeley.edu  Teaching Schedule (Fall 2020): CS 198-56. Web Design DeCal , Tu 7:00PM - 8:29PM, Internet/Online , Th 7:00PM - 7:59PM, Internet/Online  CS 294-137. Immersive Computing and Virtual Reality , TuTh 3:30PM - 4:59PM, Internet/Online ",
        "Name": "Bj\\xc3\\xb6rn Hartmann",
        "Position": "Associate Professor ",
        "Email": "220A Jacobs Hall, 415 868 5720; bjoern@eecs.berkeley.edu "
    },
    {
        "Research Interest": "  Teaching Professor Emeritus    784 Soda Hall, 510-642-8311; bh@cs.berkeley.edu  Research Interests:   Education (EDUC)   Education:  1990, MA, Clinical Psychology, New College of California; 1985, PhD, Science &amp; Mathematics Education, UC Berkeley; 1975, MS, Computer Science, Stanford; 1969, BS, Mathematics, MIT  Office Hours:  by appointment, 784 Soda ",
        "Name": "Brian Harvey",
        "Position": "Teaching Professor Emeritus ",
        "Email": "784 Soda Hall, 510-642-8311; bh@cs.berkeley.edu "
    },
    {
        "Research Interest": "  Professor    307b South Hall, 510-642-8016; hearst@berkeley.edu  Research Interests:   Human-Computer Interaction (HCI) Artificial Intelligence (AI)   Office Hours:  See home page, 307B South ",
        "Name": "Marti Hearst",
        "Position": "Professor ",
        "Email": "307b South Hall, 510-642-8016; hearst@berkeley.edu "
    },
    {
        "Research Interest": "  Professor    789 Soda Hall, 510-643-4011;  Research Interests:   Database Management Systems (DBMS) Operating Systems &amp; Networking (OSNT)   Education:  1995, Ph.D., Computer Science, University of Wisconsin-Madison; 1992, MS, Computer Science, UC Berkeley; 1990, AB, Computer Science, Harvard University  Teaching Schedule (Fall 2020): CS 294-170. Programming the Cloud , MoWe 10:30AM - 11:59AM, Internet/Online  CS 298-12. Database Seminar , Mo 3:00PM - 3:59PM, Internet/Online ",
        "Name": "Joseph M. Hellerstein",
        "Position": "Professor ",
        "Email": "789 Soda Hall, 510-643-4011; "
    },
    {
        "Research Interest": "  Teaching Professor    787 Soda Hall, 510-642-8401; hilfingr@cs.berkeley.edu  Research Interests:   Programming Systems (PS) Scientific Computing (SCI)   Education:  1980, Ph.D., Computer Science, Carnegie-Mellon University; 1973, AB, Mathematics, Princeton University  Teaching Schedule (Fall 2020): CS 164. Programming Languages and Compilers , TuTh 2:00PM - 3:29PM, Internet/Online  CS 198-8. Linux System Administration DeCal , TuTh 8:00PM - 8:59PM, Internet/Online ",
        "Name": "Paul N. Hilfinger",
        "Position": "Teaching Professor ",
        "Email": "787 Soda Hall, 510-642-8401; hilfingr@cs.berkeley.edu "
    },
    {
        "Research Interest": "  Associate Teaching Professor    779 Soda Hall; josh@joshh.ug  Research Interests:   Education (EDUC)   Education:  2011, Ph.D., Electrical Engineering And Computer Science, UC Berkeley; 2003, B.S., Electrical and Computer Engineering, University of Texas at Austin  Office Hours:  By Appointment Only (on leave), 779 Soda  Teaching Schedule (Fall 2020): CS 47B. Self-paced courses CS 61B. Data Structures , MoWeFr 1:00PM - 1:59PM, Internet/Online  CS 195. Social Implications of Computer Technology , We 2:00PM - 3:29PM, Internet/Online  CS H195. Honors Social Implications of Computer Technology , We 2:00PM - 3:29PM, Internet/Online  CS H195-101. Honors Social Implications of Computer Technology , Th 11:00AM - 11:59AM, Internet/Online ",
        "Name": "Joshua Hug",
        "Position": "Associate Teaching Professor ",
        "Email": "779 Soda Hall; josh@joshh.ug "
    },
    {
        "Research Interest": "  Lecturer    cthunn@eecs.berkeley.edu  Teaching Schedule (Fall 2020): CS 370. Adaptive Instruction Methods in Computer Science, Tu 1:00PM - 2:59PM, Internet/Online  CS 370-2. Adaptive Instruction Methods in Computer Science, We 2:00PM - 3:59PM, Internet/Online ",
        "Name": "Christopher Hunn",
        "Position": "Lecturer ",
        "Email": "cthunn@eecs.berkeley.edu "
    },
    {
        "Research Interest": "  Assistant Professor    513 Soda Hall; nilah@berkeley.edu  Research Interests:   Biosystems &amp; Computational Biology (BIO)   Education:  2013, Ph.D., Biophysics, Harvard University  Teaching Schedule (Fall 2020): CS 294-172. Computational Methods in Genomics and Medicine , TuTh 3:00PM - 4:29PM, Internet/Online ",
        "Name": "Nilah Ioannidis",
        "Position": "Assistant Professor ",
        "Email": "513 Soda Hall; nilah@berkeley.edu "
    },
    {
        "Research Interest": "  Assistant Professor    257M Cory Hall;  Research Interests:   Artificial Intelligence (AI) Information, Data, Network, and Communication Sciences (IDNCS) Control, Intelligent Systems, and Robotics (CIR) Theory (THY) Signal Processing (SP) Operating Systems &amp; Networking (OSNT) Database Management Systems (DBMS) Cyber-Physical Systems and Design Automation (CPSDA)   Education:  2018, Ph.D., Electrical Engineering, Stanford University  Assistants:  Kim Kail, 253 Cory, 510-643-6633, kail@erso.berkeley.edu  Teaching Schedule (Fall 2020): EECS 225A. Statistical Signal Processing , TuTh 11:00AM - 12:29PM, Internet/Online ",
        "Name": "Jiantao Jiao",
        "Position": "Assistant Professor ",
        "Email": "257M Cory Hall; "
    },
    {
        "Research Interest": "  Professor    387 Soda Hall; 427 Evans Hall; jordan@cs.berkeley.edu  Research Interests:   Artificial Intelligence (AI) Biosystems &amp; Computational Biology (BIO) Control, Intelligent Systems, and Robotics (CIR) Signal Processing (SP) Theory (THY)   Education:  1985, Ph.D., Cognitive Science, UC San Diego; 1980, M.S., Mathematics, Arizona State University; 1978, B.S., Psychology, Louisiana State University  Office Hours:  by appointment ",
        "Name": "Michael Jordan",
        "Position": "Professor ",
        "Email": "387 Soda Hall; 427 Evans Hall; jordan@cs.berkeley.edu "
    },
    {
        "Research Interest": "  Professor    465 Soda Hall, 510-643-7212; adj@cs.berkeley.edu  Research Interests:   Operating Systems &amp; Networking (OSNT) Security (SEC)   Education:  1998, Ph.D., Computer Science, MIT; 1988, S.M./S.B., Electrical Engineering and Computer Science/Computer Science and Engineering, MIT  Office Hours:  By appointment only - please email for appointment  Assistants:  Boban Zarkovich, 465A Soda, 643-0264, boban@eecs.berkeley.edu  Teaching Schedule (Fall 2020): CS C100. Principles &amp; Techniques of Data Science , TuTh 9:30AM - 10:59AM, Internet/Online ",
        "Name": "Anthony D. Joseph",
        "Position": "Professor ",
        "Email": "465 Soda Hall, 510-643-7212; adj@cs.berkeley.edu "
    },
    {
        "Research Interest": "  Professor Emeritus    513 Soda Hall, 510-642-5638; wkahan@cs.berkeley.edu  Research Interests:   Computer Architecture &amp; Engineering (ARC) Scientific Computing (SCI)   Education:  1958, Ph.D., Mathematics, University of Toronto; 1956, Master&#039;s, Mathematics, University of Toronto; 1954, B.A., Mathematics, University of Toronto  Office Hours:  Irregular- phone for app&#039;t ",
        "Name": "William M. Kahan",
        "Position": "Professor Emeritus ",
        "Email": "513 Soda Hall, 510-642-5638; wkahan@cs.berkeley.edu "
    },
    {
        "Research Interest": "  Assistant Professor    kanazawa@berkeley.edu  Research Interests:   Artificial Intelligence (AI) Graphics (GR)   Education:  2017, Ph.D., Computer Science, University of Maryland, College Park  Teaching Schedule (Fall 2020): CS 294-173. Learning for 3D Vision , TuTh 11:30AM - 12:59PM, Internet/Online ",
        "Name": "Angjoo Kanazawa",
        "Position": "Assistant Professor ",
        "Email": "kanazawa@berkeley.edu "
    },
    {
        "Research Interest": "  Professor Emeritus    621 Soda Hall, 510-642-5799; karp@cs.berkeley.edu  Research Interests:   Biosystems &amp; Computational Biology (BIO) Operating Systems &amp; Networking (OSNT) Theory (THY)   Education:  1959, Ph.D., Applied Mathematics, Harvard; 1956, S.M., Applied Mathematics, Harvard; 1955, A.B., Mathematics, Harvard  Office Hours:  M 1:30-2:30, 621 Soda  Assistants:  Olivia Chen, 695 Soda, (510) 642-9467, theoryadmin@eecs.berkeley.edu ",
        "Name": "Richard M. Karp",
        "Position": "Professor Emeritus ",
        "Email": "621 Soda Hall, 510-642-5799; karp@cs.berkeley.edu "
    },
    {
        "Research Interest": "  Professor    775 Soda Hall, 510-642-8778; randy@cs.berkeley.edu  Research Interests:   Computer Architecture &amp; Engineering (ARC) Operating Systems &amp; Networking (OSNT)   Education:  1980, PhD, Computer Science, UC Berkeley; 1978, MS, Computer Science, UC Berkeley; 1976, AB, Computer Science &amp; Math, Cornell University  Office Hours:  By appointment. Contact joelmold@berkeley.edu  Assistants:  Boban Zarkovich, 465A Soda, 643-0264, boban@eecs.berkeley.edu ",
        "Name": "Randy H. Katz",
        "Position": "Professor ",
        "Email": "775 Soda Hall, 510-642-8778; randy@cs.berkeley.edu "
    },
    {
        "Research Interest": "  Professor    778 Sutardja Dai Hall, 510-643-0805; klein@cs.berkeley.edu  Research Interests:   Artificial Intelligence (AI)   Education:  2004, M.S./Ph.D., Computer Science, Stanford University; 1999, M.St, Linguistics, Oxford University; 1998, B.A., Math, CS, Linguistics, Cornell University  Office Hours:  Tuesday 2pm-3:30pm (may be in 778 SDH), 730 Sutardja Dai ",
        "Name": "Daniel Klein",
        "Position": "Professor ",
        "Email": "778 Sutardja Dai Hall, 510-643-0805; klein@cs.berkeley.edu "
    },
    {
        "Research Interest": "  Professor    673 Soda Hall, 510-643-6817; kubitron@cs.berkeley.edu  Research Interests:   Operating Systems &amp; Networking (OSNT) Security (SEC)   Education:  1998, Ph.D., Electrical Engineering and Computer Science (minor in Physics), M.I.T.; 1993, M.S., Electrical Engineering and Computer Science, M.I.T.; 1987, B.S., EE and Physics, M.I.T.  Office Hours:  M/Th 1-2pm, 673 Soda  Teaching Schedule (Fall 2020): CS 162. Operating Systems and System Programming , MoWe 6:30PM - 7:59PM, Internet/Online ",
        "Name": "John D. Kubiatowicz",
        "Position": "Professor ",
        "Email": "673 Soda Hall, 510-643-6817; kubitron@cs.berkeley.edu "
    },
    {
        "Research Interest": "  Professor Emeritus , Professor in the Graduate School   545Q Cory Hall, 510-643-3728; eal@eecs.berkeley.edu  Research Interests:   Cyber-Physical Systems and Design Automation (CPSDA) Programming Systems (PS) Signal Processing (SP) Computer Architecture &amp; Engineering (ARC) Information, Data, Network, and Communication Sciences (IDNCS) Design, Modeling and Analysis (DMA)   Education:  1986, PhD, EECS, UC Berkeley; 1981, SM, EECS, MIT; 1979, BS, CS and Eng. &amp; Applied Science, Yale  Office Hours:  By appointment, 545Q Cory  Teaching Schedule (Fall 2020): CS 24-2. The Coevolution of Humans and Machines , Fr 11:00AM - 11:59AM, Internet/Online ",
        "Name": "Edward A. Lee",
        "Position": "Professor Emeritus , Professor in the Graduate School",
        "Email": "545Q Cory Hall, 510-643-3728; eal@eecs.berkeley.edu "
    },
    {
        "Research Interest": "  Assistant Professor    754 Sutardja Dai Hall;  Research Interests:   Artificial Intelligence (AI) Control, Intelligent Systems, and Robotics (CIR)   Education:  2014, Ph.D., Computer Science, Stanford University; 2009, B.S/M.S., Computer Science, Stanford University  Teaching Schedule (Fall 2020): CS 285. Deep Reinforcement Learning, Decision Making, and Control , MoWe 5:30PM - 6:59PM, Internet/Online ",
        "Name": "Sergey Levine",
        "Position": "Assistant Professor ",
        "Email": "754 Sutardja Dai Hall; "
    },
    {
        "Research Interest": "  Professor      Research Interests:   Biosystems &amp; Computational Biology (BIO) Artificial Intelligence (AI)   Education:  2007, Ph.D., Computer Science, University of Toronto  Teaching Schedule (Fall 2020): CS 189. Introduction to Machine Learning , MoWe 2:00PM - 3:29PM, Internet/Online  CS 289A. Introduction to Machine Learning , MoWe 2:00PM - 3:29PM, Internet/Online ",
        "Name": "Jennifer Listgarten",
        "Position": "Professor ",
        "Email": "Research Interests:"
    },
    {
        "Research Interest": "  Professor    506 Cory Hall, (510) 643-9338; mikilustig@berkeley.edu  Research Interests:   Signal Processing (SP) Scientific Computing (SCI) Physical Electronics (PHY) Information, Data, Network, and Communication Sciences (IDNCS) Biosystems &amp; Computational Biology (BIO) Control, Intelligent Systems, and Robotics (CIR) Artificial Intelligence (AI) Computer Architecture &amp; Engineering (ARC) Database Management Systems (DBMS) Design, Modeling and Analysis (DMA) Energy (ENE) Graphics (GR) Human-Computer Interaction (HCI) Integrated Circuits (INC) Micro/Nano Electro Mechanical Systems (MEMS) Operating Systems &amp; Networking (OSNT) Programming Systems (PS) Security (SEC)   Education:  2008, PhD, EE, Stanford University; 2004, MSc, EE, Stanford University; 2001, BSc, EE, Technion, IIT  Office Hours:  Monday 11-12am email for zoom link; By appointment  Teaching Schedule (Fall 2020): EECS 16B. Designing Information Devices and Systems II , TuTh 9:30AM - 10:59AM, Internet/Online  EE 84. Sophomore Seminar , We 10:00AM - 11:59AM, Internet/Online ",
        "Name": "Michael Lustig",
        "Position": "Professor ",
        "Email": "506 Cory Hall, (510) 643-9338; mikilustig@berkeley.edu "
    },
    {
        "Research Interest": "  Professor    722 Sutardja Dai Hall, 510-642-7597; malik@berkeley.edu  Research Interests:   Artificial Intelligence (AI) Biosystems &amp; Computational Biology (BIO) Control, Intelligent Systems, and Robotics (CIR) Graphics (GR) Human-Computer Interaction (HCI) Signal Processing (SP)   Education:  1980, B.Tech, Electrical Engineering, Indian Institute of Technology, Kanpur; 1975, Ph.D., Computer Science, Stanford University  Office Hours:  By appointment only, 722 Sutardja Dai  Assistants:  Angie Abbatecola, 741 Soda, (510) 643-6413, angie@cs.berkeley.edu  Teaching Schedule (Fall 2020): CS 189. Introduction to Machine Learning , MoWe 2:00PM - 3:29PM, Internet/Online  CS 289A. Introduction to Machine Learning , MoWe 2:00PM - 3:29PM, Internet/Online ",
        "Name": "Jitendra Malik",
        "Position": "Professor ",
        "Email": "722 Sutardja Dai Hall, 510-642-7597; malik@berkeley.edu "
    },
    {
        "Research Interest": "  Professor    633 Soda Hall; minilek@berkeley.edu  Research Interests:   Theory (THY) Database Management Systems (DBMS)   Education:  2011, Ph.D., Computer Science, MIT; 2006, M.Eng., Computer Science, MIT; 2005, S.B., Computer Science, Mathematics, MIT  Teaching Schedule (Fall 2020): CS 294-165. Sketching Algorithms , MoWe 1:30PM - 2:59PM, ",
        "Name": "Jelani Nelson",
        "Position": "Professor ",
        "Email": "633 Soda Hall; minilek@berkeley.edu "
    },
    {
        "Research Interest": "  Assistant Professor    8062 Berkeley Way West; ren@eecs.berkeley.edu  Research Interests:   Graphics (GR) Signal Processing (SP) Artificial Intelligence (AI)   Education:  2006, Ph.D., Computer Science, Stanford University; 2006, M.S., Computer Science, Stanford University; 2001, B.S., Mathematical and Computational Science, Stanford University  Office Hours:  Thursday 2 - 3pm or by appointment, 1211 BWW  Teaching Schedule (Fall 2020): CS 294-164. Computational Color , Tu 1:00PM - 3:59PM, Internet/Online ",
        "Name": "Ren Ng",
        "Position": "Assistant Professor ",
        "Email": "8062 Berkeley Way West; ren@eecs.berkeley.edu "
    },
    {
        "Research Interest": "  Professor    job@eecs.berkeley.edu  Research Interests:   Graphics (GR) Human-Computer Interaction (HCI) Scientific Computing (SCI)   Education:  2000, Ph.D., Computer Science, Georgia Institute of Technology; 1997, M.S., Computer Science, Georgia Institute of Technology; 1992, B.S., Computer Science, Florida International University ",
        "Name": "James O&#039;Brien",
        "Position": "Professor ",
        "Email": "job@eecs.berkeley.edu "
    },
    {
        "Research Interest": "  Professor Emeritus    christos@cs.berkeley.edu  Research Interests:   Biosystems &amp; Computational Biology (BIO) Theory (THY)   Assistants:  Olivia Chen, 695 Soda, (510) 642-9467, theoryadmin@eecs.berkeley.edu ",
        "Name": "Christos Papadimitriou",
        "Position": "Professor Emeritus ",
        "Email": "christos@cs.berkeley.edu "
    },
    {
        "Research Interest": "  Assistant Professor    212 South Hall; adityagp@eecs.berkeley.edu  Research Interests:   Database Management Systems (DBMS) Human-Computer Interaction (HCI)   Education:  2013, PhD, Computer Science, Stanford; 2007, BTech, Computer Science and Engineering, IIT Bombay  Office Hours:  by appointment  Teaching Schedule (Fall 2020): CS 186. Introduction to Database Systems , TuTh 5:00PM - 6:29PM, Internet/Online  CS 298-12. Database Seminar , Mo 3:00PM - 3:59PM, Internet/Online ",
        "Name": "Aditya Parameswaran",
        "Position": "Assistant Professor ",
        "Email": "212 South Hall; adityagp@eecs.berkeley.edu "
    },
    {
        "Research Interest": "  Professor Emeritus    799 Evans Hall; ",
        "Name": "Beresford N. Parlett",
        "Position": "Professor Emeritus ",
        "Email": "799 Evans Hall; "
    },
    {
        "Research Interest": "  Professor Emeritus , Professor in the Graduate School   579 Soda Hall, 642-6587; pattrsn@cs.berkeley.edu  Research Interests:   Computer Architecture &amp; Engineering (ARC) Operating Systems &amp; Networking (OSNT)   Education:  1976, PhD, Computer Science, UCLA; 1970, MS, Computer Science, UCLA; 1969, AB, Mathematics, UCLA  Office Hours:  Mondays, by appointment, 579 Soda  Assistants:  Boban Zarkovich, 465A Soda, 643-0264, boban@eecs.berkeley.edu ",
        "Name": "David A. Patterson",
        "Position": "Professor Emeritus , Professor in the Graduate School",
        "Email": "579 Soda Hall, 642-6587; pattrsn@cs.berkeley.edu "
    },
    {
        "Research Interest": "  Associate Professor    paulos@berkeley.edu  Research Interests:   Human-Computer Interaction (HCI)   Office Hours:  See Homepage www.paulos.net  Teaching Schedule (Fall 2020): CS 160. User Interface Design and Development , MoWe 10:30AM - 11:59AM, Internet/Online  CS 198-80. Virtual Reality Development , Mo 2:00PM - 3:59PM, Internet/Online  CS 260A. User Interface Design and Development , MoWe 10:30AM - 11:59AM, Internet/Online ",
        "Name": "Eric Paulos",
        "Position": "Associate Professor ",
        "Email": "paulos@berkeley.edu "
    },
    {
        "Research Interest": "  Professor    737 Soda Hall, 3-4209; 630 International Computer Science Institute, 666-2882; vern@berkeley.edu  Research Interests:   Security (SEC) Operating Systems &amp; Networking (OSNT)   Office Hours:  By appointment via Zoom ",
        "Name": "Vern Paxson",
        "Position": "Professor ",
        "Email": "737 Soda Hall, 3-4209; 630 International Computer Science Institute, 666-2882; vern@berkeley.edu "
    },
    {
        "Research Interest": "  Professor    512 Cory Hall; ksjp@berkeley.edu  Research Interests:   Micro/Nano Electro Mechanical Systems (MEMS) Control, Intelligent Systems, and Robotics (CIR) Integrated Circuits (INC)   Education:  1992, Ph.D., EECS, UC Berkeley; 1989, M.S., EECS, UC Berkeley; 1986, B.A., Applied Physics, UC San Diego  Office Hours:  W 11-12, Th 4:30-5:30, 512 Cory  Teaching Schedule (Fall 2020): EE 147. Introduction to Microelectromechanical Systems (MEMS) , MoWeFr 3:00PM - 3:59PM, Internet/Online  EE 247A. Introduction to Microelectromechanical Systems (MEMS) , MoWeFr 3:00PM - 3:59PM, Internet/Online ",
        "Name": "Kristofer Pister",
        "Position": "Professor ",
        "Email": "512 Cory Hall; ksjp@berkeley.edu "
    },
    {
        "Research Interest": "  Assistant Professor    729 Soda Hall; raluca.popa@berkeley.edu  Research Interests:   Operating Systems &amp; Networking (OSNT) Security (SEC)   Education:  2014, Doctor of Philosophy, Computer Science, Massachusetts Institute of Technology; 2010, Masters of Engineering, Computer Science, Massachusetts Institute of Technology; 2009, Bachelor&#039;s degree, Computer Science and Mathematics, Massachusetts Institute of Technology  Office Hours:  Tuesday 2-3pm, 729 Soda  Assistants:  Boban Zarkovich, 465A Soda, 643-0264, boban@eecs.berkeley.edu  Teaching Schedule (Fall 2020): CS 276. Cryptography , TuTh 9:30AM - 10:59AM, Internet/Online ",
        "Name": "Raluca Ada Popa",
        "Position": "Assistant Professor ",
        "Email": "729 Soda Hall; raluca.popa@berkeley.edu "
    },
    {
        "Research Interest": "  Assistant Professor    525 Soda Hall; jrk@berkeley.edu  Research Interests:   Graphics (GR) Programming Systems (PS) Computer Architecture &amp; Engineering (ARC)   Education:  2014, PhD, Electrical Engineering &amp; Computer Science, Massachusetts Institute of Technology; 2007, SM, Electrical Engineering &amp; Computer Science, Massachusetts Institute of Technology; 2004, BS, Computer Science, Stanford University  Assistants:  Ria Melendres Briggs, 563 Soda, (510) 643-1455, riamelendres@berkeley.edu ",
        "Name": "Jonathan Ragan-Kelley",
        "Position": "Assistant Professor ",
        "Email": "525 Soda Hall; jrk@berkeley.edu "
    },
    {
        "Research Interest": "  Associate Professor    623 Soda Hall; prasad@cs.berkeley.edu  Research Interests:   Theory (THY)   Education:  2009, PhD, Computer Science and Engineering, University of Washington, Seattle; 2007, M.S., Computer Science and Engineering, University of Washington, Seattle; 2005, B.S., Computer Science, Indian Institute of Technology , Madras, India  Office Hours:  Wed 11-noon, 623 Soda ",
        "Name": "Prasad Raghavendra",
        "Position": "Associate Professor ",
        "Email": "623 Soda Hall; prasad@cs.berkeley.edu "
    },
    {
        "Research Interest": "  Professor    269 Cory Hall, 510-642-2353; kannanr@eecs.berkeley.edu  Research Interests:   Information, Data, Network, and Communication Sciences (IDNCS) Signal Processing (SP) Control, Intelligent Systems, and Robotics (CIR)   Education:  1993, Ph.D., Computer Science, Columbia University; 1984, M.S., Computer Science, Columbia University; 1982, B.E., Computer Science, City College of New York  Office Hours:  Tu. 3:00-4:00, or by appt., 258 Cory  Assistants:  Kim Kail, 253 Cory, 510-643-6633, kail@erso.berkeley.edu  Teaching Schedule (Fall 2020): EE 229A. Information Theory and Coding, TuTh 12:30PM - 1:59PM, Internet/Online ",
        "Name": "Kannan Ramchandran",
        "Position": "Professor ",
        "Email": "269 Cory Hall, 510-642-2353; kannanr@eecs.berkeley.edu "
    },
    {
        "Research Interest": "  Professor    687 Soda Hall, 510-642-4328; satishr@cs.berkeley.edu  Research Interests:   Biosystems &amp; Computational Biology (BIO) Theory (THY)   Assistants:  Olivia Chen, 695 Soda, (510) 642-9467, theoryadmin@eecs.berkeley.edu  Teaching Schedule (Fall 2020): CS 70. Discrete Mathematics and Probability Theory , TuTh 8:00AM - 9:29AM, Requested General Assignment ",
        "Name": "Satish Rao",
        "Position": "Professor ",
        "Email": "687 Soda Hall, 510-642-4328; satishr@cs.berkeley.edu "
    },
    {
        "Research Interest": "  Professor    413 Soda Hall, 2-8905; sylvia@eecs.berkeley.edu  Research Interests:   Operating Systems &amp; Networking (OSNT)   Assistants:  Carlyn Chinen, 510-990-5109, cchinen@berkeley.edu; David Schonenberg, 465A Soda, 4-5123, schonenberg@berkeley.edu ",
        "Name": "Sylvia Ratnasamy",
        "Position": "Professor ",
        "Email": "413 Soda Hall, 2-8905; sylvia@eecs.berkeley.edu "
    },
    {
        "Research Interest": "  Associate Professor    572 Cory Hall; brecht@berkeley.edu  Research Interests:   Artificial Intelligence (AI) Control, Intelligent Systems, and Robotics (CIR) Signal Processing (SP)   Assistants:  Ria Melendres Briggs, 563 Soda, (510) 643-1455, riamelendres@berkeley.edu  Teaching Schedule (Fall 2020): CS C281A. Statistical Learning Theory , TuTh 3:30PM - 4:59PM, Internet/Online ",
        "Name": "Benjamin Recht",
        "Position": "Associate Professor ",
        "Email": "572 Cory Hall; brecht@berkeley.edu "
    },
    {
        "Research Interest": "  Professor Emeritus    rowe@eecs.berkeley.edu  Education:  1976, Ph.D., Information and Computer Science, University of California, Irvine; 1970, B.A., Mathematics, University of California, Irvine ",
        "Name": "Lawrence A. Rowe",
        "Position": "Professor Emeritus ",
        "Email": "rowe@eecs.berkeley.edu "
    },
    {
        "Research Interest": "  Professor    545E Cory Hall, 643-5664; jr@berkeley.edu  Research Interests:   Artificial Intelligence (AI) Cyber-Physical Systems and Design Automation (CPSDA) Computer Architecture &amp; Engineering (ARC) Control, Intelligent Systems, and Robotics (CIR)   Education:  1993, PhD, EECS, Berkeley; 1989, MS, EECS, Berkeley; 1987, B.Tech., EE, IIT Kanpur  Teaching Schedule (Fall 2020): EE 120. Signals and Systems , MoWe 4:00PM - 5:59PM, Internet/Online ",
        "Name": "Jaijeet Roychowdhury",
        "Position": "Professor ",
        "Email": "545E Cory Hall, 643-5664; jr@berkeley.edu "
    },
    {
        "Research Interest": "  Professor    740 Sutardja Dai Hall, 510-642-4964; russell@cs.berkeley.edu  Research Interests:   Artificial Intelligence (AI) Control, Intelligent Systems, and Robotics (CIR) Biosystems &amp; Computational Biology (BIO)   Education:  1986, PhD, Computer Science, Stanford University; 1982, BA Hons (1st class), Physics, Oxford University ",
        "Name": "Stuart J. Russell",
        "Position": "Professor ",
        "Email": "740 Sutardja Dai Hall, 510-642-4964; russell@cs.berkeley.edu "
    },
    {
        "Research Interest": "  Professor    267 Cory Hall; sahai@eecs.berkeley.edu  Research Interests:   Information, Data, Network, and Communication Sciences (IDNCS) Artificial Intelligence (AI) Control, Intelligent Systems, and Robotics (CIR) Theory (THY) Signal Processing (SP)   Education:  2001, PhD, EECS, Massachusetts Institute of Technology; 1996, SM, EECS, Massachusetts Institute of Technology; 1994, BS, EECS, University of California, Berkeley  Office Hours:  MW 3:30-4:30  Assistants:  Kim Kail, 253 Cory, 510-643-6633, kail@erso.berkeley.edu  Teaching Schedule (Fall 2020): CS 189. Introduction to Machine Learning , MoWe 2:00PM - 3:29PM, Internet/Online  CS 198-71. Going Down the EECS Stack , We 6:00PM - 7:59PM, Internet/Online  CS 289A. Introduction to Machine Learning , MoWe 2:00PM - 3:29PM, Internet/Online ",
        "Name": "Anant Sahai",
        "Position": "Professor ",
        "Email": "267 Cory Hall; sahai@eecs.berkeley.edu "
    },
    {
        "Research Interest": "  Below The Line Assistant Professor    313 South Hall; nsalehi@berkeley.edu  Research Interests:   Human-Computer Interaction (HCI)   Education:  2019, Ph.D., Computer Science, Stanford University ",
        "Name": "Niloufar Salehi",
        "Position": "Below The Line Assistant Professor ",
        "Email": "313 South Hall; nsalehi@berkeley.edu "
    },
    {
        "Research Interest": "  Professor    735 Soda Hall, 510-642-2420; ksen@cs.berkeley.edu  Research Interests:   Programming Systems (PS) Security (SEC)   Office Hours:  Fridays 2pm-3pm, 735 Soda  Assistants:  Tammy Johnson, 565 Soda, 643-4816, tamille@eecs.berkeley.edu ",
        "Name": "Koushik Sen",
        "Position": "Professor ",
        "Email": "735 Soda Hall, 510-642-2420; ksen@cs.berkeley.edu "
    },
    {
        "Research Interest": "  Professor Emeritus    639 Soda Hall, 510-642-5103; sequin@cs.berkeley.edu  Research Interests:   Graphics (GR) Human-Computer Interaction (HCI)   Education:  1969, Ph.D., Experimental Physics, University of Basel, Switzerland  Office Hours:  see homepage for currently valid time slots, 639 Soda ",
        "Name": "Carlo H. S\\xc3\\xa9quin",
        "Position": "Professor Emeritus ",
        "Email": "639 Soda Hall, 510-642-5103; sequin@cs.berkeley.edu "
    },
    {
        "Research Interest": "  Professor    566 Cory Hall, 510-643-6968; sseshia@eecs.berkeley.edu  Research Interests:   Cyber-Physical Systems and Design Automation (CPSDA) Programming Systems (PS) Artificial Intelligence (AI) Control, Intelligent Systems, and Robotics (CIR) Security (SEC) Theory (THY)   Office Hours:  TuTh 11-11:30 am, or by appointment, 566 Cory  Assistants:  Charlotte Jones, 550 Sutardja Dai, 510-664-4203, cmjones@eecs.berkeley.edu  Teaching Schedule (Fall 2020): EECS 149. Introduction to Embedded Systems , TuTh 9:30AM - 10:59AM, Internet/Online  CS C249A. Introduction to Embedded Systems , TuTh 9:30AM - 10:59AM, Internet/Online  EE C249A. Introduction to Embedded Systems , TuTh 9:30AM - 10:59AM, Internet/Online ",
        "Name": "Sanjit A. Seshia",
        "Position": "Professor ",
        "Email": "566 Cory Hall, 510-643-6968; sseshia@eecs.berkeley.edu "
    },
    {
        "Research Interest": "  Assistant Professor    570 Cory Hall; ysshao@berkeley.edu  Research Interests:   Computer Architecture &amp; Engineering (ARC) Integrated Circuits (INC) Cyber-Physical Systems and Design Automation (CPSDA)   Education:  2016, Ph.D., Computer Science, Harvard University  Office Hours:  Monday, 11am-12pm, 570 Cory  Teaching Schedule (Fall 2020): EECS 151. Introduction to Digital Design and Integrated Circuits , TuTh 3:30PM - 4:59PM, Internet/Online  EECS 151LA-2. Introduction to Digital Design and Integrated Circuits Lab , Tu 8:00AM - 10:59AM, Internet/Online  EECS 151LA-3. Introduction to Digital Design and Integrated Circuits Lab , We 5:00PM - 7:59PM, Internet/Online  EECS 151LB. Introduction to Digital Design and Integrated Circuits Lab , Mo 8:00AM - 10:59AM, Internet/Online  EECS 151LB-2. Introduction to Digital Design and Integrated Circuits Lab , Th 5:00PM - 7:59PM, Internet/Online  EECS 151LB-3. Introduction to Digital Design and Integrated Circuits Lab , Fr 1:00PM - 3:59PM, Internet/Online  EECS 251A. Introduction to Digital Design and Integrated Circuits , TuTh 3:30PM - 4:59PM, Internet/Online  EECS 251LA-102. Introduction to Digital Design and Integrated Circuits Lab , Tu 8:00AM - 10:59AM, Internet/Online  EECS 251LA-103. Introduction to Digital Design and Integrated Circuits Lab , We 5:00PM - 7:59PM, Internet/Online  EECS 251LB-101. Introduction to Digital Design and Integrated Circuits Lab , Mo 8:00AM - 10:59AM, Internet/Online  EECS 251LB-102. Introduction to Digital Design and Integrated Circuits Lab , Th 5:00PM - 7:59PM, Internet/Online  EECS 251LB-103. Introduction to Digital Design and Integrated Circuits Lab , Fr 1:00PM - 3:59PM, Internet/Online ",
        "Name": "Sophia Shao",
        "Position": "Assistant Professor ",
        "Email": "570 Cory Hall; ysshao@berkeley.edu "
    },
    {
        "Research Interest": "  Professor    415 Soda Hall, 3-3043; shenker@icsi.berkeley.edu  Research Interests:   Operating Systems &amp; Networking (OSNT)   Education:  1983, Ph.D., Physics, University of Chicago; 1978, Sc.B., Physics, Brown University  Assistants:  David Schonenberg, 465A Soda, 4-5123, schonenberg@berkeley.edu ",
        "Name": "Scott Shenker",
        "Position": "Professor ",
        "Email": "415 Soda Hall, 3-3043; shenker@icsi.berkeley.edu "
    },
    {
        "Research Interest": "  Professor    529 Soda Hall, 510-642-3936; jrs@cs.berkeley.edu  Research Interests:   Scientific Computing (SCI) Theory (THY) Graphics (GR)  ",
        "Name": "Jonathan Shewchuk",
        "Position": "Professor ",
        "Email": "529 Soda Hall, 510-642-3936; jrs@cs.berkeley.edu "
    },
    {
        "Research Interest": "  Professor    677 Soda Hall, 510-643-8144; sinclair@cs.berkeley.edu  Research Interests:   Theory (THY)   Office Hours:  M 1:30-2:30, Tu 12:45-1:45, 677 Soda  Assistants:  Olivia Chen, 695 Soda, (510) 642-9467, theoryadmin@eecs.berkeley.edu  Teaching Schedule (Fall 2020): CS 294-180. Partition Functions: Algorithms and Complexity , TuTh 9:30AM - 10:59AM, Internet/Online ",
        "Name": "Alistair Sinclair",
        "Position": "Professor ",
        "Email": "677 Soda Hall, 510-643-8144; sinclair@cs.berkeley.edu "
    },
    {
        "Research Interest": "  Professor Emeritus    192 Soda Hall, 510-642-5290; smith@eecs.berkeley.edu  Research Interests:   Computer Architecture &amp; Engineering (ARC) Operating Systems &amp; Networking (OSNT)   Office Hours:  by appointment only - send email or call, 192 Soda ",
        "Name": "Alan J. Smith",
        "Position": "Professor Emeritus ",
        "Email": "192 Soda Hall, 510-642-5290; smith@eecs.berkeley.edu "
    },
    {
        "Research Interest": "  Professor    675 Soda Hall, 510-642-8282; dawnsong@cs.berkeley.edu  Research Interests:   Artificial Intelligence (AI) Operating Systems &amp; Networking (OSNT) Security (SEC) Programming Systems (PS)   Education:  2002, Ph.D., Computer Science, UC Berkeley; 1999, M.S., Computer Science, Carnegie Mellon University ",
        "Name": "Dawn Song",
        "Position": "Professor ",
        "Email": "675 Soda Hall, 510-642-8282; dawnsong@cs.berkeley.edu "
    },
    {
        "Research Interest": "  Professor    304B Stanley Hall, 510-642-2351; 321 Evans Hall; yss@berkeley.edu  Research Interests:   Biosystems &amp; Computational Biology (BIO) Theory (THY)   Office Hours:  M 5:30-6:30pm; TuTh 6:30-7pm ",
        "Name": "Yun S. Song",
        "Position": "Professor ",
        "Email": "304B Stanley Hall, 510-642-2351; 321 Evans Hall; yss@berkeley.edu "
    },
    {
        "Research Interest": "  Professor    510 Cory Hall, 510-643-6776;  Research Interests:   Energy (ENE) Integrated Circuits (INC) Physical Electronics (PHY)   Assistants:  Yovana Gomez, 406G Cory, yovgomez@berkeley.edu  Teaching Schedule (Fall 2020): EE 198-3. Opportunities and Barriers: Identifying pathways into Tech , Tu 6:00PM - 7:29PM, Internet/Online ",
        "Name": "Costas J. Spanos",
        "Position": "Professor ",
        "Email": "510 Cory Hall, 510-643-6776; "
    },
    {
        "Research Interest": "  Below The Line Assistant Professor    325 Evans Hall; jsteinhardt@berkeley.edu  Research Interests:   Artificial Intelligence (AI) Information, Data, Network, and Communication Sciences (IDNCS)   Education:  2018, PhD, Computer Science, Stanford; 2012, BSc, Mathematics, MIT ",
        "Name": "Jacob Steinhardt",
        "Position": "Below The Line Assistant Professor ",
        "Email": "325 Evans Hall; jsteinhardt@berkeley.edu "
    },
    {
        "Research Interest": "  Professor    481-2 Soda Hall, 510-643-4007; istoica@eecs.berkeley.edu  Research Interests:   Operating Systems &amp; Networking (OSNT) Security (SEC)   Education:  2000, Ph.D., Electrical and Computer Engineering, Carnegie Mellon University; 1989, M.S., Computer Science and Control Engineering, Polytechnic University Bucharest  Office Hours:  Mon. &amp; Wed., 3-4 pm, 511 Soda  Assistants:  Kattt Atchley, 465 Soda, 510-643-3499, atchley@berkeley.edu; Boban Zarkovich, 465A Soda, 643-0264, boban@eecs.berkeley.edu  Teaching Schedule (Fall 2020): CS 262A. Advanced Topics in Computer Systems , MoWe 9:00AM - 10:29AM, Internet/Online ",
        "Name": "Ion Stoica",
        "Position": "Professor ",
        "Email": "481-2 Soda Hall, 510-643-4007; istoica@eecs.berkeley.edu "
    },
    {
        "Research Interest": "  Professor Emeritus      Education:  1971, Ph.D., Computer, Information and Control Engineering, University of Michigan; 1966, M.S.E., Electrical Engineering, University of Michigan; 1965, B.S.E., Electrical Engineering, Princeton ",
        "Name": "Michael Stonebraker",
        "Position": "Professor Emeritus ",
        "Email": "Education:"
    },
    {
        "Research Interest": "  Professor    925 Evans Hall, 510-642 6550; bernd@math.berkeley.edu  Research Interests:   Biosystems &amp; Computational Biology (BIO) Theory (THY)   Education:  1987, Dr.rer.nat., Mathematics, Technical University Darmstadt, Germany; 1987, Ph.D., Mathematics, University of Washington, Seattle; 1985, Diplom, Mathematics and Computer Science, Technical University Darmstadt, Germany  Office Hours:  T 9:45-11am, F 10:30-11:30am, 925 Evans ",
        "Name": "Bernd Sturmfels",
        "Position": "Professor ",
        "Email": "925 Evans Hall, 510-642 6550; bernd@math.berkeley.edu "
    },
    {
        "Research Interest": "  Assistant Professor    635 Soda Hall; atal@berkeley.edu  Research Interests:   Theory (THY)   Education:  2015, PhD, Computer Science, Weizmann Institute of Science; 2012, MS, Computer Science, Weizmann Institute of Science; 2007, BA, Mathematics, The Technion, Haifa, Israel; 2005, BS, Software Engineering, The Technion, Haifa, Israel  Teaching Schedule (Fall 2020): CS 170. Efficient Algorithms and Intractable Problems , TuTh 3:30PM - 4:59PM, Internet/Online ",
        "Name": "Avishay Tal",
        "Position": "Assistant Professor ",
        "Email": "635 Soda Hall; atal@berkeley.edu "
    },
    {
        "Research Interest": "  Professor    721 Sutardja Dai Hall, 510-643-6610; tomlin@eecs.berkeley.edu  Research Interests:   Control, Intelligent Systems, and Robotics (CIR) Biosystems &amp; Computational Biology (BIO)   Education:  1998, Ph.D., EECS, UC Berkeley; 1993, M.Sc., Electrical Engineering, Imperial College, London; 1992, B.A.Sc., Electrical Engineering, University of Waterloo  Office Hours:  Tuesday 11am - 12pm, 721 Sutardja Dai; Wednesday 11am - 12pm, 721 Sutardja Dai  Assistants:  Jessica Gamble, 337 Cory, 510-643-5105, jessicagamble@berkeley.edu  Teaching Schedule (Fall 2020): EE 221A. Linear System Theory , TuTh 9:30AM - 10:59AM, Internet/Online ",
        "Name": "Claire Tomlin",
        "Position": "Professor ",
        "Email": "721 Sutardja Dai Hall, 510-643-6610; tomlin@eecs.berkeley.edu "
    },
    {
        "Research Interest": "  Professor    671 Soda Hall, 510-642-0572; vazirani@cs.berkeley.edu  Research Interests:   Theory (THY) Security (SEC)   Education:  1986, Ph.D., Computer Science, UC Berkeley; 1981, B.S., MIT  Assistants:  Olivia Chen, 695 Soda, (510) 642-9467, theoryadmin@eecs.berkeley.edu  Teaching Schedule (Fall 2020): CS 170. Efficient Algorithms and Intractable Problems , TuTh 3:30PM - 4:59PM, Internet/Online ",
        "Name": "Umesh Vazirani",
        "Position": "Professor ",
        "Email": "671 Soda Hall, 510-642-0572; vazirani@cs.berkeley.edu "
    },
    {
        "Research Interest": "  Professor    733 Soda Hall, 510-642-2758; daw@cs.berkeley.edu  Research Interests:   Security (SEC)   Office Hours:  Wednesdays, 2-3, 733 Soda  Assistants:  Angie Abbatecola, 741 Soda, (510) 643-6413, angie@cs.berkeley.edu  Teaching Schedule (Fall 2020): CS C8. Foundations of Data Science , MoWeFr 11:00AM - 11:59AM, Internet/Online ",
        "Name": "David A. Wagner",
        "Position": "Professor ",
        "Email": "733 Soda Hall, 510-642-2758; daw@cs.berkeley.edu "
    },
    {
        "Research Interest": "  Professor    263 Cory Hall, 510-643-1978; wainwrig@eecs.berkeley.edu  Research Interests:   Artificial Intelligence (AI) Control, Intelligent Systems, and Robotics (CIR) Information, Data, Network, and Communication Sciences (IDNCS) Signal Processing (SP) Theory (THY)   Office Hours:  by appointment  Assistants:  Kim Kail, 253 Cory, 510-643-6633, kail@erso.berkeley.edu ",
        "Name": "Martin Wainwright",
        "Position": "Professor ",
        "Email": "263 Cory Hall, 510-643-1978; wainwrig@eecs.berkeley.edu "
    },
    {
        "Research Interest": "  Associate Professor    514 Cory Hall, (510) 642-2753; waller@berkeley.edu  Research Interests:   Physical Electronics (PHY) Signal Processing (SP) Biosystems &amp; Computational Biology (BIO) Graphics (GR)   Education:  2010, Ph.D., Electrical Engineering and Computer Science, MIT; 2005, M.Eng., Electrical Engineering and Computer Science, MIT; 2004, B.S., Electrical Engineering and Computer Science, MIT  Office Hours:  Wed 10:00-11:00am, 514 Cory  Teaching Schedule (Fall 2020): EE 290-3. Computational Imaging , TuTh 12:30PM - 1:59PM, Internet/Online ",
        "Name": "Laura Waller",
        "Position": "Associate Professor ",
        "Email": "514 Cory Hall, (510) 642-2753; waller@berkeley.edu "
    },
    {
        "Research Interest": "  Professor Emeritus    257 Cory Hall, 510-219-5821; wlr@eecs.berkeley.edu  Research Interests:   Information, Data, Network, and Communication Sciences (IDNCS)  ",
        "Name": "Jean Walrand",
        "Position": "Professor Emeritus ",
        "Email": "257 Cory Hall, 510-219-5821; wlr@eecs.berkeley.edu "
    },
    {
        "Research Interest": "  Professor    631 Soda Hall, 510-643-9434; johnw@cs.berkeley.edu  Research Interests:   Computer Architecture &amp; Engineering (ARC) Design, Modeling and Analysis (DMA)   Office Hours:  Tues., 1:00-2:00pm and by appointment, 631 Soda  Teaching Schedule (Fall 2020): CS 250. VLSI Systems Design , TuTh 9:30AM - 10:59AM, Internet/Online  CS 250-102. VLSI Systems Design  ",
        "Name": "John Wawrzynek",
        "Position": "Professor ",
        "Email": "631 Soda Hall, 510-643-9434; johnw@cs.berkeley.edu "
    },
    {
        "Research Interest": "  Lecturer    625 Soda Hall; 624 International Computer Science Institute; nweaver@icsi.berkeley.edu  Research Interests:   Operating Systems &amp; Networking (OSNT) Security (SEC)   Education:  2003, Ph.D., Computer Science, UC Berkeley; 1995, BA, Astrophysics &amp; Computer Science, UC Berkeley  Office Hours:  M 11-12 &amp; 1-2, 625 Soda  Teaching Schedule (Fall 2020): CS 161. Computer Security , TuTh 6:30PM - 7:59PM, Internet/Online ",
        "Name": "Nicholas Weaver",
        "Position": "Lecturer ",
        "Email": "625 Soda Hall; 624 International Computer Science Institute; nweaver@icsi.berkeley.edu "
    },
    {
        "Research Interest": "  Professor    50A Lawrence Berkeley National Laboratory, 510-495-2431; yelick@cs.berkeley.edu  Research Interests:   Programming Systems (PS) Scientific Computing (SCI) Biosystems &amp; Computational Biology (BIO)   Education:  1991, Ph.D., EECS, MIT; 1985, S.M., EECS, MIT; 1982, B.S., EECS, MIT  Assistants:  Tammy Johnson, 565 Soda, 643-4816, tamille@eecs.berkeley.edu  Teaching Schedule (Fall 2020): CS 194-15. Parallel Programming , MoWe 9:00AM - 10:29AM, ",
        "Name": "Katherine A. Yelick",
        "Position": "Professor ",
        "Email": "50A Lawrence Berkeley National Laboratory, 510-495-2431; yelick@cs.berkeley.edu "
    },
    {
        "Research Interest": "  Associate Professor    629 Soda Hall; niryosef@eecs.berkeley.edu  Research Interests:   Biosystems &amp; Computational Biology (BIO)   Teaching Schedule (Fall 2020): CS 176. Algorithms for Computational Biology , WeFr 12:00PM - 1:29PM, Internet/Online ",
        "Name": "Nir Yosef",
        "Position": "Associate Professor ",
        "Email": "629 Soda Hall; niryosef@eecs.berkeley.edu "
    },
    {
        "Research Interest": "  Professor    367 Evans Hall, 510-642-2021; binyu@stat.berkeley.edu  Research Interests:   Signal Processing (SP)   Education:  1990, Ph.D., Statistics, University of California, Berkeley; 1987, M.A., Statistics, University of California, Berkeley; 1984, B.S., Mathematics, Peking University ",
        "Name": "Bin Yu",
        "Position": "Professor ",
        "Email": "367 Evans Hall, 510-642-2021; binyu@stat.berkeley.edu "
    }
]