[
    {
        "Email": "budak@uga.edu",
        "Name": "Ismailcem Budak Arpinar",
        "Position": "Associate Professor",
        "Research Interest": "Missing",
        "Phone number": "(706) 583-8249"
    },
    {
        "Email": "jb211@uga.edu",
        "Name": "Brad Barnes",
        "Position": "Senior Lecturer\\xc2\\xa0",
        "Research Interest": "Missing",
        "Phone number": "(706) 583-0826"
    },
    {
        "Email": "suchi@uga.edu",
        "Name": "Suchendra M. Bhandarkar",
        "Position": "Professor",
        "Research Interest": "Missing",
        "Phone number": "(706) 542-1082"
    },
    {
        "Email": "iming@uga.edu",
        "Name": "Liming Cai",
        "Position": "Professor",
        "Research Interest": "Missing",
        "Phone number": "(706) 542-6081"
    },
    {
        "Email": "mepcott@uga.edu",
        "Name": "Michael Cotterell",
        "Position": "Lecturer",
        "Research Interest": "Missing",
        "Phone number": "(706) 542-4799"
    },
    {
        "Email": "pdoshi@uga.edu",
        "Name": "Prashant Doshi",
        "Position": "Professor",
        "Research Interest": "Missing",
        "Phone number": "(706) 583-0827"
    },
    {
        "Email": "shelby13@uga.edu",
        "Name": "Shelby H. Funk ",
        "Position": "Associate Professor",
        "Research Interest": "Missing",
        "Phone number": "(706) 542-3449"
    },
    {
        "Email": "leguan@uga.edu",
        "Name": "Le Guan",
        "Position": "Assistant Professor",
        "Research Interest": "Missing",
        "Phone number": "(706) 542-2911"
    },
    {
        "Email": "billh@uga.edu",
        "Name": "Bill Hollingsworth ",
        "Position": "Senior Lecturer",
        "Research Interest": "Missing",
        "Phone number": "(706) 542-5799"
    },
    {
        "Email": "yi.hong@uga.edu",
        "Name": "Yi Hong ",
        "Position": "Assistant Professor",
        "Research Interest": "Missing",
        "Phone number": "(706) 542-2911"
    },
    {
        "Email": "ngrid@uga.edu",
        "Name": "Maria Hybinette",
        "Position": "Associate Professor",
        "Research Interest": "Missing",
        "Phone number": "(706) 542-6642"
    },
    {
        "Email": "M.keshtgari@uga.edu",
        "Name": "Manijeh Keshtgari",
        "Position": "Lecturer",
        "Research Interest": "Missing",
        "Phone number": "(706) 542-2911"
    },
    {
        "Email": "mrkhandaker@uga.edu",
        "Name": "Mustakimur Rahman Khandaker",
        "Position": "Assistant Professor",
        "Research Interest": "Missing",
        "Phone number": "(706) 542-2911"
    },
    {
        "Email": "inkee.kim@uga.edu",
        "Name": "In Kee Kim",
        "Position": "Assistant Professor",
        "Research Interest": "Missing",
        "Phone number": "(706) 542-2911"
    },
    {
        "Email": "kochut@uga.edu",
        "Name": "Krzysztof J. Kochut",
        "Position": "Professor",
        "Research Interest": "Missing",
        "Phone number": "(706) 542-3441"
    },
    {
        "Email": "slamarca@uga.edu",
        "Name": "Salvatore Lamarca",
        "Position": "Lecturer",
        "Research Interest": "Missing",
        "Phone number": "(706) 542-2911"
    },
    {
        "Email": "aewoo.lee@uga.edu",
        "Name": "Jaewoo Lee",
        "Position": "Assistant Professor",
        "Research Interest": "Missing",
        "Phone number": "(706) 542-2911"
    },
    {
        "Email": "kyuhlee@uga.edu",
        "Name": "Kyu Hyung Lee",
        "Position": "Associate Professor",
        "Research Interest": "Missing",
        "Phone number": "(706) 542 4690"
    },
    {
        "Email": "sheng.li@uga.edu",
        "Name": "Sheng Li",
        "Position": "Assistant Professor",
        "Research Interest": "Missing",
        "Phone number": "(706) 542-2911"
    },
    {
        "Email": "u@uga.edu",
        "Name": "Tianming Liu",
        "Position": "Associate\\xc2\\xa0Professor",
        "Research Interest": "Missing",
        "Phone number": "(706) 542-3478"
    },
    {
        "Email": "meena@uga.edu",
        "Name": "Sachin Meena",
        "Position": "Lecturer",
        "Research Interest": "Missing",
        "Phone number": "(706) 542-0650"
    },
    {
        "Email": "miao@uga.edu",
        "Name": "Chenglin Miao",
        "Position": "Assistant Professor",
        "Research Interest": "Missing",
        "Phone number": "(706) 542-2911"
    },
    {
        "Email": "jamill@uga.edu",
        "Name": "John A. Miller",
        "Position": "Professor",
        "Research Interest": "Missing",
        "Phone number": "(706) 542-3440"
    },
    {
        "Email": "penghga@uga.edu",
        "Name": "Hao Peng",
        "Position": "Lecturer",
        "Research Interest": "Missing",
        "Phone number": "(706) 542-2911"
    },
    {
        "Email": "perdisci@uga.edu",
        "Name": "Roberto Perdisci",
        "Position": "Associate Professor",
        "Research Interest": "Missing",
        "Phone number": "(706) 542-3482"
    },
    {
        "Email": "pq@uga.edu",
        "Name": "Shannon Quinn",
        "Position": "Assistant Professor",
        "Research Interest": "Missing",
        "Phone number": "(706) 542-4661"
    },
    {
        "Email": "laksmr@uga.edu",
        "Name": "Lakshmish Ramaswamy",
        "Position": "Professor",
        "Research Interest": "Missing",
        "Phone number": "(706) 542-2737"
    },
    {
        "Email": "khaled@uga.edu",
        "Name": "Khaled Rasheed",
        "Position": "Professor",
        "Research Interest": "Missing",
        "Phone number": "(706) 542-3444"
    },
    {
        "Email": "eman.saleh@uga.edu",
        "Name": "Eman Saleh",
        "Position": "Lecturer",
        "Research Interest": "Missing",
        "Phone number": "(706) 542-5746"
    },
    {
        "Email": "midasct@uga.edu",
        "Name": "Michael Scott",
        "Position": "Lecturer",
        "Research Interest": "Missing",
        "Phone number": "(706) 542-2911"
    },
    {
        "Email": "rtaha@uga.edu",
        "Name": "Thiab Taha",
        "Position": "Professor and Department Head",
        "Research Interest": "Missing",
        "Phone number": "(706) 542-3455"
    },
    {
        "Email": "ww69903@uga.edu",
        "Name": "Wenwen Wang",
        "Position": "Assistant Professor",
        "Research Interest": "Missing",
        "Phone number": "(706) 542-2911"
    },
    {
        "Email": "kjohnsen@uga.edu",
        "Name": "Kyle Johnsen",
        "Position": "Associate Professor of Engineering",
        "Research Interest": "Missing",
        "Phone number": "(706) 542-8855"
    },
    {
        "Email": "jkissing@uga.edu",
        "Name": "Jessica Kissinger",
        "Position": "Professor of Genetics",
        "Research Interest": "Missing",
        "Phone number": "(706) 542-6562"
    },
    {
        "Email": "cyli@uga.edu",
        "Name": "Changying Li",
        "Position": "Professor of Engineering",
        "Research Interest": "Missing",
        "Phone number": "(706) 542-4696"
    },
    {
        "Email": "pingma@uga.edu",
        "Name": "Ping Ma",
        "Position": "Professor of Statistics",
        "Research Interest": "Missing",
        "Phone number": "\\xc2\\xa0"
    },
    {
        "Email": "fmaier@uga.edu",
        "Name": "Fred Maier",
        "Position": "Associate Director - AI Institute",
        "Research Interest": "Missing",
        "Phone number": "\\xc2\\xa0"
    },
    {
        "Email": "wsong@uga.edu",
        "Name": "Wenzhan Song",
        "Position": "Professor of Engineering",
        "Research Interest": "Missing",
        "Phone number": "(706) 542-9980"
    },
    {
        "Email": "xyn@bmb.uga.edu",
        "Name": "Ying Xu",
        "Position": "Professor and Eminent Scholar of",
        "Research Interest": "Missing",
        "Phone number": "(706)542-9779"
    },
    {
        "Email": "will@ccrc.uga.edu",
        "Name": "William York",
        "Position": "Associate Professor of Biochemistry",
        "Research Interest": "Missing",
        "Phone number": "(706 542-4628"
    },
    {
        "Email": "hra@uga.edu",
        "Name": "Hamid Arabnia",
        "Position": "Professor Emeritus",
        "Research Interest": "Missing",
        "Phone number": "(706) 542-3480"
    },
    {
        "Email": "erc@cs.uga.edu",
        "Name": "E. Rodney Canfield",
        "Position": "Professor Emeritus",
        "Research Interest": "Missing",
        "Phone number": "(706) 542-3470"
    },
    {
        "Email": "potter@uga.edu",
        "Name": "Walter Potter",
        "Position": "Professor Emeritus",
        "Research Interest": "Missing",
        "Phone number": "(706) 542-0361"
    },
    {
        "Email": "rwr@cs.uga.edu",
        "Name": "Robert W. Robinson",
        "Position": "Professor Emeritus",
        "Research Interest": "Missing",
        "Phone number": "(706) 542-3470"
    },
    {
        "Email": "jws@uga.edu",
        "Name": "Jeffrey W. Smith",
        "Position": "Associate Professor Emeritus",
        "Research Interest": "Missing",
        "Phone number": "(706) 542-3470"
    },
    {
        "Email": "kangli@uga.edu",
        "Name": "Kang Li",
        "Position": "Professor of Computer Science\\xc2\\xa0",
        "Research Interest": "Missing",
        "Phone number": "\\xc2\\xa0"
    },
    {
        "Email": "hanchuan.peng@gmail.com",
        "Name": "Hanchuan Peng",
        "Position": "Associate Professor of Computer Science",
        "Research Interest": "Missing",
        "Phone number": "\\xc2\\xa0"
    },
    {
        "Email": "amit.sheth@wright.edu",
        "Name": "Amit P. Sheth",
        "Position": "LexisNexis Professor of Computer Science",
        "Research Interest": "Missing",
        "Phone number": "(937) 775-5217"
    }
]