[
    {
        "Research Interest": "Missing",
        "Position": "Rachleff Family Associate Professor",
        "Name": "Shivani Agarwal"
    },
    {
        "Research Interest": "Missing",
        "Position": "Zisman Family Professor",
        "Name": "Rajeev Alur"
    },
    {
        "Research Interest": "Missing",
        "Position": "Raj and Neera Singh Term Assistant Professor",
        "Name": "Sebastian Angel"
    },
    {
        "Research Interest": "Missing",
        "Position": "Rachleff Family Professor ",
        "Name": "Norman I. Badler"
    },
    {
        "Research Interest": "Missing",
        "Position": "Professor Emeritus",
        "Name": "Ruzena Bajcsy"
    },
    {
        "Research Interest": "Missing",
        "Position": "Associate Professor in Learning Analytics and ",
        "Name": "Ryan Baker"
    },
    {
        "Research Interest": "Missing",
        "Position": "Assistant Professor in Genetics and ",
        "Name": "Yoseph Barash"
    },
    {
        "Research Interest": "Missing",
        "Position": "Research Assistant Professor",
        "Name": "Osbert Bastani"
    },
    {
        "Research Interest": "Missing",
        "Position": "Senior Lecturer",
        "Name": "Arvind Bhusnurmath"
    },
    {
        "Research Interest": "Missing",
        "Position": "Adjunct Professor",
        "Name": "Matthew Blaze"
    },
    {
        "Research Interest": "Missing",
        "Position": "Adjunct Professor",
        "Name": "Peter Buneman"
    },
    {
        "Research Interest": "Missing",
        "Position": "Associate Professor",
        "Name": "Chris Callison-Burch "
    },
    {
        "Research Interest": "Missing",
        "Position": "Assistant Professor",
        "Name": "Pratik Chaudhari"
    },
    {
        "Research Interest": "Missing",
        "Position": "Lecturer",
        "Name": "David Crosbie"
    },
    {
        "Research Interest": "Missing",
        "Position": "Ruth Yalom Stone Professor",
        "Name": "Konstantinos Daniilidis"
    },
    {
        "Research Interest": "Missing",
        "Position": "Weiss Professor",
        "Name": "Susan B. Davidson"
    },
    {
        "Research Interest": "Missing",
        "Position": "Assistant Professor",
        "Name": "Anindya De"
    },
    {
        "Research Interest": "Missing",
        "Position": "Professor",
        "Name": "Andre DeHon"
    },
    {
        "Research Interest": "Missing",
        "Position": "Associate Professor",
        "Name": "Joseph Devietti"
    },
    {
        "Research Interest": "Missing",
        "Position": "Senior Lecturer",
        "Name": "Eric Eaton"
    },
    {
        "Research Interest": "Missing",
        "Position": "Professor Emeritus",
        "Name": "David Farber"
    },
    {
        "Research Interest": "Missing",
        "Position": "Senior Lecturer",
        "Name": "Thomas Farmer"
    },
    {
        "Research Interest": "Missing",
        "Position": "Practice Assistant Professor",
        "Name": "Eric Fouh"
    },
    {
        "Research Interest": "Missing",
        "Position": "Professor",
        "Name": "Jean H. Gallier"
    },
    {
        "Research Interest": "Missing",
        "Position": "Part-Time Lecturer",
        "Name": "Rajiv Gandhi"
    },
    {
        "Research Interest": "Missing",
        "Position": "Assistant Professor",
        "Name": "Jacob Gardner"
    },
    {
        "Research Interest": "Missing",
        "Position": "Associate Professor in Radiologic Science in Radiology and ",
        "Name": "James Gee"
    },
    {
        "Research Interest": "Missing",
        "Position": "Adjunct Assistant Professor",
        "Name": "Justin Gottschlich"
    },
    {
        "Research Interest": "Missing",
        "Position": "Lecturer",
        "Name": "Clayton Greenberg"
    },
    {
        "Research Interest": "Missing",
        "Position": "Research Assistant Professor",
        "Name": "Sharath Chandra Guntuku"
    },
    {
        "Research Interest": "Missing",
        "Position": "Associate Professor",
        "Name": "Andreas Haeberlen"
    },
    {
        "Research Interest": "Missing",
        "Position": "Assistant Professor",
        "Name": "Hamed Hassani"
    },
    {
        "Research Interest": "Missing",
        "Position": "Research Assistant Professor",
        "Name": "Brett Hemenway"
    },
    {
        "Research Interest": "Missing",
        "Position": "Adjunct Associate Professor",
        "Name": "Nadia Heninger"
    },
    {
        "Research Interest": "Missing",
        "Position": " Adani President\\'s Distinguished Professor and Chair",
        "Name": "Zachary G. Ives"
    },
    {
        "Research Interest": "Missing",
        "Position": "Assistant Professor",
        "Name": "Dinesh Jayaraman"
    },
    {
        "Research Interest": "Missing",
        "Position": "Adjunct Professor",
        "Name": "Limin Jia"
    },
    {
        "Research Interest": "Missing",
        "Position": "Assistant Professor",
        "Name": "Chenfanfu Jiang"
    },
    {
        "Research Interest": "Missing",
        "Position": "Professor of Learning Sciences and",
        "Name": "Yasmin Kafai"
    },
    {
        "Research Interest": "Missing",
        "Position": "Henry Salvatori Professor",
        "Name": "Sampath K. Kannan"
    },
    {
        "Research Interest": "Missing",
        "Position": "Adjunct Assistant Professor ",
        "Name": "Ladislav Kavan"
    },
    {
        "Research Interest": "Missing",
        "Position": "National Center Professor of Management &amp; Technology",
        "Name": "Michael Kearns"
    },
    {
        "Research Interest": "Missing",
        "Position": "Henry Salvatori Professor ",
        "Name": "Sanjeev Khanna"
    },
    {
        "Research Interest": "Missing",
        "Position": "Professor of Biology and ",
        "Name": "Junhyong Kim"
    },
    {
        "Research Interest": "Missing",
        "Position": "Lecturer",
        "Name": "Bongho Kim"
    },
    {
        "Research Interest": "Missing",
        "Position": "Director, PERCH and Alfred Fitler Moore Professor",
        "Name": "Daniel E. Koditschek"
    },
    {
        "Research Interest": "Missing",
        "Position": "Penn Integrates Knowledge University Professor of Neuroscience and Bioengineering",
        "Name": "Konrad Kording"
    },
    {
        "Research Interest": "Missing",
        "Position": "Research and Education Director at The Wharton School and Lecturer",
        "Name": "Brandon Krakowsky"
    },
    {
        "Research Interest": "Missing",
        "Position": "Nemirovsky Family Dean, Penn Engineering and Professor",
        "Name": "Vijay Kumar"
    },
    {
        "Research Interest": "Missing",
        "Position": "Practice Professor",
        "Name": "Stephen Lane"
    },
    {
        "Research Interest": "Missing",
        "Position": "Cecilia Fitler Moore Professor ",
        "Name": "Insup Lee"
    },
    {
        "Research Interest": "Missing",
        "Position": "Professor",
        "Name": "Benjamin C. Lee"
    },
    {
        "Research Interest": "Missing",
        "Position": "Eduardo D. Glandt Faculty Fellow and Associate Professor",
        "Name": "Jing (Jane) Li"
    },
    {
        "Research Interest": "Missing",
        "Position": "Trustee Professor of Linguistics and Professor",
        "Name": "Mark Liberman"
    },
    {
        "Research Interest": "Missing",
        "Position": "Assistant Professor",
        "Name": "Vincent Liu"
    },
    {
        "Research Interest": "Missing",
        "Position": "RCA Professor of Artificial Intelligence; Associate Dean (Graduate Programs)",
        "Name": "Boon Thau Loo"
    },
    {
        "Research Interest": "Missing",
        "Position": "Research Assistant Professor",
        "Name": "Kristian Lum"
    },
    {
        "Research Interest": "Missing",
        "Position": "Senior Lecturer",
        "Name": "Adam Mally"
    },
    {
        "Research Interest": "Missing",
        "Position": "Associate Professor",
        "Name": "Rahul Mangharam"
    },
    {
        "Research Interest": "Missing",
        "Position": "Professor Emeritus",
        "Name": "Mitchell P. Marcus"
    },
    {
        "Research Interest": "Missing",
        "Position": "Professor",
        "Name": "Max Mintz"
    },
    {
        "Research Interest": "Missing",
        "Position": "Practice Associate Professor",
        "Name": "Chris Murphy"
    },
    {
        "Research Interest": "Missing",
        "Position": "Professor",
        "Name": "Mayur Naik"
    },
    {
        "Research Interest": "Missing",
        "Position": "Associate Professor",
        "Name": "Ani Nenkova"
    },
    {
        "Research Interest": "Missing",
        "Position": "UPS Foundation Professor of Transportation and Chair",
        "Name": "George J. Pappas"
    },
    {
        "Research Interest": "Missing",
        "Position": "Professor Emeritus",
        "Name": "Richard P. Paul"
    },
    {
        "Research Interest": "Missing",
        "Position": "Professor of Mathematics and ",
        "Name": "Robin Pemantle"
    },
    {
        "Research Interest": "Missing",
        "Position": "Associate Professor",
        "Name": "Linh Thi Xuan Phan"
    },
    {
        "Research Interest": "Missing",
        "Position": "Henry Salvatori Professor",
        "Name": "Benjamin C. Pierce"
    },
    {
        "Research Interest": "Missing",
        "Position": "Professor of Biology and ",
        "Name": "Joshua Plotkin"
    },
    {
        "Research Interest": "Missing",
        "Position": "Assistant Professor",
        "Name": "Michael Posa"
    },
    {
        "Research Interest": "Missing",
        "Position": "Professor Emeritus",
        "Name": "Noah Prywes"
    },
    {
        "Research Interest": "Missing",
        "Position": "Professor",
        "Name": "Tal Rabin"
    },
    {
        "Research Interest": "Missing",
        "Position": "Professor",
        "Name": "Aaron Roth"
    },
    {
        "Research Interest": "Missing",
        "Position": "Eduardo D. Glandt Distinguished Professor",
        "Name": "Dan Roth"
    },
    {
        "Research Interest": "Missing",
        "Position": "Professor of Medicine and ",
        "Name": "Harvey Rubin"
    },
    {
        "Research Interest": "Missing",
        "Position": "Professor of Mathematics and ",
        "Name": "Andre Scedrov"
    },
    {
        "Research Interest": "Missing",
        "Position": "Practice Associate Professor",
        "Name": "Swapneel Sheth"
    },
    {
        "Research Interest": "Missing",
        "Position": "Professor",
        "Name": "Jianbo Shi"
    },
    {
        "Research Interest": "Missing",
        "Position": "Lecturer",
        "Name": "Harry Smith"
    },
    {
        "Research Interest": "Missing",
        "Position": "Olga and Alberico Pompa Professor",
        "Name": "Jonathan M. Smith"
    },
    {
        "Research Interest": "Missing",
        "Position": "Research Professor ",
        "Name": "Oleg Sokolsky"
    },
    {
        "Research Interest": "Missing",
        "Position": "Adjunct Professor",
        "Name": "Mark Steedman"
    },
    {
        "Research Interest": "Missing",
        "Position": "Gabel Family Term Assistant Professor",
        "Name": "Cynthia Sung"
    },
    {
        "Research Interest": "Missing",
        "Position": "Professor",
        "Name": "Val B. Tannen"
    },
    {
        "Research Interest": "Missing",
        "Position": "Raymond S. Markowitz President&rsquo;s Distinguished Professor",
        "Name": "Camillo J. Taylor"
    },
    {
        "Research Interest": "Missing",
        "Position": "Professor ",
        "Name": "Lyle H. Ungar"
    },
    {
        "Research Interest": "Missing",
        "Position": "George A. Weiss and Lydia Bravo Weiss University Professor and Professor",
        "Name": "Rakesh Vohra"
    },
    {
        "Research Interest": "Missing",
        "Position": "Stevens University Professor and Professor",
        "Name": "Duncan Watts"
    },
    {
        "Research Interest": "Missing",
        "Position": "Adjunct Professor",
        "Name": "Bonnie Webber"
    },
    {
        "Research Interest": "Missing",
        "Position": "Research Assistant Professor",
        "Name": "James Weimer"
    },
    {
        "Research Interest": "Missing",
        "Position": "Professor of Philosophy and ",
        "Name": "Scott Weinstein"
    },
    {
        "Research Interest": "Missing",
        "Position": "ENIAC President\\'s Distinguished Professor",
        "Name": "Stephanie Weirich"
    },
    {
        "Research Interest": "Missing",
        "Position": "Professor of Linguistics and",
        "Name": "Charles Yang"
    },
    {
        "Research Interest": "Missing",
        "Position": "Asa Whitney Professor of Mechanical Engineering And Director General Robotics, Automation, Sensing and Perception (GRASP) Laboratory",
        "Name": "Mark Yim"
    },
    {
        "Research Interest": "Missing",
        "Position": "Professor of Law, Communication and",
        "Name": "Christopher S. Yoo"
    },
    {
        "Research Interest": "Missing",
        "Position": "Adjunct Assistant Professor",
        "Name": "Stella Yu"
    },
    {
        "Research Interest": "Missing",
        "Position": "Professor ",
        "Name": "Stephan A. Zdancewic"
    }
]