[
    {
        "Research Interest": "Missing",
        "Name": "Albert, Michael",
        "Position": "Assistant Professor- Darden Business School, Assistant Professor- Engineering Systems &amp; Environment, Assistant Professor- Computer Science",
        "Email": "albertm@darden.virginia.edu",
        "Phone number": "Missing"
    },
    {
        "Research Interest": "Google Scholar",
        "Name": "Apostolellis, Panagiotis ",
        "Position": "Assistant Professor, Academic General Faculty, Computer Science",
        "Email": "panaga@virginia.edu",
        "Phone number": "Missing"
    },
    {
        "Research Interest": "Google Scholar",
        "Name": "Barrett, Christopher L.",
        "Position": "Executive Director, Biocomplexity Institute, Distinguished Professor in Biocomplexity, Biocomplexity Institute, Professor of Computer Science, School of Engineering and Applied Science",
        "Email": "ChrisBarrett@virginia.edu",
        "Phone number": "Missing"
    },
    {
        "Research Interest": "Missing",
        "Name": "Basit, Nada",
        "Position": "Assistant Professor, Academic General Faculty, Computer Science",
        "Email": "basit@virginia.edu",
        "Phone number": "Missing"
    },
    {
        "Research Interest": "Google Scholar",
        "Name": "Behl, Madhur",
        "Position": "Assistant Professor, Computer Science, Engineering Systems and Environment, Cyber-Physical Systems Link Lab, Cavalier Autonomous Racing",
        "Email": "madhur.behl@virginia.edu",
        "Phone number": "Missing"
    },
    {
        "Research Interest": "Missing",
        "Name": "Bloomfield, Aaron",
        "Position": "Professor, Academic General Faculty, Computer Science",
        "Email": "aaron@virginia.edu",
        "Phone number": "Missing"
    },
    {
        "Research Interest": "Missing",
        "Name": "Brunelle, Nathan",
        "Position": "Assistant Professor, Academic General Faculty, Computer Science",
        "Email": "njb2b@virginia.edu",
        "Phone number": "Missing"
    },
    {
        "Research Interest": "Google Scholar",
        "Name": "Campbell, Brad",
        "Position": "Assistant Professor , Computer Science and Electrical Engineering",
        "Email": "bradjc@virginia.edu",
        "Phone number": "Missing"
    },
    {
        "Research Interest": "Missing",
        "Name": "Cohoon, James",
        "Position": "Associate Professor, Computer Science",
        "Email": "jpc@virginia.edu",
        "Phone number": "Missing"
    },
    {
        "Research Interest": "Missing",
        "Name": "Davidson, Jack W.",
        "Position": "Professor, Computer Science, Director, Cyber Defense Program of Study",
        "Email": "jwd@virginia.edu",
        "Phone number": "Missing"
    },
    {
        "Research Interest": "Missing",
        "Name": "Dill, Craig",
        "Position": "Lecturer, Academic General Faculty, Computer Science",
        "Email": "cd9au@virginia.edu",
        "Phone number": "Missing"
    },
    {
        "Research Interest": "Missing",
        "Name": "Dwyer, Matthew",
        "Position": "John Knight CS Faculty Fellow and Professor, Computer Science",
        "Email": "matthewbdwyer@virginia.edu",
        "Phone number": "Missing"
    },
    {
        "Research Interest": "Google Scholar",
        "Name": "Elbaum, Sebastian",
        "Position": "Anita Jones Faculty Fellow and Professor, Computer Science",
        "Email": "selbaum@virginia.edu",
        "Phone number": "Missing"
    },
    {
        "Research Interest": "Google Scholar",
        "Name": "Evans, David",
        "Position": "Professor, Computer Science",
        "Email": "evans@virginia.edu",
        "Phone number": "Missing"
    },
    {
        "Research Interest": "Missing",
        "Name": "Farnoud, Farzad",
        "Position": "Assistant Professor, Electrical and Computer Engineering, Computer Science",
        "Email": "Google Scholar",
        "Phone number": "Missing"
    },
    {
        "Research Interest": "Google Scholar",
        "Name": "Feng, Lu",
        "Position": "Assistant Professor, Computer Science, Engineering Systems &amp; Environment",
        "Email": "lu.feng@virginia.edu",
        "Phone number": "Missing"
    },
    {
        "Research Interest": "Google Scholar",
        "Name": "Fletcher, Tom",
        "Position": "Associate Professor, Electrical and Computer Engineering, Computer Science",
        "Email": "ptf8v@virginia.edu",
        "Phone number": "Missing"
    },
    {
        "Research Interest": "Missing",
        "Name": "Floryan, Mark Richard",
        "Position": "Assistant Professor, Academic General Faculty, Computer Science",
        "Email": "mfloryan@virginia.edu",
        "Phone number": "Missing"
    },
    {
        "Research Interest": "Google Scholar",
        "Name": "Graham, Daniel G. ",
        "Position": "Assistant Professor, Academic General Faculty, Computer Science",
        "Email": "dgg6b@virginia.edu",
        "Phone number": "Missing"
    },
    {
        "Research Interest": "Missing",
        "Name": "Grimshaw, Andrew",
        "Position": "Professor, Computer Science",
        "Email": "grimshaw@virginia.edu",
        "Phone number": "Missing"
    },
    {
        "Research Interest": "Google Scholar",
        "Name": "Heo, Seongkook",
        "Position": "Alfred Weaver Career Enhancement Assistant Professor, Computer Science",
        "Email": "seongkook@virginia.edu",
        "Phone number": "Missing"
    },
    {
        "Research Interest": "Google Scholar",
        "Name": "Horton, Thomas B.",
        "Position": "Associate Professor, Academic General Faculty, Associate Department Chair",
        "Email": "horton@virginia.edu",
        "Phone number": "Missing"
    },
    {
        "Research Interest": "Google Scholar",
        "Name": "Hott, John R.",
        "Position": "Assistant Professor, Academic General Faculty, Computer Science",
        "Email": "jh2jf@virginia.edu",
        "Phone number": "Missing"
    },
    {
        "Research Interest": "Google Scholar",
        "Name": "Humphrey, Marty",
        "Position": "Associate Professor, Computer Science",
        "Email": "humphrey@virginia.edu",
        "Phone number": "Missing"
    },
    {
        "Research Interest": "Google Scholar",
        "Name": "Ji, Yangfeng ",
        "Position": "William Wulf Career Enhancement Assistant Professor, Computer Science",
        "Email": "yangfeng@virginia.edu",
        "Phone number": "Missing"
    },
    {
        "Research Interest": "Google Scholar",
        "Name": "Khan, Samira",
        "Position": "Assistant Professor, Computer Science",
        "Email": "samirakhan@virginia.edu",
        "Phone number": "Missing"
    },
    {
        "Research Interest": "Google Scholar",
        "Name": "Kwon, Yonghwi",
        "Position": "John Knight Career Enhancement Assistant Professor, Computer Science",
        "Email": "yongkwon@virginia.edu",
        "Phone number": "Missing"
    },
    {
        "Research Interest": "Google Scholar",
        "Name": "Li, Jundong",
        "Position": "Assistant Professor, Electrical and Computer Engineering, Computer Science, Data Science",
        "Email": "jl6qk@virginia.edu",
        "Phone number": "Missing"
    },
    {
        "Research Interest": "Missing",
        "Name": "Lin, Felix Xiaozhu",
        "Position": "Associate Professor, Computer Science",
        "Email": "xl6yq@virginia.edu",
        "Phone number": "Missing"
    },
    {
        "Research Interest": "Missing",
        "Name": "Mahmoody, Mohammad",
        "Position": "Associate Professor, Computer Science",
        "Email": "mohammad@virginia.edu",
        "Phone number": "Missing"
    },
    {
        "Research Interest": "Google Scholar",
        "Name": "Marathe, Madhav",
        "Position": "Professor, Computer Science, Distinguished Professor in Biocomplexity, Biocomplexity Institute, Division Director, Network Systems Science and Advanced Computing Division, Biocomplexity Institute ",
        "Email": "mvm7hz@virginia.edu",
        "Phone number": "Missing"
    },
    {
        "Research Interest": "Missing",
        "Name": "Martin, Worthy",
        "Position": "Associate Professor of Computer Science, Acting Director, Institute for Advanced Technology in the Humanities",
        "Email": "martin@virginia.edu",
        "Phone number": "Missing"
    },
    {
        "Research Interest": "Google Scholar",
        "Name": "McBurney, Paul &quot;Will&quot;",
        "Position": "Assistant Professor, Academic General Faculty, Computer Science (Beginning August 2019)",
        "Email": "pm8fc@virginia.edu",
        "Phone number": "Missing"
    },
    {
        "Research Interest": "Google Scholar",
        "Name": "Nguyen, N. Rich ",
        "Position": "Assistant Professor, Academic General Faculty, Computer Science",
        "Email": "nn4pj@virginia.edu",
        "Phone number": "Missing"
    },
    {
        "Research Interest": "Missing",
        "Name": "Ordonez-Roman, Vicente",
        "Position": "Assistant Professor, Computer Science",
        "Email": "vicente@virginia.edu",
        "Phone number": "Missing"
    },
    {
        "Research Interest": "Missing",
        "Name": "Orrico, Elizabeth",
        "Position": "Lecturer, Computer Science",
        "Email": "emo7bf@virginia.edu",
        "Phone number": "Missing"
    },
    {
        "Research Interest": "Missing",
        "Name": "Pettit, Ray",
        "Position": "Assistant Professor, Academic General Faculty, Computer Science",
        "Email": "Missing",
        "Phone number": "Missing"
    },
    {
        "Research Interest": "Missing",
        "Name": "Pinckney, Tom",
        "Position": "Adjunct Lecturer, Computer Science, VP Search and Advertising at eBay",
        "Email": "tp3ks@virginia.edu",
        "Phone number": "Missing"
    },
    {
        "Research Interest": "Missing",
        "Name": "Praphamontripong, Upsorn",
        "Position": "Assistant Professor, Academic General Faculty, Computer Science",
        "Email": "upsorn@virginia.edu",
        "Phone number": "Missing"
    },
    {
        "Research Interest": "Google Scholar",
        "Name": "Qi, Yanjun",
        "Position": "Associate Professor, Computer Science, Adjunct Faculty, Data Science Institute , Adjunct Faculty, School of Medicine Center of Public Genomics ",
        "Email": "yanjun@virginia.edu",
        "Phone number": "Missing"
    },
    {
        "Research Interest": "Missing",
        "Name": "Reiss, Charles",
        "Position": "Assistant Professor, Academic General Faculty, Computer Science",
        "Email": "creiss@virginia.edu",
        "Phone number": "Missing"
    },
    {
        "Research Interest": "Google Scholar",
        "Name": "Shen, Haiying",
        "Position": "Associate Professor, Computer Science, Electrical and Computer Engineering, Engineering Systems and Environment",
        "Email": "hs6ms@virginia.edu",
        "Phone number": "Missing"
    },
    {
        "Research Interest": "Google Scholar",
        "Name": "Sherriff, Mark",
        "Position": "Professor, Academic General Faculty, Computer Science",
        "Email": "sherriff@virginia.edu",
        "Phone number": "Missing"
    },
    {
        "Research Interest": "Google Scholar",
        "Name": "Skadron, Kevin",
        "Position": "Harry Douglas Forsyth Professor and Chair of Computer Science, ACM and IEEE Fellow",
        "Email": "skadron@virginia.edu",
        "Phone number": "Missing"
    },
    {
        "Research Interest": "Google Scholar",
        "Name": "Soffa, Mary Lou",
        "Position": "Owens R. Cheatham Professor of Sciences",
        "Email": "soffa@virginia.edu",
        "Phone number": "Missing"
    },
    {
        "Research Interest": "Google Scholar",
        "Name": "Stankovic, John A.",
        "Position": "BP America Professor, Director, Link Lab",
        "Email": "stankovic@cs.virginia.edu",
        "Phone number": "Missing"
    },
    {
        "Research Interest": "Missing",
        "Name": "Stone, Derrick",
        "Position": "Lecturer, Computer Science, Director of Software Development, UVA Health System",
        "Email": "Missing",
        "Phone number": "Missing"
    },
    {
        "Research Interest": "Missing",
        "Name": "Sullivan, Kevin",
        "Position": "Associate Professor, Computer Science",
        "Email": "sullivan@virginia.edu",
        "Phone number": "Missing"
    },
    {
        "Research Interest": "Google Scholar",
        "Name": "Sun, Yixin",
        "Position": "Anita Jones Career Enhancement Assistant Professor, Computer Science, Electrical and Computer Engineering",
        "Email": "ys3ks@virginia.edu",
        "Phone number": "Missing"
    },
    {
        "Research Interest": "Google Scholar",
        "Name": "Tian, Yuan",
        "Position": "Assistant Professor, Computer Science",
        "Email": "yt2e@virginia.edu",
        "Phone number": "Missing"
    },
    {
        "Research Interest": "Missing",
        "Name": "Tychonievich, Luther A.",
        "Position": "Assistant Professor, Academic General Faculty, Computer Science",
        "Email": "tychonievich@virginia.edu",
        "Phone number": "Missing"
    },
    {
        "Research Interest": "Google Scholar",
        "Name": "Venkat, Ashish",
        "Position": "William Wulf Career Enhancement Assistant Professor, Computer Science",
        "Email": "&lt;lastname&gt;@virginia.edu",
        "Phone number": "Missing"
    },
    {
        "Research Interest": "Google Scholar",
        "Name": "Vullikanti, Anil",
        "Position": "Professor, Computer Science, University of Virginia Biocomplexity Institute",
        "Email": "asv9v@virginia.edu",
        "Phone number": "Missing"
    },
    {
        "Research Interest": "Google Scholar",
        "Name": "Wang, Hongning",
        "Position": "Assistant Professor, Computer Science",
        "Email": "hw5x@virginia.edu",
        "Phone number": "Missing"
    },
    {
        "Research Interest": "Google Scholar",
        "Name": "Whitehouse, Kamin",
        "Position": "Commonwealth Associate Professor, (currently on leave)",
        "Email": "whitehouse@virginia.edu",
        "Phone number": "Missing"
    },
    {
        "Research Interest": "Google Scholar",
        "Name": "Wu, David ",
        "Position": "Anita Jones Career Enhancement Assistant Professor, Computer Science",
        "Email": "dwu4@virginia.edu",
        "Phone number": "Missing"
    },
    {
        "Research Interest": "Google Scholar",
        "Name": "Xu, Haifeng",
        "Position": "Alan Batson Career Enhancement Assistant Professor, Computer Science",
        "Email": "hx4ad@virginia.edu",
        "Phone number": "Missing"
    },
    {
        "Research Interest": "Missing",
        "Name": "Zhang, Aidong",
        "Position": "William Wulf Faculty Fellow and Professor, Computer Science, Biomedical Engineering, and Data Science",
        "Email": "aidong@virginia.edu",
        "Phone number": "Missing"
    },
    {
        "Research Interest": "Missing",
        "Name": "Zhang, Miaomiao",
        "Position": "Assistant Professor, Electrical and Computer Engineering, Assistant Professor, Computer Science",
        "Email": "Google Scholar",
        "Phone number": "Missing"
    }
]