[
    {
        "Research Interest": "Missing",
        "Position": "Associate Professor",
        "Name": "Kunal Agrawal",
        "Phone number": "Missing"
    },
    {
        "Research Interest": "Missing",
        "Position": "Professor",
        "Name": "Sanjoy Baruah",
        "Phone number": "Missing"
    },
    {
        "Research Interest": "Missing",
        "Position": "Lecturer",
        "Name": "Hila Ben Abraham",
        "Phone number": "Missing"
    },
    {
        "Research Interest": "Missing",
        "Position": "Dean",
        "Name": "Aaron Bobick",
        "Phone number": "Missing"
    },
    {
        "Research Interest": "Missing",
        "Position": "Professor",
        "Name": "Michael Brent",
        "Phone number": "Missing"
    },
    {
        "Research Interest": "Missing",
        "Position": "Professor",
        "Name": "Jeremy Buhler",
        "Phone number": "Missing"
    },
    {
        "Research Interest": "Missing",
        "Position": "Assistant Professor",
        "Name": "Ayan Chakrabarti",
        "Phone number": "Missing"
    },
    {
        "Research Interest": "Missing",
        "Position": "Professor",
        "Name": "Roger Chamberlain",
        "Phone number": "Missing"
    },
    {
        "Research Interest": "Missing",
        "Position": "Professor",
        "Name": "Yixin Chen",
        "Phone number": "Missing"
    },
    {
        "Research Interest": "Missing",
        "Position": "Lecturer",
        "Name": "Steve Cole",
        "Phone number": "Missing"
    },
    {
        "Research Interest": "Missing",
        "Position": "Professor of Practice",
        "Name": "Dennis Cosgrove",
        "Phone number": "Missing"
    },
    {
        "Research Interest": "Missing",
        "Position": "Professor",
        "Name": "Patrick Crowley",
        "Phone number": "Missing"
    },
    {
        "Research Interest": "Missing",
        "Position": "Professor",
        "Name": "Ron Cytron",
        "Phone number": "Missing"
    },
    {
        "Research Interest": "Missing",
        "Position": "Assistant Professor",
        "Name": "Roman Garnett",
        "Phone number": "Missing"
    },
    {
        "Research Interest": "Missing",
        "Position": "Lecturer",
        "Name": "Brian Garnett",
        "Phone number": "Missing"
    },
    {
        "Research Interest": "Missing",
        "Position": "Professor",
        "Name": "Christopher Gill",
        "Phone number": "Missing"
    },
    {
        "Research Interest": "Missing",
        "Position": "Department Chair &amp; Professor",
        "Name": "Roch Gu\\xc3\\xa9rin",
        "Phone number": "Missing"
    },
    {
        "Research Interest": "Missing",
        "Position": "Assistant Professor",
        "Name": "Chien-Ju Ho",
        "Phone number": "Missing"
    },
    {
        "Research Interest": "Missing",
        "Position": "Professor",
        "Name": "Raj Jain",
        "Phone number": "Missing"
    },
    {
        "Research Interest": "Missing",
        "Position": "Vice Dean &amp; Professor",
        "Name": "Tao Ju",
        "Phone number": "Missing"
    },
    {
        "Research Interest": "Missing",
        "Position": "Assistant Professor",
        "Name": "Brendan Juba",
        "Phone number": "Missing"
    },
    {
        "Research Interest": "Missing",
        "Position": "Assistant Professor",
        "Name": "Ulugbek Kamilov",
        "Phone number": "Missing"
    },
    {
        "Research Interest": "Missing",
        "Position": "Associate Professor",
        "Name": "Caitlin Kelleher",
        "Phone number": "Missing"
    },
    {
        "Research Interest": "Missing",
        "Position": "Assistant Professor",
        "Name": "I-Ting Angelina Lee",
        "Phone number": "Missing"
    },
    {
        "Research Interest": "Missing",
        "Position": "Professor",
        "Name": "Chenyang Lu",
        "Phone number": "Missing"
    },
    {
        "Research Interest": "Missing",
        "Position": "Senior Lecturer",
        "Name": "Marion Neumann",
        "Phone number": "Missing"
    },
    {
        "Research Interest": "Missing",
        "Position": "Lecturer",
        "Name": "James Orr",
        "Phone number": "Missing"
    },
    {
        "Research Interest": "Missing",
        "Position": "Assistant Professor",
        "Name": "Alvitta Ottley",
        "Phone number": "Missing"
    },
    {
        "Research Interest": "Missing",
        "Position": "Professor",
        "Name": "Neal Patwari",
        "Phone number": "Missing"
    },
    {
        "Research Interest": "Missing",
        "Position": "Assistant Professor",
        "Name": "Netanel Raviv",
        "Phone number": "Missing"
    },
    {
        "Research Interest": "Missing",
        "Position": "Associate Professor",
        "Name": "William Richard",
        "Phone number": "Missing"
    },
    {
        "Research Interest": "Missing",
        "Position": "Lecturer",
        "Name": "Jonathan Shidal",
        "Phone number": "Missing"
    },
    {
        "Research Interest": "Missing",
        "Position": "Senior Lecturer",
        "Name": "Doug Shook",
        "Phone number": "Missing"
    },
    {
        "Research Interest": "Missing",
        "Position": "Teaching Professor",
        "Name": "Bill Siever",
        "Phone number": "Missing"
    },
    {
        "Research Interest": "Missing",
        "Position": "Teaching Professor",
        "Name": "Todd Sproull",
        "Phone number": "Missing"
    },
    {
        "Research Interest": "Missing",
        "Position": "Associate Professor",
        "Name": "Yevgeniy Vorobeychik",
        "Phone number": "Missing"
    },
    {
        "Research Interest": "Missing",
        "Position": "Associate Professor",
        "Name": "William Yeoh",
        "Phone number": "Missing"
    },
    {
        "Research Interest": "Missing",
        "Position": "Professor",
        "Name": "Weixiong Zhang",
        "Phone number": "Missing"
    },
    {
        "Research Interest": "Missing",
        "Position": "Assistant Professor",
        "Name": "Ning Zhang",
        "Phone number": "Missing"
    },
    {
        "Research Interest": "Missing",
        "Position": "Senior Professor",
        "Name": "Jonathan Turner",
        "Phone number": "Missing"
    }
]