[
    {
        "Research Interest": ": 757-221-1993",
        "Position": "Provost",
        "Name": ": The Brafferton, room 102",
        "Phone number": ": provost@wm.edu"
    },
    {
        "Research Interest": ": ochaparroarena@wm.edu",
        "Position": "Assistant Professor",
        "Name": ": McGlothlin-Street Hall 311",
        "Phone number": ": http://ojcchar.github.io"
    },
    {
        "Research Interest": ": [[cs|tadavis]]",
        "Position": "Lecturer",
        "Name": ": McGlothlin-Street Hall 133",
        "Phone number": ": 757-221-3436"
    },
    {
        "Research Interest": ": [[cs|jwdeve]]",
        "Position": "Senior Lecturer",
        "Name": ": McGlothlin-Street Hall 314",
        "Phone number": ": 757-221-3454"
    },
    {
        "Research Interest": ": [[cs|dmitry]]",
        "Position": "Assistant Professor",
        "Name": ": McGlothlin-Street Hall 141",
        "Phone number": ": 757-221-3465"
    },
    {
        "Research Interest": ": thu03@wm.edu",
        "Position": "Assistant Professor",
        "Name": ": McGlothlin-Street Hall 136",
        "Phone number": ": {{http://www.cs.wm.edu/~thu}}"
    },
    {
        "Research Interest": ": [[ajog]]",
        "Position": "Assistant Professor",
        "Name": ": McGlothlin-Street Hall 111",
        "Phone number": ": 757-221-1434"
    },
    {
        "Research Interest": ": [[cs|kemper]]",
        "Position": "Associate Professor",
        "Name": ": McGlothlin-Street Hall 104A",
        "Phone number": ": 757-221-3462"
    },
    {
        "Research Interest": ": [[aakhargonkar]]",
        "Position": "Lecturer",
        "Name": ": McGlothlin-Street Hall 314",
        "Phone number": "Missing"
    },
    {
        "Research Interest": ": pkumar@wm.edu",
        "Position": "Assistant Professor",
        "Name": ": McGlothlin-Street Hall 135",
        "Phone number": ": 757-221-3992"
    },
    {
        "Research Interest": ": McGlothlin-Street Hall 127",
        "Position": "Chair and Associate Professor",
        "Name": ": McGlothlin-Street Hall 329",
        "Phone number": ": [[cs|rml]]"
    },
    {
        "Research Interest": ": [[cs|liqun]]",
        "Position": "Professor",
        "Name": ": McGlothlin-Street Hall 118",
        "Phone number": ": 757-221-3478"
    },
    {
        "Research Interest": ": [[cs|zliu]]",
        "Position": "Assistant Professor",
        "Name": ": McGlothlin-Street Hall 108",
        "Phone number": ": 757-221-3470"
    },
    {
        "Research Interest": ": [[cs|wm]]",
        "Position": "Professor",
        "Name": ": McGlothlin-Street Hall 114",
        "Phone number": ": 757-221-3472"
    },
    {
        "Research Interest": ": [[cs|nadkarni]]",
        "Position": "Assistant Professor",
        "Name": ": McGlothlin-Street Hall 104C",
        "Phone number": ": 757-221-2984"
    },
    {
        "Research Interest": ": [[cs|ppeers]]",
        "Position": "Associate Professor",
        "Name": ": McGlothlin-Street Hall 115",
        "Phone number": ": 757-221-3466"
    },
    {
        "Research Interest": ": [[cs|denys]]",
        "Position": "Professor",
        "Name": ": McGlothlin-Street Hall 105",
        "Phone number": ": 757-221-3476"
    },
    {
        "Research Interest": ": [[cs|bren]]",
        "Position": "Assistant Professor",
        "Name": ": McGlothlin-Street Hall 116",
        "Phone number": ": 757-221-3457"
    },
    {
        "Research Interest": ": [[cashenefiel]]",
        "Position": "Adjunct Lecturer",
        "Name": ": McGlothlin-Street Hall 106",
        "Phone number": ": 757-221-3465"
    },
    {
        "Research Interest": ": [[cs|esmirni]]",
        "Position": "Professor",
        "Name": ": McGlothlin-Street Hall 103",
        "Phone number": ": 757-221-3580"
    },
    {
        "Research Interest": ": [[cs|andreas]]",
        "Position": "Professor",
        "Name": ": McGlothlin-Street Hall 104B",
        "Phone number": ": 757-221-3483"
    },
    {
        "Research Interest": ": [[w|astefanidis]]",
        "Position": "Professor",
        "Name": ": McGlothlin-Street Hall 314",
        "Phone number": "Missing"
    },
    {
        "Research Interest": ": ysun25@wm.edu",
        "Position": "Assistant Professor",
        "Name": ": McGlothlin-Street Hall 117",
        "Phone number": ": 757-221-7739"
    },
    {
        "Research Interest": ": [[vjtorc]]",
        "Position": "Dean of Graduate Studies and Research and Chancellor Professor of Computer Science",
        "Name": ": Stetson House",
        "Phone number": ": 757-221-3460"
    },
    {
        "Research Interest": ": [[mgwhite]]",
        "Position": "Adjunct Lecturer",
        "Name": ": McGlothlin-Street Hall 106",
        "Phone number": "Missing"
    },
    {
        "Research Interest": ": [[dlwillner]]",
        "Position": "Lecturer",
        "Name": ": McGlothlin-Street Hall 328",
        "Phone number": ": 757-221-1702"
    },
    {
        "Research Interest": ": [[cs|gzhou]]",
        "Position": "Professor",
        "Name": ": McGlothlin-Street Hall 134",
        "Phone number": ": 757-221-3458"
    }
]