[
    {
        "Name": "Dana Angluin",
        "Research Interest": ", B.A., Ph.D. University of California at Berkeley, 1969, 1976. Joined Yale Faculty 1979. ",
        "Position": "Professor of Computer Science ",
        "Email": "dana.angluin@yale.edu",
        "Phone number": "Phone: 203-432-1273 "
    },
    {
        "Name": "James Aspnes",
        "Research Interest": ", PhD (CS) 1992, Carnegie-Mellon University; SM (EECS) 1987, Massachusetts Institute of Technology; SB (Math) 1987, Massachusetts Institute of Technology. Joined Yale Faculty 1993. ",
        "Position": "Professor of Computer Science; Director of Undergraduate Studies Computer Science (on leave Fall 2018)",
        "Email": "james.aspnes@yale.edu",
        "Phone number": "Phone: 203-533-9862 "
    },
    {
        "Name": "Abhishek Bhattacharjee",
        "Research Interest": ", Ph.D., Electrical Engineering, Princeton University; B.Eng, Honors Electrical Engineering, McGill University. Joined Yale Faculty 2019. ",
        "Position": "Associate Professor of Computer Science ",
        "Email": "abhishek@cs.yale.edu",
        "Phone number": "Missing"
    },
    {
        "Name": "Yang Cai",
        "Research Interest": ", Ph.D., Computer Science, 2013 MIT; B.S., EECS, 2008 Peking University. Joined Yale Faculty 2019. ",
        "Position": "Assistant Professor of Computer Science and Economics",
        "Email": "yang.cai@yale.edu",
        "Phone number": "Phone: 203-432-1229"
    },
    {
        "Name": "Julie Dorsey",
        "Research Interest": ", B.S., B. Arch. 1987, M.S. 1990, Ph.D. 1993 Cornell University. Joined Yale Faculty 2002. ",
        "Position": "Frederick W. Beinecke Professor of Computer Science",
        "Email": "julie.dorsey@yale.edu",
        "Phone number": "Phone: 203-432-4249"
    },
    {
        "Name": "Stanley Eisenstat",
        "Research Interest": ", M.S., Ph.D., Stanford University, 1967, 1972; B.S., Case Institute of Technology, 1966. Joined Yale Faculty 1971. ",
        "Position": "Professor of Computer Science",
        "Email": "stanley.eisenstat@yale.edu",
        "Phone number": "Phone: 203-432-1246"
    },
    {
        "Name": "Joan Feigenbaum",
        "Research Interest": ", B.A., Mathematics, Harvard, 1981 Ph.D., Computer Science, Stanford, 1986. Joined Yale Faculty 2000. ",
        "Position": "Grace Murray Hopper Professor of Computer Science and Economics; Professor (Adjunct) of Law",
        "Email": "joan.feigenbaum@yale.edu",
        "Phone number": "Phone: 203-432-6432"
    },
    {
        "Name": "Michael Fischer",
        "Research Interest": ", B.S., University of Michigan, 1963 M.A., Ph.D., Harvard University, 1965, 1968. Joined Yale Faculty 1981. ",
        "Position": "Professor of Computer Science ",
        "Email": "michael.fischer@yale.edu",
        "Phone number": "Phone: 203-432-1270"
    },
    {
        "Name": "David Gelernter",
        "Research Interest": ", B.A., Yale University, 1976 Ph.D., The State University of New York at Stony Brook, 1982 Joined Yale Faculty 1982 ",
        "Position": "Professor of Computer Science ",
        "Email": "david.gelernter@yale.edu",
        "Phone number": "Phone: 203-432-1240 "
    },
    {
        "Name": "Anurag Khandelwal",
        "Research Interest": ", PhD Uni\\xc2\\xadversity of Cali\\xc2\\xadfor\\xc2\\xadnia, Berke\\xc2\\xadley. Joined Yale Faculty January 2020. ",
        "Position": "Assistant Professor",
        "Email": "anurag.khandelwal@yale.edu",
        "Phone number": "Missing"
    },
    {
        "Name": "Theodore Kim",
        "Research Interest": ", B.S., Cornell University, M.S., University of North Carolina, Chapel Hill, Ph.D., University of North Carolina, Chapel Hill. Joined Yale Faculty 2019. ",
        "Position": "Associate Professor of Computer Science",
        "Email": "theodore.kim@yale.edu",
        "Phone number": "Missing"
    },
    {
        "Name": "Ruzica Piskac",
        "Research Interest": ", Ph.D EPFL, Switzerland 2011. Joined Yale Faulty 2013. ",
        "Position": "Dubinsky Associate Professor of Computer Science",
        "Email": "ruzica.piskac@yale.edu",
        "Phone number": "Phone: 203-432-8001"
    },
    {
        "Name": "Dragomir Radev",
        "Research Interest": ", Ph.D. Computer Science; Columbia University ",
        "Position": "A. Bartlett Giamatti Professor of Computer Science",
        "Email": "dragomir.radev@yale.edu",
        "Phone number": "Phone: 203.436.4759"
    },
    {
        "Name": "Vladimir Rokhlin",
        "Research Interest": ", M.S., University of Vilnius in Lithuania; Ph.D., Rice University ",
        "Position": "Arthur K. Watson Professor Computer Science and Mathematics; Director of Graduate Studies in Computer Science. Joined Yale Faculty 1985.",
        "Email": "vladimir.rokhlin@yale.edu",
        "Phone number": "Phone: 203-432-1278 "
    },
    {
        "Name": "Holly Rushmeier",
        "Research Interest": ", Cornell University, Ithaca, NY Major: Mechanical Engineering BS 1977, MS 1986, PhD 1988. Joined Yale Faculty 2004. ",
        "Position": "John C. Malone Professor of Computer Science",
        "Email": "holly.rushmeier@yale.edu",
        "Phone number": "Phone: 203-432-4091"
    },
    {
        "Name": "Brian Scassellati",
        "Research Interest": ", B.S., Brain and Cognitive Science, MIT, 1995 B.S., M.Eng., Ph.D., Computer Science, MIT, 1995, 1995, 2001 Joined Yale Faculty 2001. ",
        "Position": "A. Bartlett Giamatti Professor of Computer Science and Professor of Mechanical Engineering and Materials Science",
        "Email": "brian.scassellati@yale.edu",
        "Phone number": "Phone: 203-432-1219"
    },
    {
        "Name": "Zhong Shao",
        "Research Interest": ", B.S., University of Science and Technology of China, 1988 M.A., Ph.D., Princeton University, 1991, 1994. Joined Yale Faculty 1994. ",
        "Position": "Thomas L. Kempner Professor of Computer Science; Department Chair of Computer Science Department",
        "Email": "zhong.shao@yale.edu",
        "Phone number": "Phone: 203-432-6828"
    },
    {
        "Name": "Abraham Silberschatz",
        "Research Interest": ", Ph.D. in Computer Science, State University of New York (SUNY) at Stony Brook, 1976. Joined Yale Faculty 2003. ",
        "Position": "Sidney J. Weinberg Professor Computer Science ",
        "Email": "abraham.silberschatz@yale.edu",
        "Phone number": "Phone: 203-432-4713"
    },
    {
        "Name": "Robert Soul\\xc3\\xa9",
        "Research Interest": ", Ph.D. in Computer Science, New York University, 2012; M.Sc. in Computer Science, New York University, 2006; B.A. Brown University 1999. Joined Yale Faculty 2019. ",
        "Position": "Assistant Professor of Computer Science",
        "Email": "robert.soule@yale.edu",
        "Phone number": "Phone: 203.432.1215"
    },
    {
        "Name": "Daniel Spielman",
        "Research Interest": ", B.A. Yale 1992 Ph.D. MIT 1995. Joined Yale Faculty 2005. ",
        "Position": "Sterling Professor of Computer Science and Professor of Statistics and Data Science and of Mathematics",
        "Email": "daniel.spielman@yale.edu",
        "Phone number": "Phone: 203-436-1264"
    },
    {
        "Name": "Marynel V\\xc3\\xa1zquez",
        "Research Interest": ", Robotics Ph.D., M.S., Carnegie Mellon University B.Eng., Universidad Sim\\xc3\\xb3n Bol\\xc3\\xadvar, Venezuela. ",
        "Position": "Assistant Professor of Computer Science",
        "Email": "marynel.vazquez@yale.edu",
        "Phone number": "Missing"
    },
    {
        "Name": "Nisheeth Vishnoi",
        "Research Interest": ", B. Tech., Computer Science and Engineering , Indian Institute of Technology Bombay, 1995-1999 Ph. D., Algorithms, Combinatorics and Optimization, Georgia Institute of Technology, 1999-2004. Joined Yale Faculty January 2019. ",
        "Position": "Professor of Computer Science",
        "Email": "nisheeth.vishnoi@yale.edu",
        "Phone number": "Missing"
    },
    {
        "Name": "Y. Richard Yang",
        "Research Interest": ", B.E., Tsinghua University, 1993 M.S., Ph.D., The University of Texas at Austin, 1998, 2001. Joined Yale Faculty 2001. ",
        "Position": "Professor of Computer Science and Electrical Engineering ",
        "Email": "yang.r.yang@yale.edu",
        "Phone number": "Phone: 203-432-6400"
    },
    {
        "Name": "Lin Zhong",
        "Research Interest": ", B.S and M.S. from Tsinghua Univiversity.; Ph.D. from Princeton University. Joined Yale Faculty January 2020. ",
        "Position": "Professor of Computer Science",
        "Email": "lin.zhong@yale.edu",
        "Phone number": "Phone: 203.436.9450"
    },
    {
        "Name": "Steven Zucker",
        "Research Interest": ", B. Eng., Carnegie-Mellon University, 1969 M. Eng., Ph.D., Drexel University, 1972, 1975. Joined Yale Faculty 1996. ",
        "Position": "David and Lucile Packard Professor of Computer Science and Biomedical Engineering",
        "Email": "steven.zucker@yale.edu",
        "Phone number": "Phone: 203-432-6434"
    }
]