[
{"name": "African American Studies"},
{"name": "Anthropology"},
{"name": "Architecture"},
{"name": "Art and Archaeology"},
{"name": "Astrophysical Sciences"},
{"name": "Chemistry"},
{"name": "Classics"},
{"name": "Comparative Literature"},
{"name": "Computer Science"},
{"name": "East Asian Studies"},
{"name": "Ecology and Evolutionary Biology"},
{"name": "Economics"},
{"name": "English"},
{"name": "French and Italian"},
{"name": "Geosciences"},
{"name": "German"},
{"name": "History"},
{"name": "Mathematics"},
{"name": "Molecular Biology"},
{"name": "Music"},
{"name": "Near Eastern Studies"},
{"name": "Neuroscience"},
{"name": "Philosophy"},
{"name": "Physics"},
{"name": "Politics"},
{"name": "Psychology"},
{"name": "Religion"},
{"name": "Slavic Languages and Literatures"},
{"name": "Sociology"},
{"name": "Spanish and Portuguese"},
{"name": "Woodrow Wilson School of Public and International Affairs"},
{"name": "Chemical and Biological Engineering"},
{"name": "Civil and Environmental Engineering"},
{"name": "Computer Science"},
{"name": "Electrical Engineering"},
{"name": "Mechanical and Aerospace Engineering"},
{"name": "Operations Research and Financial Engineering"}
]
